ObjectName,OrbitalRadius[km],Inclination[deg],RAAN[deg],Anomaly[deg]
STARLINK-1008,6795.16913292644,53.1521,79.5579,240.8993
STARLINK-1012,6794.37790669363,53.1559,79.8479,233.2707
STARLINK-1017,6847.98966006537,53.0466,80.0292,295.8697
STARLINK-1020,6779.24465161829,53.1568,107.6751,269.3244
STARLINK-1036,6737.0582997899,53.0423,71.887,328.9538
STARLINK-1039,6856.85425323485,53.0571,129.0183,298.0692
STARLINK-1042,6781.76523858336,53.0432,349.8997,250.0336
STARLINK-1043,6756.8799137729,53.0494,82.4909,259.151
STARLINK-1046,6778.57781015544,53.0463,108.4971,281.6027
STARLINK-1047,6840.02298053801,53.0701,51.0429,235.0346
STARLINK-1048,6742.58481727031,53.0453,53.9849,280.6715
STARLINK-1063,6795.32265415773,53.1547,120.5263,271.9664
STARLINK-1067,6714.19767973314,53.0442,85.2229,215.263
STARLINK-1068,6718.6723265473,53.042,58.9195,191.0873
STARLINK-1114,6748.93008247395,53.0394,216.5018,341.5082
STARLINK-1123,6768.05964694983,53.1432,244.8346,24.6663
STARLINK-1094,6780.25172977799,53.1517,219.5495,1.6345
STARLINK-1122,6779.52413298147,53.1537,219.7967,2.0677
STARLINK-1080,6741.75324365895,53.0427,177.7132,313.9588
STARLINK-1090,6790.77419573243,53.1472,207.6919,354.1847
STARLINK-1132,6775.77988316847,53.1485,152.113,316.5828
STARLINK-1131,6785.57750458179,53.1551,184.3538,338.9682
STARLINK-1134,6765.70414924056,53.0233,132.4704,268.9844
STARLINK-1156,6837.25401873993,53.1549,188.8323,344.0929
STARLINK-1166,6763.79799999208,53.0431,163.8879,327.9255
STARLINK-1169,6827.09380857643,53.1534,187.1591,5.3904
STARLINK-1171,6721.96870489238,53.0379,132.7553,332.3504
STARLINK-1133,6837.37218998927,53.1555,165.7486,332.4296
STARLINK-1167,6830.11363758103,53.1558,164.7318,359.4551
STARLINK-1168,6836.86483775012,53.156,166.0344,330.5054
STARLINK-1172,6827.0596253383,53.1517,166.073,356.5215
STARLINK-1153,6829.814789984,53.156,166.5576,7.4579
STARLINK-1151,6683.92420037182,53.0471,116.6699,299.3941
STARLINK-1185,6804.57016803956,53.1565,146.7021,322.5341
STARLINK-1183,6837.43581935173,53.156,150.7519,317.3801
STARLINK-1152,6795.63026637786,53.0335,105.6133,264.2467
STARLINK-1184,6900.39580149694,53.0493,165.6142,309.3119
STARLINK-1193,6741.02627254487,53.0461,116.3348,350.723
STARLINK-1143,6673.87287640279,53.0308,204.207,229.4101
STARLINK-1202,6837.98746648455,53.1565,307.7699,93.8032
STARLINK-1216,6837.00435906335,53.1557,307.713,86.6386
STARLINK-1225,6836.88307255495,53.1567,307.8805,92.1759
STARLINK-1230,6837.37707605439,53.1548,307.9014,88.9114
STARLINK-1234,6721.1103642253,53.0349,207.6451,57.5808
STARLINK-1269,6837.18820897741,53.1562,307.7665,59.9994
STARLINK-1154,6753.25612629014,53.0419,261.789,352.7669
STARLINK-1199,6837.15648455362,53.1571,292.1756,47.1127
STARLINK-1209,6747.24750074413,53.0367,222.4407,88.9814
STARLINK-1231,6858.90564415147,53.0391,287.9521,287.3238
STARLINK-1271,6836.65013384835,53.1577,292.6048,50.3093
STARLINK-1191,6824.69894779128,53.1547,265.5888,92.0563
STARLINK-1212,6743.06330928141,53.0387,235.7244,306.1135
STARLINK-1215,6836.1072006542,53.1561,266.8725,45.6703
STARLINK-1221,6809.37416069645,53.0626,168.7256,10.9574
STARLINK-1222,6778.21355976397,53.0515,234.6713,345.5775
STARLINK-1226,6809.66184722435,53.1562,262.8413,46.8692
STARLINK-1227,6809.34431513151,53.154,262.5908,55.555
STARLINK-1246,6837.06754355554,53.1557,307.6691,80.0166
STARLINK-1270,6754.91428152524,53.0399,239.3619,28.0791
STARLINK-1279,6711.4064823933,53.035,339.3749,263.9326
STARLINK-1301,6703.80406100292,53.0351,342.8509,39.2678
STARLINK-1262,6839.9278463686,53.1553,72.7631,256.8187
STARLINK-1273,6771.74924527359,53.0443,47.1595,272.1688
STARLINK-1277,6751.00302581022,53.0421,40.8885,283.6244
STARLINK-1281,6837.4304315037,53.1577,72.3127,267.0281
STARLINK-1300,6835.70434344246,53.158,72.1475,249.0797
STARLINK-1302,6742.56005541219,53.0463,36.9054,268.7602
STARLINK-1304,6754.59040046173,53.0419,38.3358,252.0613
STARLINK-1305,6730.01914740551,53.0378,16.8466,107.2191
STARLINK-1319,6712.13596930666,53.0376,7.897,250.2367
STARLINK-1266,6746.91654146032,53.0456,23.4468,169.935
STARLINK-1267,6748.44664196236,53.0437,15.1558,225.0452
STARLINK-1272,6735.18957721845,53.0397,353.6934,245.5927
STARLINK-1274,6757.15391385435,53.0203,357.9934,191.6257
STARLINK-1280,6698.10302741351,53.0366,0.3374,62.3874
STARLINK-1283,6729.96121186688,53.0403,352.6384,184.6813
STARLINK-1284,6734.76342419474,53.0401,16.1708,303.2443
STARLINK-1297,6739.65009439535,53.0413,15.1833,284.5187
STARLINK-1307,6773.91328918641,53.0526,21.8017,223.2852
STARLINK-1255,6747.32527316341,53.0346,352.3301,225.9719
STARLINK-1260,6828.2340598312,53.1562,34.5918,55.0179
STARLINK-1263,6837.17089228805,53.158,36.2148,226.9187
STARLINK-1265,6827.36267899497,53.1565,34.7488,256.7135
STARLINK-1278,6737.00043577623,53.0407,14.2714,255.1351
STARLINK-1296,6826.81485758355,53.1549,34.5532,259.1633
STARLINK-1309,6740.25214390362,53.0606,13.1897,291.012
STARLINK-1316,6825.84519889893,53.1561,34.1631,78.0441
STARLINK-1286,6751.62166162738,53.0461,19.7813,111.1982
STARLINK-1308,6747.0267332438,53.0469,39.0084,290.9536
STARLINK-1329,6725.33192871042,53.0433,328.2285,172.9567
STARLINK-1338,6741.01609903334,53.0448,330.1693,247.7825
STARLINK-1350,6829.02230705708,53.0727,296.9158,278.574
STARLINK-1362,6830.18740125792,53.1584,7.4483,156.4053
STARLINK-1368,6829.88900444345,53.1582,7.7479,193.4895
STARLINK-1371,6755.48003987997,53.0453,340.458,175.3241
STARLINK-1372,6828.3972161754,53.1571,7.1206,208.5294
STARLINK-1373,6735.27189129151,53.0453,335.2655,285.006
STARLINK-1327,6742.98544171928,53.0418,312.919,279.9662
STARLINK-1356,6749.19030270304,53.045,326.3435,29.4379
STARLINK-1357,6736.16633307412,53.0449,283.106,228.2517
STARLINK-1361,6754.15320029166,53.0428,323.4687,57.6671
STARLINK-1376,6827.3445608402,53.1574,343.9274,221.7622
STARLINK-1320,6683.13579504419,53.0386,219.0985,86.8656
STARLINK-1321,6752.10128681188,53.0424,308.5437,112.0774
STARLINK-1331,6752.49910559287,53.0456,314.0882,233.7497
STARLINK-1333,6836.47615132261,53.1575,345.6082,143.0886
STARLINK-1335,6831.32655754951,53.1547,342.1391,201.7579
STARLINK-1337,6721.10279956254,53.0452,302.8662,256.9646
STARLINK-1347,6738.82209896467,53.0388,275.4599,240.9007
STARLINK-1364,6736.61929439227,53.0439,311.4714,34.1611
STARLINK-1365,6764.73631971438,53.0455,345.6185,228.0172
STARLINK-1443,6844.544333967,53.1333,335.0069,270.0651
STARLINK-1446,6800.40749973233,53.0218,255.6748,116.081
STARLINK-1448,6739.51313025969,53.0438,297.7843,256.8799
STARLINK-1451,6900.38920140186,53.0514,345.9385,223.4679
STARLINK-1452,6765.2255709042,53.0257,274.9835,26.6177
STARLINK-1453,6737.43585528896,53.0396,258.5263,25.1353
STARLINK-1454,6744.23074349784,53.0435,300.2914,323.9224
STARLINK-1456,6747.61680399562,53.0424,295.0619,172.942
STARLINK-1458,6770.38997655813,53.0463,310.0979,353.1576
STARLINK-1460,6836.85999415053,53.1577,332.9128,155.5051
STARLINK-1392,6826.9732716133,53.1538,331.3678,128.8021
STARLINK-1394,6748.6834024439,53.0408,285.6525,156.9862
STARLINK-1402,6769.03885260895,53.0415,276.9597,122.5112
STARLINK-1404,6808.06675095945,53.1572,313.1735,130.2112
STARLINK-1413,6837.02347631417,53.1574,317.6823,108.4604
STARLINK-1417,6892.37713825119,53.0497,332.6765,197.3334
STARLINK-1420,6739.91488511011,53.0452,268.6826,224.4604
STARLINK-1422,6837.02059729098,53.1558,317.6193,130.7174
STARLINK-1351,6745.22237057993,53.0431,269.369,197.1611
STARLINK-1400,6748.95101801323,53.0426,270.3323,318.0112
STARLINK-1403,6840.13638640615,53.156,305.435,90.9161
STARLINK-1407,6721.93546680245,53.026,198.8792,316.4885
STARLINK-1411,6652.10550553067,53.0245,217.6836,355.6276
STARLINK-1423,6737.01523994286,53.043,268.2543,262.0533
STARLINK-1433,6738.33613893831,53.0428,265.6815,253.5861
STARLINK-1434,6838.83454603174,53.05,288.0305,299.9371
STARLINK-1465,6740.1060101441,53.0442,112.4655,304.7197
STARLINK-1471,6783.43757362479,53.0455,34.4005,219.5166
STARLINK-1480,6748.45629193996,53.0477,106.3425,304.3426
STARLINK-1500,6825.61937071171,53.0349,98.8328,225.6844
STARLINK-1504,6767.00688684738,53.0207,30.8783,234.1923
STARLINK-1506,6858.36651387296,53.0755,113.3991,192.66
STARLINK-1464,6781.71874727398,53.046,102.1028,300.9688
STARLINK-1477,6886.26258367712,53.0446,130.6943,337.1168
STARLINK-1478,6739.07834559139,53.0452,81.984,258.5235
STARLINK-1493,6749.08767481235,53.0463,91.9769,306.8299
STARLINK-1494,6557.40126932099,53.026,17.2308,99.1538
STARLINK-1502,6757.3906576743,53.0445,99.9959,333.5854
STARLINK-1470,6836.44937001235,53.0441,80.1099,300.0237
STARLINK-1482,6828.81761958908,53.1569,98.3361,305.9747
STARLINK-1496,6738.31925821441,53.0465,66.0772,167.2453
STARLINK-1513,6848.94068391921,53.1605,102.6847,274.9469
STARLINK-1522,6903.82771546398,53.0643,46.5836,290.3152
STARLINK-1523,6851.44045296187,53.1629,35.1269,238.4539
STARLINK-1526,6853.33564745989,53.1624,35.1808,270.3193
STARLINK-1555,6853.34173850246,53.1613,34.9345,260.1386
STARLINK-1556,6853.37918975425,53.1577,35.0293,235.2609
STARLINK-1557,6853.37841343355,53.1583,35.0107,289.2933
STARLINK-1558,6853.37379731574,53.1584,34.9746,234.1734
STARLINK-1560,6853.33732846686,53.1602,35.0483,260.6921
STARLINK-1569,6853.35648843611,53.1621,34.9531,256.5948
STARLINK-1582,6848.86064179393,53.162,34.2327,262.9767
STARLINK-1591,6853.29017407469,53.1607,35.1143,263.3846
STARLINK-1524,6848.88770579262,53.1617,21.9814,278.3178
STARLINK-1527,6848.85865947608,53.1606,21.6802,288.6881
STARLINK-1540,6848.85815569929,53.1594,21.9521,268.0145
STARLINK-1541,6688.67634986356,53.1563,2.5604,62.4035
STARLINK-1543,6848.82210758063,53.1609,21.8985,263.3331
STARLINK-1548,6848.85037548966,53.1594,21.8987,288.2341
STARLINK-1554,6848.88954802628,53.1602,21.9317,287.9857
STARLINK-1564,6853.36149566848,53.1627,22.9716,280.718
STARLINK-1570,6848.88378583353,53.1613,21.6828,267.0597
STARLINK-1572,6853.39838286066,53.1618,22.5002,264.8262
STARLINK-1573,6848.77667623967,53.1602,21.7159,250.5956
STARLINK-1577,6848.86720282909,53.1616,21.58,271.8714
STARLINK-1583,6848.85167815157,53.162,22.3199,283.1232
STARLINK-1536,6848.86015888328,53.1579,9.7004,263.8358
STARLINK-1542,6848.85693948116,53.1606,12.5552,277.6001
STARLINK-1549,6854.20373061429,53.0492,9.879,209.9835
STARLINK-1551,6848.96534896709,53.1573,9.0191,341.3248
STARLINK-1552,6848.86971277945,53.1604,9.3287,261.7644
STARLINK-1559,6827.21483883659,53.0253,338.8374,239.0243
STARLINK-1566,6848.84709648072,53.1608,9.1605,264.4614
STARLINK-1568,6780.59294111176,53.0593,287.5205,296.5515
STARLINK-1578,6848.85981309546,53.16,9.6544,260.1106
STARLINK-1579,6848.86056130881,53.1598,9.2549,272.4195
STARLINK-1622,6686.40495704137,53.0134,99.7435,111.7402
STARLINK-1623,6717.94292590014,53.0383,138.5283,78.5213
STARLINK-1596,6763.11415588204,53.0324,125.8546,302.2017
STARLINK-1597,6719.34842405443,53.0379,179.4711,313.3486
STARLINK-1606,6651.5867500852,53.0306,130.5857,159.6148
STARLINK-1608,6834.11017953578,53.1574,216.2443,358.8743
STARLINK-1667,6664.80802158844,53.0091,98.5705,289.9464
STARLINK-1545,6681.60974357372,53.035,135.1844,86.5764
STARLINK-1595,6726.12147058247,53.0393,184.9742,322.2065
STARLINK-1598,6727.21498326857,53.0413,170.9518,10.7897
STARLINK-1626,6717.11636439301,53.0378,177.8387,287.7691
STARLINK-1633,6692.32568579641,53.0317,137.2355,327.076
STARLINK-1635,6671.38755541267,53.0319,134.7672,29.9778
STARLINK-1640,6725.54104982604,53.039,182.6646,322.3177
STARLINK-1641,6756.16284594701,53.0455,177.7335,307.2167
STARLINK-1654,6578.65427607621,53.0212,202.9277,33.2373
STARLINK-1695,6726.56063697283,53.0397,222.1087,350.1663
STARLINK-1719,6699.8464998088,53.0317,218.5861,140.0766
STARLINK-1759,6688.93876129899,53.011,208.0327,125.9063
STARLINK-1762,6827.63568143371,53.1546,278.085,87.323
STARLINK-1764,6572.66046915181,53.0159,188.5627,31.1707
STARLINK-1547,6673.84650248521,53.0253,153.4972,243.2057
STARLINK-1553,6818.86327073406,53.0347,208.1834,292.4917
STARLINK-1646,6709.22760233124,53.0365,215.7881,141.5743
STARLINK-1653,6710.96493200382,53.0356,201.9351,144.3514
STARLINK-1656,6736.71743579827,53.0398,244.6569,59.033
STARLINK-1661,6826.91692033808,53.1554,278.0589,114.7895
STARLINK-1665,6649.29494880683,53.0292,211.1542,330.565
STARLINK-1666,6699.16398307867,53.0325,213.1671,252.0178
STARLINK-1707,6677.30496769156,53.0138,149.0401,254.682
STARLINK-1724,6732.08953825847,53.0196,171.9985,8.7352
STARLINK-1770,6712.69963896346,53.036,194.6654,13.7771
STARLINK-1771,6756.75995075358,53.0368,238.7012,337.306
STARLINK-1663,6655.72227163633,53.029,9.2515,30.2265
STARLINK-1672,6758.35149331767,53.0446,27.5873,279.6827
STARLINK-1678,6681.09479346923,53.0308,347.3155,86.2168
STARLINK-1664,6791.83748917999,53.0437,29.9789,220.4998
STARLINK-1676,6735.37517266656,53.0385,30.6436,256.9792
STARLINK-1679,6688.88401273831,53.0388,3.629,213.9086
STARLINK-1714,6727.40278342551,53.0378,1.7346,225.8138
STARLINK-1730,6756.43639299511,53.0259,14.0931,93.9999
STARLINK-1735,6671.48492667601,53.0317,355.3951,353.6186
STARLINK-1741,6665.38481599543,53.0323,352.6998,162.0349
STARLINK-1531,6671.71360957633,53.0444,14.5678,223.1057
STARLINK-1677,6632.31945532164,53.0208,358.1426,95.2896
STARLINK-1728,6716.85609567278,53.0345,8.7786,357.9879
STARLINK-1736,6566.37833107604,53.019,345.701,76.7219
STARLINK-1716,6654.97379220838,53.0329,74.9389,346.918
STARLINK-1718,6716.25575933356,53.0412,109.9106,321.5142
STARLINK-1781,6724.92762442371,53.0418,125.8306,333.5978
STARLINK-1784,6680.81047302053,53.0361,63.3611,278.8889
STARLINK-1788,6686.9232053733,53.0309,94.8251,229.1693
STARLINK-1797,6737.79390497171,53.0398,95.2716,294.2432
STARLINK-1802,6828.14675184672,53.1549,124.3117,311.4743
STARLINK-1805,6738.83665836495,53.0428,130.5109,310.8798
STARLINK-1807,6849.99638799925,53.0556,140.7252,300.922
STARLINK-1810,6752.47791810857,53.0389,125.2565,298.4771
STARLINK-1815,6594.11962982459,53.0279,71.0208,118.3615
STARLINK-1817,6681.58949730716,53.041,94.5998,5.791
STARLINK-1821,6789.71659809456,53.0418,123.3136,47.7462
STARLINK-1826,6704.19645406741,53.0423,59.196,102.0279
STARLINK-1828,6737.26562433314,53.0467,122.8191,331.066
STARLINK-1830,6715.15133446582,53.0363,65.6326,139.5507
STARLINK-1892,6737.42576398625,53.0365,182.4114,350.8213
STARLINK-1905,6669.38379461041,53.0313,158.9814,215.1069
STARLINK-1922,6654.33120087656,53.0319,157.6622,272.1905
STARLINK-1928,6638.7469003658,53.0301,157.942,248.007
STARLINK-1835,6714.08317893743,53.0364,155.4079,355.7247
STARLINK-1882,6671.61989280708,53.0386,150.992,349.8378
STARLINK-1893,6733.05461845685,53.041,152.4618,282.2582
STARLINK-1931,6645.98839252433,53.03,156.6738,233.6804
STARLINK-1942,6733.43890696104,53.0366,182.8933,291.1543
STARLINK-1944,6666.49201965743,53.0316,145.1604,274.3046
STARLINK-1777,6739.80232597598,53.0435,172.5037,12.1089
STARLINK-1812,6881.0078436891,53.0771,217.7438,344.9914
STARLINK-1845,6729.21663220612,53.0429,161.7131,3.1375
STARLINK-1856,6735.81120745532,53.0433,159.1258,28.6225
STARLINK-1871,6833.76092999811,53.1555,202.9477,358.4469
STARLINK-1873,6703.93434933174,53.0416,149.1176,264.5293
STARLINK-1876,6672.4814639176,53.0379,146.6985,250.7379
STARLINK-1888,6740.53998667736,53.0441,167.8296,337.9269
STARLINK-1912,6718.63313416291,53.0443,167.2133,264.0035
STARLINK-1913,6839.26598917245,53.1564,216.5763,348.1011
STARLINK-2017,6848.904581057,53.1584,281.4732,271.8589
STARLINK-2034,6848.88847786127,53.1603,321.7992,298.2915
STARLINK-2045,6848.90464663851,53.1594,269.7894,293.6392
STARLINK-2046,6848.88279317557,53.1607,293.0422,279.4576
STARLINK-2047,6848.88682640967,53.1602,280.2202,299.0963
STARLINK-2049,6848.88657004724,53.1598,305.9542,288.7439
STARLINK-2050,6848.90092041848,53.1616,331.3139,255.2724
STARLINK-2055,6850.56221999643,53.1594,306.1411,224.8261
STARLINK-2071,6851.84614903441,53.1587,305.2255,310.5513
STARLINK-2076,6835.6371203137,53.1602,330.1113,77.3563
STARLINK-2081,6848.88336849981,53.1588,331.0474,272.6631
STARLINK-2082,6848.81152842869,53.1605,333.7062,285.6217
STARLINK-2084,6848.87217801797,53.1603,331.5235,277.4023
STARLINK-2088,6848.88477252993,53.1597,334.7369,264.347
STARLINK-2092,6848.89250514181,53.1596,330.8611,273.5752
STARLINK-2093,6659.21248781662,53.0391,278.6858,294.9684
STARLINK-2094,6848.87313490075,53.16,331.0658,279.6007
STARLINK-2096,6848.94381100811,53.1621,331.6652,262.6333
STARLINK-2097,6848.87652721686,53.1587,335.2553,268.1615
STARLINK-2098,6848.87925776609,53.1595,283.3283,271.6626
STARLINK-2099,6848.8935753084,53.1587,282.6606,251.2729
STARLINK-2100,6707.96228284849,53.0538,281.0768,161.728
STARLINK-2101,6848.88688006693,53.1587,306.2052,264.7756
STARLINK-2102,6848.91261182345,53.1599,295.9907,262.9254
STARLINK-2103,6839.33530372281,53.1584,282.9271,29.1888
STARLINK-2104,6853.3900821541,53.1617,306.2555,260.8689
STARLINK-2105,6848.8739337938,53.1609,305.9884,280.376
STARLINK-2106,6853.38596465466,53.1612,306.3201,283.2001
STARLINK-2109,6848.89518801148,53.1609,334.7994,359.8843
STARLINK-2110,6848.89404630107,53.1582,305.5245,268.5673
STARLINK-2111,6848.90914791907,53.1609,335.2627,266.4535
STARLINK-2112,6908.33615446945,53.0669,314.3228,162.9508
STARLINK-2113,6692.38508249038,53.0423,255.2261,232.336
STARLINK-2114,6528.33857824517,53.012,213.3904,81.5632
STARLINK-2119,6840.84034423448,53.1584,329.9903,61.5856
STARLINK-2121,6848.90322173137,53.1597,305.4615,306.3843
STARLINK-2122,6848.90356156272,53.1604,282.6241,278.9483
STARLINK-2123,6848.87777921508,53.1611,305.8115,256.7776
STARLINK-2128,6688.98866933658,53.0387,253.4088,269.6326
STARLINK-2130,6848.89215040702,53.1587,330.9269,276.3783
STARLINK-2134,6848.90471222003,53.158,306.6071,270.3231
STARLINK-2135,6848.91411722215,53.1595,306.1954,276.0239
STARLINK-1954,6820.9981703037,53.0514,274.943,19.6698
STARLINK-1958,6627.03256929608,53.0265,194.7034,289.4449
STARLINK-1962,6672.90006395382,53.0347,232.7705,138.6911
STARLINK-1964,6650.47041304104,53.0314,201.9309,12.5621
STARLINK-1967,6690.46010596196,53.0375,241.8521,44.3978
STARLINK-1991,6646.23500328099,53.0306,204.921,359.0273
STARLINK-1994,6706.37190965381,53.0393,243.0013,173.1132
STARLINK-1995,6708.07646059547,53.0379,260.5173,44.8862
STARLINK-1997,6660.33054039407,53.027,233.5234,32.9672
STARLINK-2001,6742.42251342026,53.0404,269.6827,312.4871
STARLINK-2021,6660.46415908184,53.028,209.3832,253.3389
STARLINK-1609,6805.40437992696,53.1582,327.7001,132.2976
STARLINK-1655,6656.39904525065,53.0253,199.9337,314.2475
STARLINK-1704,6761.20218371961,53.0452,315.0664,302.3118
STARLINK-1972,6752.53249261782,53.044,214.4441,19.269
STARLINK-1973,6848.88462944402,53.1597,332.9682,271.5375
STARLINK-1983,6848.93013710043,53.1595,318.7751,300.475
STARLINK-1992,6848.87913554712,53.1611,240.3416,269.8781
STARLINK-2015,6836.43473165191,53.1581,239.4933,15.9153
STARLINK-2019,6705.39374886271,53.0357,182.3336,251.4741
STARLINK-2031,6848.88007752758,53.1603,318.3255,286.4172
STARLINK-2032,6679.97100968947,53.0348,248.4881,120.2161
STARLINK-2033,6820.06924288979,53.1521,314.7932,174.2975
STARLINK-2036,6756.84620209344,53.1599,318.2273,228.5535
STARLINK-2039,6848.87997021333,53.1601,333.5869,292.807
STARLINK-2040,6848.90226781906,53.1618,318.6376,278.0859
STARLINK-2041,6712.53127799576,53.1531,308.5623,348.4573
STARLINK-2083,6706.12820068689,53.0392,161.3627,333.4631
STARLINK-2068,6848.9017580723,53.159,102.6147,275.447
STARLINK-2107,6848.85036356598,53.1625,34.4971,284.6601
STARLINK-2131,6801.95220856045,53.0711,107.9592,292.8226
STARLINK-2140,6848.87131652566,53.1598,128.1533,284.9466
STARLINK-2141,6693.34389497977,53.1533,91.5122,310.3491
STARLINK-2143,6848.83805239823,53.1594,125.7927,280.9652
STARLINK-2144,6848.89170028142,53.1603,113.3003,258.1768
STARLINK-2147,6809.89032210349,53.0714,105.7706,294.7398
STARLINK-2150,6848.88621829417,53.16,128.3267,268.004
STARLINK-2156,6848.88490965392,53.1606,103.5649,270.5424
STARLINK-2159,6767.93069133852,53.154,99.5842,292.6135
STARLINK-2160,6803.77675088198,53.1572,105.8873,291.0029
STARLINK-2161,6848.88282298512,53.1587,103.3243,268.961
STARLINK-2162,6682.1134247739,53.1509,78.2707,143.6754
STARLINK-2163,6710.96281564729,53.1525,85.3955,89.4883
STARLINK-2164,6848.85230414493,53.1604,102.8987,278.5904
STARLINK-2169,6733.32444112449,53.1529,97.803,355.5703
STARLINK-2170,6848.87201108519,53.1586,113.2179,263.1996
STARLINK-2178,6848.87149538217,53.1585,127.8272,269.6646
STARLINK-2180,6727.8708914222,53.1567,109.2977,305.2584
STARLINK-2185,6784.60336529233,53.154,102.085,294.2387
STARLINK-2193,6848.87666732139,53.1604,115.1875,235.6509
STARLINK-2194,6848.88148751791,53.1596,113.2699,262.0251
STARLINK-2195,6848.89018595215,53.1574,128.4007,284.4223
STARLINK-2196,6848.8960495113,53.1592,127.8099,261.7874
STARLINK-2209,6773.98616545174,53.1547,97.5551,297.8425
STARLINK-2211,6794.40826352219,53.1566,105.2107,319.8307
STARLINK-2213,6848.88422105304,53.1606,113.0762,263.299
STARLINK-2257,6848.90268813663,53.1622,154.4617,263.6725
STARLINK-2314,6825.07249584884,53.1554,125.9244,314.9552
STARLINK-2315,6848.91545270526,53.1599,148.147,265.423
STARLINK-2319,6848.87519473367,53.1584,127.85,273.5896
STARLINK-2322,6848.93136229408,53.1585,151.7988,248.8953
STARLINK-2334,6848.91223025717,53.16,149.8471,276.6441
STARLINK-2338,6848.90722518574,53.1613,147.9534,262.9334
STARLINK-2373,6841.31509801687,53.1547,147.7007,306.102
STARLINK-2377,6848.88726461063,53.1615,164.1178,259.9802
STARLINK-2379,6848.87259236904,53.1586,149.9953,281.6299
STARLINK-2380,6848.92593984749,53.158,142.9225,284.8979
STARLINK-2381,6848.9017580723,53.1624,149.8706,248.6412
STARLINK-2383,6848.87805048143,53.1575,166.7787,278.0331
STARLINK-2385,6848.88202408948,53.1568,139.2188,255.1329
STARLINK-2386,6874.94870111359,53.0919,152.9341,313.8548
STARLINK-2387,6848.87859599517,53.1594,153.8058,277.2276
STARLINK-2388,6848.86406688483,53.1572,127.8389,273.9709
STARLINK-2389,6848.87463133493,53.1591,153.5174,283.2069
STARLINK-2391,6848.89149459492,53.1607,164.3055,262.1209
STARLINK-2395,6848.89049001032,53.1571,153.5799,273.3406
STARLINK-2396,6848.88642398028,53.1574,153.4733,280.842
STARLINK-2399,6848.89259158979,53.1611,166.7992,267.7589
STARLINK-2400,6848.9128950172,53.1596,151.9569,263.8544
STARLINK-2402,6848.9041249674,53.1624,151.8907,242.1134
STARLINK-2406,6848.87511722907,53.1594,151.7225,265.9905
STARLINK-2407,6848.88611097969,53.1586,163.8453,273.8096
STARLINK-2408,6848.93049780215,53.1587,166.6981,266.7122
STARLINK-2409,6853.37240292722,53.1621,169.1102,254.1559
STARLINK-2410,6848.88150540363,53.1581,153.6437,271.6194
STARLINK-2411,6848.85848658226,53.1598,156.2522,279.9473
STARLINK-2413,6848.87562100898,53.1603,151.5066,273.8539
STARLINK-2415,6848.9091956148,53.1571,165.9701,261.7078
STARLINK-2419,6848.89906327231,53.1602,164.2393,264.7291
STARLINK-2420,6848.87013011109,53.1598,151.4814,269.5201
STARLINK-2422,6848.91305002853,53.162,154.492,258.6931
STARLINK-2423,6848.91564050763,53.1619,164.9058,256.5208
STARLINK-2424,6848.89807358979,53.1611,155.7966,240.472
STARLINK-2426,6848.89455902736,53.1597,153.9004,245.9865
STARLINK-2427,6848.88744644915,53.1589,149.8312,269.6556
STARLINK-2429,6848.88077208932,53.1577,154.468,275.7374
STARLINK-2431,6848.90019007995,53.1578,126.1992,250.0385
STARLINK-2432,6848.89570371895,53.1613,148.1851,232.8402
STARLINK-2433,6848.87817270035,53.1585,149.9365,266.0322
STARLINK-2435,6848.88817380332,53.1605,164.0464,256.003
STARLINK-2446,6847.92291224982,53.1581,156.71,269.3716
STARLINK-2453,6848.87814289085,53.1591,169.2173,279.1357
STARLINK-2280,6848.85340112411,53.1581,168.959,273.227
STARLINK-2291,6783.47781106397,53.155,158.819,318.3022
STARLINK-2326,6848.8768551211,53.1579,191.3135,271.9645
STARLINK-2329,6848.87936806125,53.1581,165.8905,271.8367
STARLINK-2330,6831.73292618195,53.1409,126.3839,315.5752
STARLINK-2336,6784.89202115797,53.1528,180.5383,358.9468
STARLINK-2342,6707.16019839166,53.1535,159.0366,110.7844
STARLINK-2343,6848.87764507238,53.156,191.3273,268.3527
STARLINK-2346,6848.88079593694,53.1568,189.3977,266.8024
STARLINK-2354,6842.17744050714,53.1494,178.3019,311.0138
STARLINK-2355,6848.9761612354,53.1583,176.6318,254.3837
STARLINK-2356,6848.91031050267,53.1597,189.2735,258.2508
STARLINK-2358,6848.88693670515,53.1586,176.6295,269.0955
STARLINK-2361,6827.98792361775,53.1564,161.9831,339.8363
STARLINK-2363,6669.26972205224,53.1497,128.4331,116.8396
STARLINK-2364,6848.88605434149,53.1592,163.0343,241.8714
STARLINK-2367,6848.88916348226,53.1599,189.492,267.3411
STARLINK-2370,6848.90959208556,53.1575,178.532,250.385
STARLINK-2371,6848.8809539274,53.159,189.383,263.7415
STARLINK-2378,6848.91347034776,53.1588,164.087,266.1067
STARLINK-2405,6848.87968404203,53.1573,191.3126,280.9433
STARLINK-1647,6848.91232266775,53.1601,240.0048,278.5743
STARLINK-2303,6848.90092339945,53.1597,240.0922,262.2856
STARLINK-2273,6797.29489107522,53.1485,198.8556,4.1845
STARLINK-2266,6848.88235497533,53.1592,216.7884,285.8705
STARLINK-2270,6816.9203502978,53.1264,146.953,329.6003
STARLINK-2153,6848.90166268111,53.1593,217.3576,275.9212
STARLINK-2226,6848.88441183422,53.1611,240.27,273.2777
STARLINK-2285,6848.89242465576,53.1594,216.8273,260.0055
STARLINK-2298,6789.50389651939,53.1214,231.1341,19.5231
STARLINK-2292,6813.48427332723,53.1174,235.2129,21.8153
STARLINK-2299,6757.1539772615,53.1152,229.3704,77.663
STARLINK-2404,6848.84723360283,53.1618,62.3852,262.1655
STARLINK-2412,6848.82417929874,53.1626,73.2763,264.6436
STARLINK-2414,6848.85855812453,53.1612,73.0819,278.8713
STARLINK-2417,6848.8966755148,53.1588,73.2701,274.6913
STARLINK-2418,6848.84984190521,53.1614,60.3187,272.1882
STARLINK-2421,6848.86971874133,53.1601,62.4924,264.0556
STARLINK-2428,6848.86168511968,53.1605,75.3004,270.9357
STARLINK-2430,6848.89789175057,53.1596,60.1138,261.4143
STARLINK-2436,6848.89377205216,53.1607,62.5762,252.1304
STARLINK-2439,6848.87822635743,53.1621,60.262,259.219
STARLINK-2440,6848.85472763485,53.1603,9.0721,284.2218
STARLINK-2442,6848.88059919411,53.1623,60.2092,265.378
STARLINK-2443,6848.76316711151,53.1611,60.1968,255
STARLINK-2448,6819.77191747231,53.156,59.0291,276.1948
STARLINK-2449,6848.8383952024,53.1594,75.2839,266.5606
STARLINK-2450,6848.90342145681,53.1614,72.7693,250.4003
STARLINK-2452,6848.86634431928,53.1605,62.3088,278.1111
STARLINK-2454,6848.948076852,53.1608,73.402,267.2528
STARLINK-2455,6848.90301306303,53.1596,60.0979,286.4851
STARLINK-2459,6848.89305065843,53.1595,60.0221,291.7032
STARLINK-2460,6817.61622775,53.1598,71.8981,257.1601
STARLINK-2462,6848.86164040572,53.1605,62.486,266.3048
STARLINK-2464,6848.8719067522,53.1602,60.2045,264.7668
STARLINK-2465,6848.85783375914,53.1618,62.4643,270.7191
STARLINK-2466,6848.84988363807,53.1606,73.1668,280.6827
STARLINK-2467,6848.92736476644,53.1622,59.967,259.4394
STARLINK-2468,6848.85905593953,53.1603,72.8857,259.9267
STARLINK-2469,6862.57660967141,53.1029,14.4077,223.9084
STARLINK-2471,6848.87165933399,53.1602,73.0112,249.4764
STARLINK-2472,6848.86460941485,53.1609,75.886,257.9882
STARLINK-2473,6848.86111874279,53.161,60.225,269.8135
STARLINK-2474,6848.84776122494,53.1591,75.4594,264.1494
STARLINK-2475,6848.86454979617,53.1606,72.9909,286.1349
STARLINK-2476,6848.8476598738,53.1604,72.9731,257.5934
STARLINK-2478,6848.87153115348,53.1602,75.6164,255.4938
STARLINK-2479,6848.85966702993,53.1604,73.029,257.8733
STARLINK-2480,6848.85189277785,53.1617,62.7156,274.1736
STARLINK-2481,6848.86688983069,53.1601,75.4817,260.7069
STARLINK-2482,6848.91470447692,53.1594,60.3188,278.9013
STARLINK-2483,6848.88979544611,53.1577,73.355,252.1042
STARLINK-2485,6848.86426362648,53.1604,60.5072,282.3511
STARLINK-2486,6826.26037588767,53.1574,6.9078,238.6478
STARLINK-2487,6848.85918411946,53.1605,59.8751,276.0748
STARLINK-2491,6848.87286065394,53.1621,73.355,255.8304
STARLINK-2492,6848.86844886117,53.1621,60.5165,262.6078
STARLINK-2493,6848.85896949261,53.1596,60.3925,267.9916
STARLINK-2503,6848.85260223705,53.1615,60.0198,256.632
STARLINK-2567,6848.85688880541,53.1606,319.6148,274.1656
STARLINK-2569,6848.89077022082,53.1247,282.3462,142.1393
STARLINK-2543,6848.90607452737,53.1635,293.5362,270.1316
STARLINK-2565,6848.85616742139,53.1611,9.0316,268.5283
STARLINK-2558,6848.88072737504,53.1597,343.8547,268.9896
STARLINK-2516,6848.84293512594,53.1601,342.9206,276.9147
STARLINK-2564,6848.88080786075,53.1596,344.7343,262.991
STARLINK-2547,6848.90021988968,53.1609,346.362,278.7795
STARLINK-2566,6848.85371412097,53.1587,346.1167,269.7575
STARLINK-2545,6848.90940130263,53.1604,344.1027,275.8835
STARLINK-2555,6848.85690072912,53.1595,346.185,282.9172
STARLINK-2542,6848.85925566175,53.1596,343.6235,269.9581
STARLINK-2550,6848.84134630089,53.1598,343.7177,271.7358
STARLINK-2533,6848.86788546382,53.1596,343.7128,274.6066
STARLINK-2535,6848.87807730997,53.1586,343.8144,283.991
STARLINK-2559,6838.0816008637,53.1583,343.1907,103.0204
STARLINK-2557,6848.88491859679,53.1615,346.2097,275.9109
STARLINK-2538,6848.8576519226,53.1597,356.5459,274.7337
STARLINK-2537,6848.84568352717,53.161,359.4031,269.2804
STARLINK-2530,6848.87140595392,53.1621,356.765,256.6579
STARLINK-2524,6848.84223163106,53.1606,6.9296,253.4135
STARLINK-2519,6848.88931551129,53.161,7.5763,267.8758
STARLINK-2523,6848.85566960691,53.1593,7.0246,284.1238
STARLINK-2517,6853.3465337151,53.1598,357.0644,265.8192
STARLINK-2536,6848.82952702151,53.1604,359.3906,284.239
STARLINK-2534,6848.86216504967,53.1601,356.6986,270.98
STARLINK-2061,6848.84810403032,53.1595,356.5783,266.7623
STARLINK-2549,6848.844282498,53.1627,359.158,275.5034
STARLINK-2506,6848.87681934972,53.1608,6.8259,269.746
STARLINK-2507,6848.85700208061,53.1602,6.8294,229.4547
STARLINK-2513,6848.87149240123,53.1598,356.2351,263.9947
STARLINK-2509,6848.9071685471,53.1595,14.3353,274.5757
STARLINK-2512,6848.86710445816,53.1597,9.0945,269.2479
STARLINK-2029,6848.87500693408,53.1623,9.5714,244.2049
STARLINK-2457,6848.8419156546,53.1586,9.0872,288.5813
STARLINK-2515,6848.86311596708,53.1608,9.1068,273.0228
STARLINK-2495,6848.84910561846,53.1606,9.2138,277.231
STARLINK-2498,6848.80607044884,53.1601,9.189,292.1639
STARLINK-2502,6848.86007541725,53.1603,9.2121,285.9086
STARLINK-2504,6848.86462431953,53.1606,8.8545,270.8833
STARLINK-2510,6848.86438882571,53.16,8.8697,276.2512
STARLINK-2501,6848.89527445955,53.1594,9.1687,268.0983
STARLINK-2514,6844.59918951791,53.1599,9.4227,128.2645
STARLINK-2518,6848.87473566802,53.1609,9.2651,267.2467
STARLINK-2470,6848.88688900981,53.1576,8.9756,293.6702
STARLINK-2613,6848.90311143525,53.1595,267.4208,266.0075
STARLINK-2674,6848.89811532338,53.1613,267.4845,245.9091
STARLINK-2635,6848.86020657816,53.1582,267.439,304.2826
STARLINK-2637,6848.90868288577,53.1623,267.932,270.8894
STARLINK-2636,6848.83656790765,53.1596,267.5162,269.92
STARLINK-2624,6848.88477252993,53.1587,267.4996,276.0178
STARLINK-2628,6848.90122447785,53.1611,267.7151,252.0925
STARLINK-2622,6848.91691339066,53.1596,267.5499,296.3043
STARLINK-2591,6848.82406304402,53.161,267.562,277.8556
STARLINK-2578,6848.89412976813,53.1586,267.4446,271.9286
STARLINK-2611,6848.92065155643,53.1573,257.4032,287.993
STARLINK-2608,6848.88516303525,53.1564,255.4,257.2163
STARLINK-2643,6848.88340129031,53.16,254.8683,311.4453
STARLINK-2623,6848.90875741033,53.159,257.9289,286.4083
STARLINK-2621,6848.88599174138,53.1601,255.2575,275.0091
STARLINK-2589,6848.90394610876,53.1603,257.1755,277.7655
STARLINK-2609,6848.88792638364,53.1586,255.0028,282.7533
STARLINK-2604,6848.83294909261,53.158,255.3475,251.365
STARLINK-2603,6848.88481128236,53.16,255.3694,271.698
STARLINK-2610,6743.41145715863,53.1581,250.4844,343.1427
STARLINK-2499,6848.91264163331,53.1586,255.4449,269.0917
STARLINK-2526,6848.88919031091,53.1609,255.5373,266.4593
STARLINK-2612,6848.86891984951,53.1594,255.2441,274.0677
STARLINK-2614,6848.8840421957,53.1586,255.0807,271.9016
STARLINK-2630,6848.93260239332,53.1605,257.8906,290.8024
STARLINK-2585,6848.88742856339,53.1599,257.2815,289.4184
STARLINK-2598,6848.89206992098,53.159,253.0307,266.2978
STARLINK-2606,6848.86742639939,53.1594,255.0846,278.9978
STARLINK-2594,6848.8507540664,53.158,254.8452,281.554
STARLINK-2586,6848.83237974077,53.1583,240.3462,278.2668
STARLINK-2607,6848.86743236127,53.158,242.6958,284.5913
STARLINK-2605,6848.88753587793,53.16,240.3263,262.232
STARLINK-2574,6848.90660216081,53.1582,244.7448,269.5409
STARLINK-2575,6848.88863883314,53.1574,242.1687,281.6133
STARLINK-2590,6848.88005069902,53.159,242.562,279.4083
STARLINK-2588,6882.26343015667,53.0749,254.7923,318.4347
STARLINK-2587,6848.87348963308,53.1581,242.2561,278.9531
STARLINK-2576,6848.89122630819,53.1613,240.6179,277.1289
STARLINK-2571,6848.8654828288,53.1591,242.6022,282.5715
STARLINK-2593,6848.86815076732,53.1595,240.2496,276.2106
STARLINK-2570,6848.87540936179,53.1573,242.4874,288.8572
STARLINK-2568,6848.8486316526,53.1601,252.4665,92.8887
STARLINK-2592,6848.91195600645,53.1586,242.7067,264.8145
STARLINK-2563,6848.88971496014,53.1596,206.6473,244.5754
STARLINK-2505,6848.85276618774,53.157,203.9963,260.7397
STARLINK-2581,6848.87170404812,53.1579,204.5973,274.4811
STARLINK-2461,6848.86733399033,53.1609,86.1604,267.5509
STARLINK-2700,6848.92349244658,53.162,60.2221,277.6909
STARLINK-2680,6848.85157680028,53.1603,60.3465,273.0895
STARLINK-2699,6848.84586834384,53.1595,59.9644,285.415
STARLINK-2692,6848.82153525015,53.1606,60.2153,288.9488
STARLINK-2633,6848.84664338161,53.1607,72.8034,270.2796
STARLINK-2639,6848.80326246999,53.159,85.7976,269.9927
STARLINK-2642,6848.8980825327,53.1622,100.4557,260.3962
STARLINK-2640,6848.89198049205,53.1592,85.8557,267.2389
STARLINK-2583,6848.86705378222,53.1601,85.9715,265.839
STARLINK-2682,6848.84669107625,53.1607,85.5282,270.9975
STARLINK-2702,6848.86523243023,53.1596,85.8981,277.0449
STARLINK-2644,6809.89097155779,53.1597,83.3415,189.7945
STARLINK-2663,6848.89752807217,53.1614,85.5625,270.6784
STARLINK-2645,6848.87349559497,53.1606,85.6309,262.6512
STARLINK-2634,6848.86473759504,53.1615,85.6108,273.1627
STARLINK-2655,6848.86371215372,53.1611,85.6664,263.775
STARLINK-2703,6848.85885621734,53.1599,85.6848,270.5062
STARLINK-2620,6848.87696541617,53.1571,85.6985,283.0313
STARLINK-2654,6848.79834106178,53.1597,85.7143,265.748
STARLINK-2497,6848.76768604458,53.1607,85.8997,263.511
STARLINK-2698,6848.83843693508,53.1596,86.2776,278.6689
STARLINK-2579,6848.86809114855,53.1595,85.83,259.948
STARLINK-2582,6710.53793208081,53.0484,11.4149,136.2129
STARLINK-2683,6848.87752285349,53.1597,102.5415,276.3566
STARLINK-2686,6848.89089244031,53.1596,100.7266,266.8487
STARLINK-2681,6731.90244161254,53.142,86.2126,261.9583
STARLINK-2687,6848.85895160704,53.1587,98.5682,261.7186
STARLINK-2659,6848.89644001823,53.1592,100.5132,268.8908
STARLINK-2685,6848.89017999022,53.16,100.8026,270.6658
STARLINK-2661,6848.89257668497,53.1609,102.76,275.0073
STARLINK-2675,6848.87557033289,53.1588,98.4547,286.837
STARLINK-2684,6848.84444644818,53.159,98.4863,256.3955
STARLINK-2722,6907.34140235735,53.0598,114.0783,309.188
STARLINK-2658,6848.9028282425,53.1612,100.4931,277.943
STARLINK-2697,6848.86955180869,53.1604,99.2533,286.9864
STARLINK-2728,6848.89138429926,53.1617,100.5251,273.0167
STARLINK-2755,6848.79600108581,53.16,98.8696,262.1086
STARLINK-2706,6848.89787386475,53.1608,102.9849,259.6864
STARLINK-2525,6848.86235881024,53.1593,101.4059,263.879
STARLINK-2531,6848.87012116827,53.159,101.5217,258.5594
STARLINK-2500,6848.88103739407,53.1602,101.9016,214.7993
STARLINK-2494,6848.88374410015,53.1598,103.5515,258.4232
STARLINK-2063,6848.87643182654,53.1602,34.5343,273.0762
STARLINK-2139,6848.8477343967,53.1606,34.4561,269.3652
STARLINK-2145,6848.80626420545,53.1601,56.344,275.4895
STARLINK-2151,6848.88135933694,53.1618,49.8739,253.427
STARLINK-2155,6848.88342811891,53.1612,34.4331,249.9587
STARLINK-2166,6848.86016484514,53.1608,34.7477,264.9634
STARLINK-2187,6799.30598200776,53.1561,26.7122,250.8026
STARLINK-2188,6848.88411970055,53.1604,34.3925,243.1252
STARLINK-2190,6848.8491294658,53.1596,34.4139,258.7646
STARLINK-2214,6848.8795886516,53.1615,56.3302,252.9081
STARLINK-2217,6848.87373108957,53.1592,34.7652,273.6092
STARLINK-2219,6848.8779878815,53.1611,34.4058,227.3017
STARLINK-2220,6663.92920213004,53.1224,48.5609,71.8003
STARLINK-2221,6848.83726842017,53.1614,47.1568,275.0859
STARLINK-2222,6848.88678467625,53.1617,56.4504,279.5738
STARLINK-2224,6848.8379808565,53.1624,34.9021,280.5472
STARLINK-2225,6848.87454488752,53.1614,8.8187,278.0504
STARLINK-2227,6848.86949517084,53.1613,356.469,280.1636
STARLINK-2228,6848.87473566802,53.1605,8.954,266.1804
STARLINK-2231,6848.84598161858,53.1601,34.6858,283.7797
STARLINK-2232,6848.85750585718,53.1589,34.3842,278.8191
STARLINK-2234,6848.88500206358,53.1616,9.0945,267.7127
STARLINK-2235,6848.84701599601,53.1615,11.9304,267.9224
STARLINK-2236,6835.24843334707,53.0518,12.1152,239.3414
STARLINK-2237,6848.8280693636,53.1614,56.4537,267.311
STARLINK-2241,6848.87158182949,53.1611,56.5203,270.1785
STARLINK-2245,6848.87538849517,53.1607,34.3409,255.6379
STARLINK-2250,6848.84967497378,53.1629,47.5312,264.2617
STARLINK-2251,6855.87733058075,53.1588,22.527,233.4967
STARLINK-2252,6848.77182045756,53.1608,56.3933,276.8066
STARLINK-2253,6848.85698419505,53.1598,47.0205,237.5375
STARLINK-2255,6848.86277315983,53.1597,46.9669,245.4666
STARLINK-2713,6848.86832962362,53.1604,21.6176,228.6306
STARLINK-2714,6855.87272519674,53.1612,22.6774,277.8343
STARLINK-2757,6848.85123101354,53.1612,56.3694,270.4907
STARLINK-2739,6848.85331169644,53.1589,21.3912,266.2616
STARLINK-2736,6848.86348262185,53.1615,21.5345,274.8195
STARLINK-2754,6848.83769468958,53.1615,22.0066,248.0551
STARLINK-2646,6848.85686197708,53.1601,21.8515,280.3905
STARLINK-2704,6848.86605218753,53.1602,21.5954,269.4472
STARLINK-2695,6848.87052061432,53.1612,22.0079,285.4028
STARLINK-2732,6848.85323717339,53.1616,21.6507,264.2279
STARLINK-2521,6848.89449642705,53.1614,21.7483,281.9259
STARLINK-2673,6848.83646357601,53.1597,21.6505,276.0832
STARLINK-2672,6848.85403904156,53.1601,21.7391,264.0186
STARLINK-2731,6848.85397048033,53.1614,21.7576,256.2382
STARLINK-2727,6722.07293644908,53.0468,1.6082,96.2925
STARLINK-2720,6848.87994934667,53.1592,21.7441,255.932
STARLINK-2657,6848.84736476312,53.1605,21.8415,260.3317
STARLINK-2701,6848.85464118807,53.1607,21.7776,278.6038
STARLINK-2734,6848.84761516005,53.1608,21.8507,284.5477
STARLINK-2647,6848.82607216486,53.162,22.1739,272.6288
STARLINK-2717,6848.83939380608,53.1614,21.5357,287.8935
STARLINK-2726,6855.86854419615,53.1564,22.5609,280.3665
STARLINK-2667,6848.84210941374,53.1601,11.9133,277.0597
STARLINK-2666,6855.88004121596,53.1611,22.4359,203.3609
STARLINK-2735,6855.8128977474,53.1617,22.5997,274.4526
STARLINK-2738,6848.78597349169,53.161,11.9822,273.6226
STARLINK-2707,6848.86404601829,53.1593,12.0693,274.043
STARLINK-2763,6848.8550823648,53.1591,12.1514,266.5908
STARLINK-2745,6855.90848661018,53.1603,22.4301,270.9062
STARLINK-2705,6848.83584056718,53.1602,12.2475,253.6576
STARLINK-2711,6855.87722299219,53.1561,22.4215,272.9564
STARLINK-2712,6855.88344520379,53.158,22.4648,270.2558
STARLINK-2746,6855.8667211743,53.1589,22.4956,253.3852
STARLINK-2615,6848.83053158375,53.1581,11.7688,257.2211
STARLINK-2648,6855.870026523,53.1613,22.5087,248.5488
STARLINK-2725,6848.86222168737,53.1602,346.5541,260.4435
STARLINK-2743,6848.89599287289,53.1604,333.4576,267.8252
STARLINK-2756,6848.88834967997,53.1603,333.6931,256.1106
STARLINK-2741,6848.87356713763,53.1607,346.3089,300.3257
STARLINK-2751,6848.93732729582,53.1574,332.2252,214.2309
STARLINK-2629,6848.82589629221,53.161,346.3055,272.2765
STARLINK-2627,6848.87572534211,53.1588,333.3444,266.1607
STARLINK-2742,6848.87675078793,53.1622,333.7413,272.3731
STARLINK-2740,6848.87865561417,53.1586,343.6556,270.8613
STARLINK-2750,6848.87674482603,53.159,343.5734,266.6693
STARLINK-2752,6848.88944369263,53.1623,346.011,277.83
STARLINK-2618,6848.8881678414,53.1603,346.1931,272.0962
STARLINK-2748,6848.86709551535,53.1588,346.7472,251.006
STARLINK-2616,6848.89319076381,53.1583,348.744,268.9923
STARLINK-2753,6848.83842799236,53.1618,356.5802,280.2728
STARLINK-3005,6941.45043071199,97.5783,291.0359,123.4195
STARLINK-3090,6950.18845023642,70.0002,49.2089,90.4232
STARLINK-3077,6950.19016652593,70.0001,49.2931,90.3705
STARLINK-3078,6950.18746375698,70.0004,49.3064,93.9468
STARLINK-3073,6950.19481442877,70.0002,9.1908,95.1262
STARLINK-3055,6952.68928918128,69.9999,30.3615,90.0494
STARLINK-3058,6950.18770187268,70.0001,49.3203,90.0519
STARLINK-3057,6920.79805723021,70.0006,8.7008,349.1624
STARLINK-3093,6950.13816497039,70,49.3349,95.3454
STARLINK-3109,6952.68438020614,69.9997,30.3756,90.1297
STARLINK-3100,6950.18182011177,70,49.1681,90.2282
STARLINK-3119,6950.22940645018,69.999,9.2904,87.2558
STARLINK-3116,6952.68570494763,69.9995,30.3893,84.0317
STARLINK-3071,6950.18377760495,69.9994,9.2759,90.8343
STARLINK-3048,6952.68989893478,69.9998,30.3888,94.3455
STARLINK-3102,6950.17652591912,69.9996,9.3181,91.4506
STARLINK-3072,6950.20852006644,70.0005,9.1785,107.1774
STARLINK-3068,6952.67702295005,70.0001,30.403,87.0059
STARLINK-3060,6950.1666457209,70.0001,9.1791,92.573
STARLINK-3085,6950.20603684233,69.9999,9.2337,92.6697
STARLINK-3051,6927.56941497776,69.9988,24.0413,199.6028
STARLINK-3083,6716.16806956507,69.9624,260.3287,71.2543
STARLINK-3056,6950.19963860761,70,49.21,85.3591
STARLINK-3095,6950.19550403844,70,49.2228,92.4191
STARLINK-3080,6950.18455998413,70.0001,49.2083,95.4625
STARLINK-3088,6952.7124134802,69.9999,30.2773,89.7028
STARLINK-3106,6950.19157048245,69.9998,29.333,91.6762
STARLINK-3052,6950.1919601269,69.9998,49.2646,90.7805
STARLINK-3089,6952.67782769735,69.9995,30.2911,91.4596
STARLINK-3054,6950.18889245145,70.0011,49.2665,92.5521
STARLINK-3046,6950.18840075782,69.9998,29.1874,89.5654
STARLINK-3107,6900.54522968597,69.9938,37.2012,186.8525
STARLINK-3045,6950.19679357805,69.9996,29.2015,90.3604
STARLINK-3087,6952.65432607692,69.9997,30.5157,92.8972
STARLINK-3069,6941.85590036689,70.0001,9.0853,235.7938
STARLINK-3103,6950.18387037718,69.9992,9.29,89.2233
STARLINK-3086,6950.18465584878,70.0002,49.2071,90.2087
STARLINK-3043,6950.19110352767,69.9996,9.3046,93.2914
STARLINK-3059,6950.05656506107,70.002,49.2635,101.6485
STARLINK-3151,6620.02223639362,53.2086,111.9964,144.0569
STARLINK-3075,6917.89730729651,53.1606,153.5353,274.2925
STARLINK-3147,6917.90149792383,53.1601,155.6573,271.8384
STARLINK-3162,6917.91705617997,53.1611,145.6815,274.8492
STARLINK-3157,6917.86873111648,53.1605,145.7042,268.1485
STARLINK-3146,6917.87793145884,53.1589,153.5839,273.2873
STARLINK-3159,6917.89403977312,53.161,145.7159,273.0715
STARLINK-3133,6917.90648022423,53.1598,153.6171,271.7576
STARLINK-3154,6917.91098875533,53.1605,143.4475,277.1605
STARLINK-3111,6917.93094558901,53.16,153.6337,269.6483
STARLINK-3120,6917.92381442025,53.1603,153.6833,272.5948
STARLINK-3110,6917.90722604175,53.1594,153.6508,275.1295
STARLINK-3112,6917.90043116252,53.1604,155.3939,277.7458
STARLINK-3161,6917.89183289796,53.1607,153.8488,294.6184
STARLINK-3135,6917.91030712609,53.1599,153.7009,275.6091
STARLINK-3139,6917.91127302228,53.16,155.5596,273.8647
STARLINK-3114,6917.91426241201,53.1604,155.8173,269.3437
STARLINK-3131,6917.90432224516,53.1607,155.5762,270.1084
STARLINK-3121,6917.91919888575,53.1609,153.4808,272.4094
STARLINK-3138,6917.90813080426,53.16,153.9569,279.4835
STARLINK-3153,6917.91687583819,53.1602,153.7838,272.5508
STARLINK-3158,6917.89495370117,53.1608,143.6592,275.3211
STARLINK-3079,6917.91219306929,53.1607,133.9579,272.194
STARLINK-3134,6916.48957600917,53.2143,155.7483,307.3712
STARLINK-3117,6917.87357275463,53.1601,133.9364,274.0755
STARLINK-3049,6917.91541170789,53.1612,133.9425,272.4164
STARLINK-3130,6898.30816135491,53.1601,132.095,332.5217
STARLINK-3044,6917.8962374802,53.1609,135.7407,274.5163
STARLINK-3105,6917.91487985282,53.1613,135.7919,260.3619
STARLINK-3128,6897.65210612701,53.1602,132.0821,94.2444
STARLINK-3098,6898.17152481945,53.1609,132.0983,37.463
STARLINK-3136,6911.91290715605,53.2152,133.6462,300.215
STARLINK-3126,6917.91356855541,53.1609,135.8326,271.6995
STARLINK-3122,6917.91971545843,53.161,144.2025,269.3388
STARLINK-3099,6917.89887839893,53.1609,135.8426,274.9849
STARLINK-3115,6917.93103117538,53.1606,143.7121,263.5688
STARLINK-3137,6795.32228585774,53.2139,105.8972,290.2572
STARLINK-3127,6917.89131327387,53.161,143.7185,277.0036
STARLINK-3125,6916.28800412756,53.1597,143.7441,280.956
STARLINK-3150,6917.9057985961,53.1602,143.8309,274.6451
STARLINK-3129,6896.46775566898,53.1594,142.1824,47.7767
STARLINK-3160,6917.91001063271,53.1602,143.7617,270.9854
STARLINK-3145,6917.91146864687,53.1612,143.8283,274.0269
STARLINK-3124,6917.85999846101,53.1607,143.8245,302.7665
STARLINK-3132,6917.91419822262,53.1604,145.6371,269.903
STARLINK-3156,6917.91135249477,53.1605,143.8128,271.0822
STARLINK-3141,6917.91049052408,53.16,145.6485,271.8554
STARLINK-3140,6917.90805744512,53.1607,145.6647,272.5694
STARLINK-3219,6917.89843824564,53.1616,72.5987,265.9289
STARLINK-3218,6917.91042939141,53.1602,72.6826,267.4485
STARLINK-3242,6917.92095951257,53.1596,82.4791,277.853
STARLINK-3240,6917.91638983243,53.1598,82.4641,274.9041
STARLINK-3251,6917.90898971758,53.1612,82.3851,275.6966
STARLINK-3249,6917.90386069462,53.1602,82.5245,274.0115
STARLINK-3246,6917.92449299617,53.1601,82.7517,266.3565
STARLINK-3252,6917.90159267915,53.1605,82.3975,269.9598
STARLINK-3238,6917.91929058503,53.1603,72.3384,262.7266
STARLINK-3113,6917.8964117074,53.1603,82.316,268.2762
STARLINK-3148,6917.93095475898,53.1614,72.2144,264.913
STARLINK-3225,6917.81741149552,53.1616,72.5944,252.7284
STARLINK-3143,6911.37290942869,53.2169,72.2001,267.2716
STARLINK-3155,6917.89884171949,53.1602,82.3471,269.5834
STARLINK-3226,6917.89634140519,53.1612,72.195,266.9406
STARLINK-3244,6917.91546672739,53.1593,72.5468,267.3863
STARLINK-3202,6917.88094526535,53.16,72.4751,267.746
STARLINK-3239,6917.9203145606,53.1596,72.4872,274.2174
STARLINK-3231,6917.88693620893,53.1597,72.3829,271.5299
STARLINK-3241,6917.90900194411,53.161,72.4844,227.3203
STARLINK-3233,6917.90195336073,53.1616,72.4089,266.0012
STARLINK-3247,6917.88546598127,53.16,72.4617,269.7494
STARLINK-3248,6917.91963904235,53.1587,72.1342,270.4021
STARLINK-3250,6917.21134650351,53.1595,72.564,208.0857
STARLINK-3236,6917.8867528125,53.1595,72.3464,259.2243
STARLINK-3229,6917.82238753145,53.161,72.3493,253.5286
STARLINK-3209,6917.89532049512,53.1614,62.2783,266.7622
STARLINK-3200,6917.91318647587,53.1601,72.3597,276.6173
STARLINK-3193,6917.91175291387,53.1605,62.3651,276.5699
STARLINK-3210,6917.92303803179,53.1591,72.6516,279.273
STARLINK-3207,6917.90524228986,53.159,62.5241,283.5435
STARLINK-3197,6917.9053584417,53.1596,62.2635,268.6962
STARLINK-3194,6917.90228958937,53.16,62.4867,267.6331
STARLINK-3204,6917.91344628995,53.1601,62.242,275.9133
STARLINK-3199,6917.90097218468,53.1596,62.4553,270.8109
STARLINK-3203,6917.90113418569,53.1599,62.5054,270.2567
STARLINK-3195,6917.91364497133,53.1592,62.4229,271.0235
STARLINK-3198,6917.90382707173,53.1603,62.4718,265.9839
STARLINK-3227,6904.87548529597,53.1595,62.1769,182.0312
STARLINK-3190,6917.87273524843,53.1595,62.3772,267.7668
STARLINK-3192,6917.86731897361,53.1591,62.4052,273.2536
STARLINK-3196,6917.90942987256,53.16,62.3397,273.5198
STARLINK-3208,6917.95057550212,53.1603,62.3847,271.4086
STARLINK-3191,6917.90017134965,53.1599,62.3512,269.2678
STARLINK-3201,6917.90036086021,53.1605,62.304,258.9279
STARLINK-3297,6917.90553878273,53.1603,183.387,276.618
STARLINK-3304,6917.91140751419,53.1599,183.3309,276.9459
STARLINK-3306,6835.03872338225,53.2175,159.5551,236.4064
STARLINK-3298,6917.90390348738,53.1599,185.1831,274.5057
STARLINK-3305,6917.89491396516,53.1595,173.2558,273.0039
STARLINK-3271,6917.89251452265,53.1603,185.222,282.0881
STARLINK-3301,6917.26025293473,53.1601,173.4409,263.5873
STARLINK-3245,6917.90078878732,53.1589,173.3448,287.417
STARLINK-3286,6894.73229304743,53.1592,172.0775,176.082
STARLINK-3287,6917.9220262818,53.1588,172.484,272.0605
STARLINK-3289,6902.48210682001,53.2133,161.417,327.7286
STARLINK-3292,6917.30190536952,53.16,169.1323,253.0704
STARLINK-3291,6917.87885760796,53.1596,173.3275,285.9126
STARLINK-3293,6917.83971203103,53.1595,173.4101,265.8278
STARLINK-3282,6909.99797966456,53.1592,172.1832,247.3355
STARLINK-3283,6917.93794228296,53.1596,173.3937,288.8147
STARLINK-3265,6917.86631030058,53.1592,173.4655,269.2524
STARLINK-3285,6917.90206339919,53.1606,173.4983,261.5398
STARLINK-3277,6898.40245212762,53.1593,171.9543,162.8332
STARLINK-3281,6917.90240879771,53.1602,175.2954,282.7352
STARLINK-3279,6917.89789722397,53.1602,173.4971,280.6279
STARLINK-3274,6917.9961356549,53.16,185.2009,309.0069
STARLINK-3272,6909.14569257187,53.2127,164.6332,323.0423
STARLINK-3276,6895.02956549024,53.2113,168.8806,301.0922
STARLINK-3268,6901.17191626206,53.161,162.1355,182.3764
STARLINK-3273,6917.91235507095,53.1601,183.2989,273.2289
STARLINK-3259,6917.89201323811,53.1599,165.4404,273.6652
STARLINK-3261,6917.92909631288,53.1602,165.3913,270.7512
STARLINK-3266,6917.93310358884,53.1595,163.6215,265.4328
STARLINK-3267,6917.89719420162,53.1604,165.4741,283.0314
STARLINK-3264,6917.8914477648,53.1595,163.4566,264.4671
STARLINK-3270,6917.87299200213,53.1581,163.5368,294.4221
STARLINK-3235,6917.92539470767,53.1599,163.4002,277.4235
STARLINK-3256,6917.93779861978,53.1608,163.558,256.2756
STARLINK-3257,6917.90001546194,53.1605,163.4887,273.327
STARLINK-3254,6917.91601386577,53.1597,163.5272,268.9769
STARLINK-3260,6917.86240704506,53.1606,133.7862,281.7369
STARLINK-3323,6917.91623394381,53.161,82.5135,260.6574
STARLINK-3333,6917.90782819784,53.1611,82.5308,270.4098
STARLINK-3335,6917.900079651,53.1604,82.5481,269.3674
STARLINK-3355,6917.83088471423,53.1618,82.5815,272.1092
STARLINK-3232,6917.8902251202,53.1608,82.5639,270.7382
STARLINK-3338,6917.91531083882,53.16,82.5513,272.0608
STARLINK-3349,6807.66910135306,53.2032,25.0645,203.622
STARLINK-3324,6917.95746220503,53.1613,92.4373,277.0855
STARLINK-3234,6917.91767056476,53.1621,92.3923,251.1158
STARLINK-3342,6891.36572680094,53.213,86.4292,260.5074
STARLINK-3341,6917.91142891063,53.1602,92.401,271.7146
STARLINK-3336,6917.89451049188,53.1615,92.4726,257.6189
STARLINK-3327,6917.91774086751,53.1601,92.4527,246.6955
STARLINK-3339,6917.93437821559,53.1603,92.534,268.9968
STARLINK-3346,6917.9262322298,53.1611,92.2372,268.3374
STARLINK-3343,6917.89941330755,53.1602,96.1395,269.2039
STARLINK-3334,6917.95314616907,53.1616,92.4191,262.4025
STARLINK-3332,6917.88059986951,53.1602,94.3378,285.058
STARLINK-3329,6917.89045742264,53.1603,93.6936,270.1155
STARLINK-3290,6917.8996089313,53.1599,94.2417,273.3831
STARLINK-3294,6917.89940108107,53.1609,92.468,271.1559
STARLINK-3278,6917.9005534274,53.1608,104.1765,269.7439
STARLINK-3299,6917.91028572966,53.1624,92.4045,262.0513
STARLINK-3328,6917.51896045617,53.1728,104.2274,271.4491
STARLINK-3331,6917.9110132084,53.1604,104.2483,269.7531
STARLINK-3310,6912.7882590006,53.216,104.2535,277.0546
STARLINK-3330,6917.90784042437,53.1605,104.0981,274.3373
STARLINK-3318,6917.91745354325,53.1599,92.3163,277.3948
STARLINK-3320,6917.91192102878,53.1612,104.3249,269.3001
STARLINK-3295,6917.90430390541,53.1609,104.3406,273.4559
STARLINK-3300,6917.90497636329,53.1608,106.079,283.8829
STARLINK-3302,6917.89074474409,53.1598,104.3596,264.5741
STARLINK-3326,6917.90866877129,53.1605,102.3246,270.0216
STARLINK-3230,6917.90180358617,53.1605,104.2091,273.1808
STARLINK-3308,6917.90644965794,53.1608,106.2776,271.7284
STARLINK-3315,6917.90893469822,53.1614,102.3584,282.1465
STARLINK-3311,6917.90350001279,53.1611,102.3081,269.531
STARLINK-3312,6917.89175036942,53.1604,62.2887,270.0233
STARLINK-3314,6917.9053584417,53.1603,105.9032,274.1887
STARLINK-3366,6917.05573115968,53.1905,212.9053,288.0075
STARLINK-3350,6917.90365895732,53.1596,212.9971,272.9901
STARLINK-3176,6917.89549166564,53.1594,212.7963,244.2373
STARLINK-3362,6917.90243936395,53.1605,214.7991,261.7018
STARLINK-3358,6917.91032852252,53.1591,212.881,275.4493
STARLINK-3344,6917.89332146869,53.1598,214.8264,268.8508
STARLINK-3173,6917.90324019964,53.1587,212.8632,275.2688
STARLINK-3374,6917.89553140166,53.1604,212.7473,273.0061
STARLINK-3372,6917.8968732567,53.1591,212.8134,276.8481
STARLINK-3375,6917.89836488676,53.1598,214.8159,284.7049
STARLINK-3397,6917.90370786333,53.1589,212.8466,274.3753
STARLINK-3243,6917.89347124279,53.16,212.7652,277.7047
STARLINK-3391,6917.90583527564,53.1588,212.8537,271.4124
STARLINK-3394,6917.90903251043,53.1587,214.6157,268.6271
STARLINK-3398,6917.90512002476,53.1594,212.9689,286.5874
STARLINK-3399,6917.86854466467,53.1589,214.689,267.7363
STARLINK-3392,6917.85525160034,53.1599,212.9821,275.99
STARLINK-3389,6917.90750419506,53.1586,222.7841,273.7369
STARLINK-3387,6917.87937722971,53.1589,224.6268,266.3866
STARLINK-3386,6917.91077479098,53.1584,222.8084,270.7368
STARLINK-3370,6917.96978678672,53.1593,222.8216,275.3353
STARLINK-3400,6917.88882824942,53.1598,224.688,282.9058
STARLINK-3396,6917.89985040438,53.1595,222.7819,274.9899
STARLINK-3395,6917.91359912178,53.1598,222.8521,272.4048
STARLINK-3388,6917.88682922768,53.1595,222.8851,264.4638
STARLINK-3393,6917.91282884946,53.1591,222.8678,279.8078
STARLINK-3356,6917.89841379268,53.1596,224.7032,273.5939
STARLINK-3363,6917.89249312636,53.1594,222.5771,273.3129
STARLINK-3253,6917.89459913373,53.1587,222.5153,270.6576
STARLINK-3180,6917.88861428678,53.1597,222.6848,291.7732
STARLINK-3177,6917.31187087625,53.1714,222.6588,293.0928
STARLINK-3172,6917.89713612587,53.1593,224.5105,275.9172
STARLINK-3175,6917.90649550737,53.1595,222.6743,278.0505
STARLINK-3179,6917.89686103023,53.1591,222.7513,274.1902
STARLINK-3369,6869.21165538825,53.2151,197.0153,229.6154
STARLINK-3184,6917.89938885458,53.1591,234.6083,273.7514
STARLINK-3185,6917.89112987715,53.1591,222.7398,275.8768
STARLINK-3354,6917.89209882327,53.1592,222.7069,277.1914
STARLINK-3352,6849.20274575651,53.1885,207.1741,20.4299
STARLINK-3359,6903.7790248254,53.2143,231.2468,328.1046
STARLINK-3360,6904.34952949692,53.1588,231.9691,168.4623
STARLINK-3357,6917.89651868902,53.1599,224.3345,273.9717
STARLINK-3364,6917.89313807184,53.1593,232.3698,271.1691
STARLINK-3181,6917.91141057082,53.1586,203.0419,273.4273
STARLINK-3166,6896.83347204207,53.1589,202.1075,182.0538
STARLINK-3419,6904.99640236605,53.1593,202.1612,61.0016
STARLINK-3189,6917.91089705632,53.1595,203.0926,294.0404
STARLINK-3401,6917.89676627507,53.1593,203.1099,259.0167
STARLINK-3178,6917.79267816223,53.1591,204.9727,276.6983
STARLINK-3174,6917.89896092769,53.1597,205.2026,271.2479
STARLINK-3182,6917.91149004331,53.1593,203.075,276.2741
STARLINK-3415,6917.88087802014,53.1598,204.9046,279.8334
STARLINK-3528,6917.88667028412,53.1602,254.3261,290.0259
STARLINK-3533,6917.88952209981,53.1582,254.3907,269.0645
STARLINK-3543,6917.89919628747,53.1599,254.3527,265.2143
STARLINK-3445,6917.90523006335,53.1606,254.4185,268.5919
STARLINK-3546,6884.83399897564,53.2083,246.0192,104.7523
STARLINK-3540,6917.89381664024,53.1606,254.4443,268.6819
STARLINK-3526,6917.90405937531,53.1586,252.3504,270.7148
STARLINK-3524,6917.8964636699,53.1599,254.4259,280.2955
STARLINK-3535,6917.89718503177,53.1591,252.399,277.6819
STARLINK-3529,6917.9091945119,53.1603,254.2197,274.2157
STARLINK-3522,6917.89941025093,53.1592,252.3828,267.7134
STARLINK-3527,6909.19470946368,53.2157,241.8432,350.9866
STARLINK-3532,6917.91253541244,53.16,252.4168,266.8187
STARLINK-3523,6917.89952640253,53.1599,244.3142,274.4556
STARLINK-3514,6917.86515185533,53.1584,242.5608,280.0986
STARLINK-3518,6917.91468728463,53.1603,242.6289,269.435
STARLINK-3525,6917.9083050322,53.159,244.3865,272.6884
STARLINK-3450,6917.88971466625,53.1602,244.465,278.5531
STARLINK-3517,6917.92295550232,53.1602,244.4323,272.9227
STARLINK-3447,6917.90690509566,53.1608,244.5455,260.3577
STARLINK-3509,6917.89880504005,53.161,244.4474,270.6281
STARLINK-3515,6917.87283305936,53.1598,244.5284,271.633
STARLINK-3516,6917.89886617245,53.1598,244.4798,271.5934
STARLINK-3500,6917.8894273449,53.1597,242.4781,276.7206
STARLINK-3520,6917.89959670481,53.1596,242.4348,276.552
STARLINK-3521,6917.89969146007,53.1593,242.605,272.3033
STARLINK-3512,6917.90478685241,53.159,232.6295,275.4798
STARLINK-3452,6917.91345240323,53.1594,242.5399,273.0483
STARLINK-3449,6917.88650217074,53.1598,242.4617,271.0934
STARLINK-3502,6917.91050580724,53.1586,232.695,276.1888
STARLINK-3446,6917.90923730475,53.1588,244.3256,271.9661
STARLINK-3501,6917.90329216227,53.1593,232.7233,281.8929
STARLINK-3451,6917.90401658254,53.1596,244.8594,272.4845
STARLINK-3505,6917.89349263909,53.1608,232.7631,273.1297
STARLINK-3506,6917.91006870873,53.1587,232.7108,277.6417
STARLINK-3511,6895.21998473533,53.1594,232.009,6.5812
STARLINK-3507,6917.90567021773,53.1591,232.7453,273.1198
STARLINK-3457,6917.901415395,53.1589,232.3651,278.9225
STARLINK-3460,6917.89757016573,53.1599,234.5755,271.3619
STARLINK-3513,6917.90851899637,53.159,232.6235,271.858
STARLINK-3459,6917.9034052574,53.1593,232.646,270.5786
STARLINK-3458,6917.90669113162,53.159,232.625,275.6115
STARLINK-3456,6917.92347513235,53.1591,232.6561,277.8673
STARLINK-3622,6917.89895481445,53.1595,264.0096,276.9427
STARLINK-3621,6914.96872202367,53.2174,264.0097,295.256
STARLINK-3612,6917.89436071772,53.1614,264.3233,273.436
STARLINK-3614,6917.91665881674,53.1612,264.049,266.2612
STARLINK-3623,6917.85307226524,53.1607,264.0931,264.5449
STARLINK-3624,6917.23089491521,53.1866,264.3579,288.7277
STARLINK-3629,6917.92294633237,53.1604,264.4209,269.159
STARLINK-3620,6784.60740646054,53.2173,251.4713,192.4831
STARLINK-3608,6917.91496238205,53.1597,262.3529,272.3682
STARLINK-3625,6917.90220400389,53.16,264.0905,279.9767
STARLINK-3615,6917.89289965596,53.1598,254.2765,271.5431
STARLINK-3611,6917.92455412914,53.1604,262.4007,255.2009
STARLINK-3617,6917.90048006847,53.161,264.1955,268.9306
STARLINK-3580,6917.90491828737,53.1613,264.1525,272.0916
STARLINK-3616,6909.17452001761,53.1604,272.318,345.1311
STARLINK-3628,6906.2290666686,53.1597,262.2176,131.2066
STARLINK-3632,6917.62479871141,53.1598,274.111,277.3958
STARLINK-3646,6915.1539343285,53.1611,262.6954,288.7023
STARLINK-3638,6917.8968060111,53.16,274.1466,284.1344
STARLINK-3619,6900.24613842447,53.1605,272.1172,76.1065
STARLINK-3641,6917.89182984135,53.1608,273.8994,280.4744
STARLINK-3639,6917.89713001264,53.1591,274.138,292.5944
STARLINK-3631,6916.53651440883,53.2134,272.4835,241.187
STARLINK-3602,6917.88638296309,53.1601,274.1615,272.9206
STARLINK-3626,6917.95135801166,53.1591,273.9425,279.616
STARLINK-3633,6609.40949840933,53.2069,227.4162,5.0425
STARLINK-3573,6727.34984403239,53.2165,257.7021,172.5961
STARLINK-3586,6917.85398006661,53.1602,274.079,277.9327
STARLINK-3634,6916.28496456214,53.1626,272.8516,243.8051
STARLINK-3637,6911.04334810076,53.1595,272.1712,206.425
STARLINK-3592,6917.86542389125,53.1605,274.0141,274.3625
STARLINK-3544,6910.29387958373,53.161,272.169,27.6914
STARLINK-3601,6917.86889922877,53.1603,254.3039,271.6029
STARLINK-3605,6917.901228941,53.1602,252.5751,334.6528
STARLINK-3606,6917.90340831403,53.1607,264.2228,262.0688
STARLINK-3609,6917.91457418904,53.1594,263.9984,256.2278
STARLINK-3607,6917.89410701866,53.1605,264.2168,272.8121
STARLINK-3613,6917.90738498649,53.1594,254.6029,261.6228
STARLINK-3569,6917.89825484845,53.1602,264.2726,274.2993
STARLINK-3610,6917.90525145974,53.16,252.4481,276.3948
STARLINK-3552,6917.89518600399,53.161,254.3481,268.7909
STARLINK-3599,6917.90536455496,53.1602,252.4819,272.9928
STARLINK-3604,6917.91682998858,53.1599,252.465,276.7832
STARLINK-3542,6917.91535057512,53.161,303.8597,268.1476
STARLINK-3541,6888.81529979548,53.2147,297.0869,184.529
STARLINK-3545,6917.90265944091,53.1612,303.5672,264.9086
STARLINK-3568,6917.9194159074,53.1607,303.602,270.935
STARLINK-3571,6917.92718284829,53.1621,303.6493,265.727
STARLINK-3563,6917.89562004354,53.1603,303.6281,275.3502
STARLINK-3560,6917.88382458457,53.1614,293.8586,271.2948
STARLINK-3559,6917.91019097404,53.1615,293.8214,270.4594
STARLINK-3562,6917.89396335775,53.1609,293.8902,273.8043
STARLINK-3508,6917.8804745489,53.1611,293.838,275.6284
STARLINK-3555,6917.91952288991,53.1602,293.9211,276.0307
STARLINK-3548,6917.87577655863,53.16,293.8286,275.7983
STARLINK-3503,6917.89099538624,53.1602,293.954,269.1016
STARLINK-3553,6917.89676933169,53.1604,293.8253,260.8278
STARLINK-3590,6917.90887662222,53.1604,293.9702,249.1744
STARLINK-3578,6917.89628638608,53.1595,293.9375,271.9697
STARLINK-3588,6917.91169483782,53.1615,293.7234,264.5441
STARLINK-3591,6917.99061826673,53.1594,293.6874,282.7756
STARLINK-3567,6917.91592216659,53.1602,293.738,284.9834
STARLINK-3554,6917.95930233006,53.1609,293.7069,262.3453
STARLINK-3582,6876.5765569085,53.2091,282.5825,178.039
STARLINK-3574,6917.91375195361,53.1613,293.7561,271.149
STARLINK-3585,6917.90006131127,53.1616,293.7669,269.5107
STARLINK-3583,6917.91065863891,53.1609,293.7704,283.4241
STARLINK-3556,6901.63449014523,53.1596,282.1351,134.5633
STARLINK-3575,6917.92381442025,53.1613,293.8058,251.1435
STARLINK-3572,6917.90521172358,53.161,283.8841,271.0857
STARLINK-3566,6917.88625764222,53.1595,293.5057,279.0711
STARLINK-3504,6917.90359782481,53.1613,283.9175,273.8245
STARLINK-3570,6917.88623930258,53.1598,283.8728,268.4792
STARLINK-3576,6917.9088063197,53.1608,284.0509,268.2505
STARLINK-3577,6917.88794488948,53.1609,283.9004,272.6963
STARLINK-3584,6917.89610910227,53.1605,283.9662,270.0109
STARLINK-3565,6917.09680298181,53.179,283.9425,290.8232
STARLINK-3551,6901.35917458626,53.1598,282.1334,0.1946
STARLINK-3536,6917.91878012571,53.1634,283.9512,262.7823
STARLINK-3547,6906.75286285061,53.1594,282.1279,0.0505
STARLINK-3549,6899.82469806297,53.1592,282.1158,62.4031
STARLINK-3587,6916.56617363116,53.1605,284.0145,235.9609
STARLINK-3579,6915.86679496395,53.2169,283.8382,315.918
STARLINK-3595,6907.19499180959,53.1589,282.1423,42.0332
STARLINK-3594,6908.18279527955,53.159,282.1527,71.9436
STARLINK-3593,6917.89234640892,53.1612,284.2206,270.4171
STARLINK-3598,6901.82088033865,53.1592,282.1348,103.8237
STARLINK-3597,6901.48345333591,53.1582,282.1389,125.4981
STARLINK-3700,6848.87024040589,53.16,282.6611,296.5135
STARLINK-3694,6848.79226010928,53.1622,305.8945,262.7166
STARLINK-3692,6848.89970716233,53.1598,282.6142,270.6657
STARLINK-3704,6848.87086640349,53.161,306.1817,263.7693
STARLINK-3691,6848.91749766504,53.1612,305.4942,251.144
STARLINK-3697,6848.88871633812,53.1615,293.4224,265.3676
STARLINK-3675,6848.86480019467,53.1592,282.6308,263.7992
STARLINK-3690,6848.82299290458,53.1599,293.1721,304.9171
STARLINK-3696,6848.87095583173,53.161,306.106,275.6367
STARLINK-3699,6848.86415631285,53.1605,305.9033,296.7626
STARLINK-3681,6848.85871313278,53.161,293.2178,266.0753
STARLINK-3680,6848.88420614826,53.1601,293.1941,269.8654
STARLINK-3677,6853.3602356485,53.1625,306.1929,266.942
STARLINK-3669,6848.88301078524,53.1607,293.595,270.8319
STARLINK-3671,6853.29165202249,53.1595,304.7129,285.3657
STARLINK-3679,6848.87867648082,53.1608,305.9208,266.9026
STARLINK-3672,6848.89311623967,53.1606,306.1279,264.3793
STARLINK-3674,6848.88397065276,53.1593,292.7283,259.379
STARLINK-3660,6917.90718019231,53.1606,303.7327,273.381
STARLINK-3649,6917.88800602165,53.1621,323.5031,271.6255
STARLINK-3635,6917.91219918256,53.1602,323.4372,269.0775
STARLINK-3655,6917.85787414051,53.1615,323.7578,271.5497
STARLINK-3664,6917.90335023815,53.1612,323.9664,274.3544
STARLINK-3651,6917.92714005517,53.1603,323.4935,272.9316
STARLINK-3645,6917.90785570752,53.1612,323.2669,269.5456
STARLINK-3644,6898.2210908595,53.1588,322.0935,160.68
STARLINK-3640,6917.9116489883,53.1609,323.3713,270.8456
STARLINK-3642,6906.71269634113,53.1586,322.1699,158.9272
STARLINK-3657,6917.87747296929,53.1619,303.742,270.6411
STARLINK-3652,6899.47351149043,53.1597,322.096,263.5781
STARLINK-3643,6917.87948115407,53.1596,303.7915,270.7984
STARLINK-3648,6917.89644838681,53.1597,323.3883,285.3359
STARLINK-3647,6917.90768453623,53.1601,303.8103,273.2883
STARLINK-3636,6917.89602963022,53.1604,303.7597,273.727
STARLINK-3538,6917.89693133245,53.1597,303.8255,270.5763
STARLINK-3589,6917.89859718988,53.1609,303.7761,271.54
STARLINK-3618,6917.90692037881,53.1612,303.6601,274.6222
STARLINK-3653,6917.89617329123,53.1607,303.6395,275.3937
STARLINK-3659,6917.91152366629,53.1613,303.6822,267.9722
STARLINK-3668,6917.90113418569,53.1614,303.7152,266.5724
STARLINK-3712,6917.85650479522,53.16,12.8453,277.1923
STARLINK-3716,6917.90116475191,53.1613,12.8284,269.4598
STARLINK-3673,6900.56731534576,53.1596,12.1252,72.8768
STARLINK-3714,6917.92181537323,53.1608,12.8634,269.1003
STARLINK-3701,6901.46782323301,53.1592,12.1121,104.9205
STARLINK-3717,6917.89445241618,53.1601,3.0069,273.7923
STARLINK-3665,6917.89926658975,53.1603,12.8963,273.2238
STARLINK-3702,6907.29507045395,53.1602,12.17,103.1614
STARLINK-3703,6917.89695884201,53.1596,13.0711,268.8525
STARLINK-3709,6917.90461873794,53.1605,2.9207,271.1338
STARLINK-3705,6917.90408077169,53.1598,3.0407,263.0819
STARLINK-3706,6917.91968794864,53.1596,2.7711,272.1126
STARLINK-3670,6908.58116364829,53.1586,12.1792,145.331
STARLINK-3658,6917.87899515488,53.1596,2.7927,266.0505
STARLINK-3698,6917.893303129,53.1597,3.0558,270.1233
STARLINK-3687,6917.90923730475,53.1593,2.775,274.0779
STARLINK-3708,6917.91062807257,53.1598,2.8416,271.8106
STARLINK-3734,6791.2931145555,53.2171,350.3091,352.4842
STARLINK-3736,6917.89555279797,53.1603,2.875,269.6847
STARLINK-3737,6917.90604312635,53.1606,2.8243,273.9328
STARLINK-3685,6904.30223488709,53.1601,2.1571,89.8801
STARLINK-3735,6917.90038531319,53.1609,2.8576,273.2428
STARLINK-3738,6917.94175088832,53.1607,2.9416,271.1034
STARLINK-3743,6917.90821638991,53.1603,2.8916,278.7031
STARLINK-3558,6903.06609161252,53.1597,2.1461,152.9591
STARLINK-3534,6902.40454594209,53.1601,2.1402,111.143
STARLINK-3678,6917.91969100529,53.161,353.0538,267.8543
STARLINK-3726,6917.90480213555,53.1607,2.957,268.3618
STARLINK-3725,6917.81515272049,53.1594,352.9876,261.6292
STARLINK-3727,6917.89789111073,53.1597,353.1027,272.6001
STARLINK-3732,6917.90338997428,53.1609,353.6648,273.0389
STARLINK-3715,6917.89599295081,53.1606,353.1191,267.883
STARLINK-3661,6917.8965156324,53.1607,353.1532,271.7903
STARLINK-3711,6888.68917401662,53.2155,346.3928,218.5426
STARLINK-3718,6917.88856843764,53.16,353.1357,273.4123
STARLINK-3707,6917.89847186846,53.1596,352.903,268.4219
STARLINK-3721,6917.89852077437,53.1601,352.5894,270.5223
STARLINK-3729,6530.35178366061,53.2051,325.0076,75.6258
STARLINK-3720,6917.89898232403,53.159,352.9194,251.5567
STARLINK-3733,6917.91197299157,53.1611,352.9675,275.3826
STARLINK-3723,6917.9230258052,53.1603,352.9359,275.4141
STARLINK-3730,6917.88943345812,53.1595,3.0244,249.1734
STARLINK-3682,6917.92614664359,53.1611,352.986,259.579
STARLINK-3761,6917.898523831,53.16,32.3611,273.4633
STARLINK-3786,6917.89454411465,53.1601,32.6896,271.8844
STARLINK-3795,6916.56043912343,53.16,32.4228,237.1289
STARLINK-3740,6917.91314979623,53.1588,32.4421,269.4535
STARLINK-3739,6916.3257194553,53.2154,32.5161,260.1322
STARLINK-3748,6917.91135249477,53.1589,32.4814,272.4231
STARLINK-3746,6917.90792906664,53.1603,32.4803,270.9741
STARLINK-3791,6917.90914866243,53.1595,32.4936,267.2733
STARLINK-3804,6917.91409429696,53.1592,32.5548,267.5424
STARLINK-3788,6917.92739681392,53.1596,32.5084,260.3652
STARLINK-3781,6917.91752995927,53.1605,32.5764,269.6872
STARLINK-3782,6917.89745707083,53.161,23.0479,266.4793
STARLINK-3790,6917.90113112906,53.1604,32.5731,266.8926
STARLINK-3784,6917.88876711723,53.159,32.5376,281.167
STARLINK-3778,6917.90738804312,53.1607,32.5886,270.8553
STARLINK-3780,6917.91595578962,53.1598,32.6072,274.1782
STARLINK-3764,6917.8998381779,53.1593,32.6604,280.8994
STARLINK-3779,6917.89686714346,53.1604,32.5849,268.6272
STARLINK-3783,6917.7992190865,53.1612,22.6868,257.5096
STARLINK-3789,6917.88567383045,53.1607,32.6217,265.129
STARLINK-3561,6917.89456245434,53.1614,22.7171,269.2455
STARLINK-3802,6917.90573440691,53.1596,22.7529,279.2422
STARLINK-3822,6917.87367056558,53.16,32.6741,277.1359
STARLINK-3776,6917.8984015662,53.1603,22.7689,273.4728
STARLINK-3751,6917.89889062542,53.1613,22.6997,267.1205
STARLINK-3772,6917.92824350661,53.1593,22.8136,271.3371
STARLINK-3753,6917.90062067309,53.1597,22.5356,269.7285
STARLINK-3771,6917.8880977199,53.1575,22.7936,288.0607
STARLINK-3777,6917.93540831006,53.1608,22.5549,250.964
STARLINK-3765,6917.90000629208,53.16,22.801,273.5803
STARLINK-3766,6917.89910764547,53.1589,22.6044,272.2101
STARLINK-3758,6917.89947138335,53.1597,22.819,277.1238
STARLINK-3760,6917.88738247361,53.1612,22.396,259.2334
STARLINK-3769,6917.89636585813,53.1601,22.6493,270.2366
STARLINK-3768,6917.72375487662,53.1592,22.5699,263.6541
STARLINK-3564,6917.97455829749,53.1607,12.6987,263.7185
STARLINK-3742,6917.92009448224,53.1596,22.6354,270.4687
STARLINK-3744,6917.90550515983,53.1589,12.7143,271.9841
STARLINK-3724,6917.94366436298,53.1591,22.728,247.0608
STARLINK-3747,6917.91792120935,53.1587,12.7275,291.5566
STARLINK-3755,6917.90340220078,53.16,22.6687,267.3996
STARLINK-3756,6917.91623088717,53.1596,12.7463,276.0982
STARLINK-3688,6917.88295039604,53.1605,12.8298,267.0169
STARLINK-3750,6917.92618026674,53.1599,13.0798,278.3641
STARLINK-3752,6917.92474364137,53.1596,12.6134,272.4653
STARLINK-3749,6917.90501304281,53.1597,12.6476,275.0036
STARLINK-3889,6917.92651955497,53.1599,135.6784,264.5026
STARLINK-3831,6917.9043956042,53.16,133.8477,272.4566
STARLINK-3847,6917.89711167293,53.1602,133.8583,272.8929
STARLINK-3880,6917.90981500822,53.1602,133.9083,272.308
STARLINK-3814,6917.90365895732,53.1602,133.9244,275.0802
STARLINK-3823,6904.15435206704,53.1607,131.9445,41.3494
STARLINK-3797,6917.90382095848,53.1596,133.8747,269.8556
STARLINK-3792,6917.82076451138,53.1603,133.4842,252.3565
STARLINK-3818,6917.90218260752,53.1622,125.9376,276.6497
STARLINK-3843,6917.92047961938,53.1618,133.942,269.6771
STARLINK-3850,6917.89769548711,53.1608,126.0377,270.2632
STARLINK-3849,6917.89673876551,53.1605,133.8246,270.3229
STARLINK-3851,6917.90024165195,53.1611,126.0392,291.3531
STARLINK-3852,6917.91337598732,53.1612,124.2299,273.4159
STARLINK-3812,6917.90322797314,53.1611,123.9242,274.0112
STARLINK-3826,6917.89288437289,53.1615,125.9602,272.9869
STARLINK-3829,6917.8949414747,53.1602,123.9531,271.0894
STARLINK-3819,6917.88792043661,53.1612,123.9035,270.8588
STARLINK-3754,6917.90648328086,53.1597,123.9707,273.4432
STARLINK-3838,6917.89232806924,53.1602,125.8069,270.9363
STARLINK-3807,6917.93873701559,53.1603,123.9873,273.345
STARLINK-3877,6917.89627415961,53.1601,125.7899,265.0391
STARLINK-3801,6917.94036927486,53.161,124.081,272.1812
STARLINK-3821,6917.921463859,53.16,124.0356,277.0937
STARLINK-3837,6917.90418775361,53.1596,126.203,269.5972
STARLINK-3853,6917.93286822617,53.1607,124.0593,256.0924
STARLINK-3728,6917.93009889549,53.1611,124.0902,246.1497
STARLINK-3848,6917.88667945394,53.1598,114.1626,284.1437
STARLINK-3830,6917.91686666826,53.1602,124.1034,272.4742
STARLINK-3820,6917.90428250902,53.16,114.1434,267.9854
STARLINK-3874,6917.90904779358,53.1612,114.1309,270.7364
STARLINK-3808,6917.88055707711,53.1613,114.2144,276.0868
STARLINK-3817,6917.90751030832,53.1612,114.1818,268.5416
STARLINK-3834,6917.89992070668,53.1602,116.0498,271.1078
STARLINK-3841,6917.92636672243,53.1608,114.197,265.7649
STARLINK-3827,6917.90807578491,53.161,114.2363,272.9604
STARLINK-3798,6917.91018486077,53.1605,116.3371,269.3449
STARLINK-3796,6917.89695884201,53.1611,116.0655,269.357
STARLINK-3550,6899.85679611183,53.1599,112.1247,30.0985
STARLINK-3762,6917.92941726154,53.161,116.1002,276.8907
STARLINK-3785,6917.88016888892,53.1605,116.0828,270.132
STARLINK-3805,6917.91138611775,53.1611,112.9792,270.9112
STARLINK-3806,6917.89639031107,53.1599,115.8693,286.4473
STARLINK-3800,6917.90285200827,53.1601,115.8519,272.5355
STARLINK-3793,6917.90340220078,53.1624,102.4019,265.919
STARLINK-3799,6850.9781259403,53.2129,110.125,289.68
STARLINK-3811,6917.89941330755,53.1606,104.3371,269.4639
STARLINK-3909,6917.91643262538,53.16,352.826,270.3935
STARLINK-3872,6917.90924647464,53.1611,353.0354,285.2062
STARLINK-3888,6917.91426241201,53.1605,353.0201,268.8317
STARLINK-3890,6917.93977322501,53.1606,353.05,256.9996
STARLINK-3896,6917.89845352874,53.16,352.4699,271.1672
STARLINK-3899,6917.89790945045,53.1608,353.0759,270.2595
STARLINK-3898,6917.89836488676,53.1593,353.0977,271.6827
STARLINK-3856,6917.90913949253,53.1614,343.1643,269.7028
STARLINK-3900,6917.89896398431,53.1605,333.1764,284.4531
STARLINK-3903,6917.90421831987,53.1619,343.203,268.4238
STARLINK-3885,6917.90017440627,53.1594,333.1934,272.9432
STARLINK-3904,6917.8904757623,53.16,343.1812,267.9035
STARLINK-3863,6917.94478616104,53.1609,333.2074,275.8157
STARLINK-3873,6917.89099844285,53.1613,343.2124,266.5163
STARLINK-3864,6917.89127659452,53.1607,347.4476,269.5635
STARLINK-3828,6917.77438810837,53.1614,343.2543,286.269
STARLINK-3859,6917.90311793463,53.16,343.0128,276.7394
STARLINK-3862,6917.8985543972,53.1617,343.27,272.9366
STARLINK-3881,6917.94200153509,53.1597,343.3302,271.8239
STARLINK-3879,6917.89468777558,53.1598,343.2958,272.7478
STARLINK-3882,6917.88642269897,53.1608,343.4515,269.2699
STARLINK-3835,6917.9077120459,53.1596,333.3978,269.3337
STARLINK-3860,6917.89990848019,53.161,333.2269,237.9454
STARLINK-3825,6917.93314026874,53.1607,345.7436,275.1473
STARLINK-3878,6917.91118132326,53.1609,333.2933,266.738
STARLINK-3839,6917.91010844495,53.1615,343.6758,270.831
STARLINK-3813,6917.90971108272,53.161,333.3245,267.8087
STARLINK-3875,6917.91089094305,53.1617,333.2757,273.0403
STARLINK-3887,6917.90616539149,53.1597,343.0981,248.8705
STARLINK-3913,6917.90311487801,53.1618,333.3089,270.4558
STARLINK-3918,6917.8924808999,53.1611,343.1314,270.7943
STARLINK-3902,6917.88161466095,53.1601,333.3666,311.2592
STARLINK-3892,6917.89318392105,53.1599,343.1474,270.7508
STARLINK-3923,6917.90953074142,53.1618,343.1159,265.1828
STARLINK-3914,6917.88101251056,53.1604,333.3746,272.1787
STARLINK-3908,6917.90209702205,53.1608,333.3426,271.5833
STARLINK-3916,6917.90098135455,53.161,333.4069,272.0073
STARLINK-3883,6917.87606693516,53.1604,333.3578,270.2482
STARLINK-3857,6904.99356686176,53.159,332.1533,55.6622
STARLINK-3871,6917.9537238817,53.1613,328.3002,265.0239
STARLINK-3884,6917.9018586054,53.1601,333.4247,276.3261
STARLINK-3925,6917.89506373935,53.1614,323.5351,270.0126
STARLINK-3894,6729.56465011966,53.2198,324.1002,211.3902
STARLINK-3866,6917.90291008414,53.1598,323.2573,294.3375
STARLINK-3907,6917.91243760011,53.1604,333.0378,276.9565
STARLINK-3912,6917.89083338582,53.1617,323.3004,257.2873
STARLINK-3861,6917.91239175057,53.1618,323.8009,267.1075
STARLINK-3958,6917.86992318569,53.1605,52.4179,270.4737
STARLINK-3964,6917.89705054056,53.1597,52.4328,270.5662
STARLINK-3897,6917.90928315423,53.1608,52.3419,265.5022
STARLINK-3933,6904.85944353217,53.1594,52.1507,297.542
STARLINK-3757,6917.89624970667,53.1607,52.4674,260.8532
STARLINK-3940,6917.95307280874,53.1591,52.5557,272.0272
STARLINK-3845,6917.94712145873,53.1592,57.3785,276.1641
STARLINK-3937,6905.84821679487,53.1597,52.1565,4.3277
STARLINK-3926,6917.89799197917,53.159,52.5012,262.9526
STARLINK-3944,6917.9088460559,53.1593,57.4211,265.7159
STARLINK-3948,6905.39868709419,53.1599,51.8971,179.3303
STARLINK-3931,6917.89463886973,53.1603,52.3505,264.419
STARLINK-3935,6917.92315418438,53.1615,52.2704,265.4889
STARLINK-3965,6917.89797669607,53.1608,52.3181,269.9604
STARLINK-3969,6917.90610731555,53.1601,52.2853,273.5241
STARLINK-3966,6917.90213981479,53.1594,52.4547,269.3356
STARLINK-3858,6660.06888257813,53.2193,35.5051,256.2769
STARLINK-3770,6917.94187926837,53.1603,57.4307,265.0431
STARLINK-3943,6917.88453982994,53.1614,52.3828,267.8312
STARLINK-3953,6917.90281227214,53.1591,42.5142,270.1392
STARLINK-3956,6917.89818148958,53.1598,42.3999,258.6152
STARLINK-3955,6917.92414148159,53.1596,57.4798,265.034
STARLINK-3957,6914.46139372043,53.1584,42.4242,281.4005
STARLINK-3942,6917.89636891475,53.1599,57.4573,297.9639
STARLINK-3959,6917.91024905006,53.1599,57.5015,270.613
STARLINK-3911,6917.861752937,53.1609,42.4146,267.6006
STARLINK-3938,6917.88823526728,53.1613,57.2941,290.4653
STARLINK-3929,6904.32513536589,53.1609,42.1221,239.4917
STARLINK-3930,6914.88236143824,53.1601,42.4872,251.1028
STARLINK-3927,6917.90302012263,53.1602,42.7611,270.328
STARLINK-3901,6915.23153322543,53.1589,42.4752,314.43
STARLINK-3932,6917.91873121944,53.159,42.5571,272.9213
STARLINK-3836,6917.89316558137,53.1601,57.3282,269.839
STARLINK-3833,6917.89673876551,53.1597,57.6106,274.8582
STARLINK-3893,6831.7826463515,53.2184,55.0924,257.4274
STARLINK-3919,6917.8872174168,53.1604,57.3503,269.7898
STARLINK-3915,6917.89639336769,53.1592,42.5783,270.3679
STARLINK-3895,6917.90304151901,53.1594,42.5945,259.4946
STARLINK-3922,6917.88480881115,53.161,42.5609,268.0317
STARLINK-3906,6917.85646811634,53.1583,42.308,266.6502
STARLINK-3910,6917.90286423476,53.1586,42.6117,270.8126
STARLINK-3867,6917.82965598331,53.1605,42.2548,269.3705
STARLINK-3917,6917.89678155816,53.1592,42.3657,268.423
STARLINK-4019,6917.90338997428,53.16,209.8717,272.2202
STARLINK-4024,6905.88587821732,53.1588,202.2738,25.1971
STARLINK-4026,6917.89932160892,53.1589,205.0254,273.4833
STARLINK-4027,6917.90805744512,53.1578,202.9147,301.9194
STARLINK-4012,6917.89446158603,53.1598,205.0089,273.8541
STARLINK-4016,6896.84998594566,53.1584,202.1094,153.5198
STARLINK-4013,6917.82431620626,53.1583,202.9561,267.6872
STARLINK-4000,6917.90445673673,53.1589,209.4633,282.4373
STARLINK-3928,6917.87161042299,53.1585,202.976,275.5172
STARLINK-3947,6917.89505151288,53.1587,209.927,279.1514
STARLINK-3979,6917.90254023256,53.159,203.0092,272.3992
STARLINK-3997,6917.91666187338,53.1587,203.011,271.3073
STARLINK-3998,6917.89577898762,53.1595,209.904,277.556
STARLINK-3980,6917.89237086183,53.1588,207.8529,277.5776
STARLINK-4002,6917.90825306948,53.1591,203.026,272.6319
STARLINK-3982,6783.74645040313,53.2065,128.0386,357.8371
STARLINK-4011,6917.89604796992,53.1592,207.8701,272.4638
STARLINK-3996,6917.91363885806,53.1581,194.9389,285.544
STARLINK-3983,6917.90239962784,53.1584,193.1373,277.6709
STARLINK-3741,6917.8804103603,53.1582,193.1596,278.89
STARLINK-3975,6917.8829076036,53.1591,207.886,283.7554
STARLINK-3984,6917.88582054753,53.1593,194.9899,285.8124
STARLINK-4008,6917.90656886647,53.1594,208.0517,277.485
STARLINK-3986,6917.90634573257,53.1599,193.2194,279.5446
STARLINK-3988,6917.9066147159,53.1598,193.2351,274.1923
STARLINK-3990,6917.90790155697,53.1595,193.1865,280.1939
STARLINK-3992,6917.89166172766,53.1603,195.0717,274.1818
STARLINK-4001,6917.90375065609,53.1598,208.0687,274.9175
STARLINK-4022,6917.89959670481,53.1604,195.0659,275.8576
STARLINK-3989,6917.91053331694,53.1594,193.2529,276.9357
STARLINK-3794,6917.91903688368,53.1605,195.1097,275.9988
STARLINK-3995,6917.77491382347,53.1598,195.0555,283.626
STARLINK-3994,6917.89920851395,53.1591,193.0698,270.635
STARLINK-3974,6917.89898232403,53.1603,195.1163,274.1816
STARLINK-3978,6917.88953738286,53.1607,183.1477,270.0721
STARLINK-3967,6917.89982289479,53.1595,193.0381,290.9704
STARLINK-3961,6917.88887715517,53.1603,183.1665,276.1346
STARLINK-3941,6917.8923647486,53.1597,193.053,271.6303
STARLINK-3968,6917.89449215218,53.1588,183.2156,287.3159
STARLINK-3977,6917.8688197575,53.161,185.2434,269.736
STARLINK-3991,6917.89865832228,53.1602,183.3474,275.9887
STARLINK-3971,6917.89491702177,53.1595,183.1822,267.7529
STARLINK-3963,6917.91089705632,53.1588,185.0517,276.4663
STARLINK-3985,6917.92376857053,53.1598,183.199,276.4673
STARLINK-3973,6917.91973074165,53.1593,183.3547,267.222
STARLINK-3832,6917.89619774417,53.1586,183.2713,273.2731
STARLINK-3854,6917.90284895164,53.159,183.2652,274.0078
STARLINK-3868,6917.9036803537,53.16,185.0194,275.1374
STARLINK-3891,6917.89963032765,53.1601,175.4189,283.7068
STARLINK-4004,6917.91140140092,53.16,77.5041,283.1627
STARLINK-4084,6917.89067444203,53.1596,77.6527,261.0299
STARLINK-4082,6917.89814481014,53.1604,77.4867,269.7187
STARLINK-3960,6917.90662999904,53.1599,77.4527,274.1421
STARLINK-4081,6917.92315112773,53.1606,77.5223,247.6226
STARLINK-4044,6917.91145030706,53.1601,77.5694,267.8736
STARLINK-4037,6917.90920062517,53.1617,77.59,271.887
STARLINK-4070,6917.91153894946,53.1602,77.5531,268.4321
STARLINK-4064,6917.91298168125,53.1612,77.3381,272.8876
STARLINK-4079,6917.8919398794,53.1594,77.0839,269.2212
STARLINK-4076,6917.9091364359,53.1613,77.3535,267.2245
STARLINK-4067,6917.90426722589,53.1608,77.3217,270.2497
STARLINK-3972,6917.90173634045,53.1613,77.4061,270.3175
STARLINK-4075,6917.89820288592,53.1605,77.6699,269.0896
STARLINK-4071,6917.93973043169,53.1611,77.4223,274.2225
STARLINK-4073,6917.90716796579,53.1602,77.3706,270.6844
STARLINK-3976,6917.88125703862,53.1596,77.4531,271.2691
STARLINK-3936,6794.25629577047,53.2181,66.5131,285.3409
STARLINK-3934,6917.85339320508,53.1608,67.4647,263.7218
STARLINK-4006,6917.92116125113,53.16,77.437,270.4704
STARLINK-4074,6917.89857885015,53.1609,67.5219,267.1778
STARLINK-4031,6917.90770287601,53.1607,67.2508,270.733
STARLINK-3774,6917.86252625169,53.1622,67.0524,266.5735
STARLINK-4068,6917.9027694794,53.1613,67.266,266.9014
STARLINK-4017,6917.87178159205,53.162,67.5142,269.7576
STARLINK-4014,6917.87890345693,53.1605,67.2342,272.4664
STARLINK-4029,6917.91719984207,53.1605,67.3356,261.7124
STARLINK-4005,6917.89307388295,53.162,67.7383,260.6971
STARLINK-3981,6917.9179395492,53.1602,67.3522,261.46
STARLINK-4032,6917.91358995187,53.1599,67.2518,265.0067
STARLINK-4078,6729.18922605573,53.2055,329.8543,3.4386
STARLINK-4035,6917.91019097404,53.1626,67.3175,268.6838
STARLINK-3993,6917.89693744568,53.1604,67.2132,277.0623
STARLINK-3946,6917.79259869315,53.161,67.4485,270.8956
STARLINK-4072,6917.89490479531,53.1588,67.3836,281.1104
STARLINK-4041,6917.8983098676,53.1598,72.3055,265.202
STARLINK-4018,6917.90115558205,53.1601,72.3915,276.6458
STARLINK-4030,6917.92040931657,53.162,72.3355,263.6694
STARLINK-3987,6917.8914722177,53.1608,62.468,273.7307
STARLINK-4034,6917.95409679681,53.1603,71.8679,255.3778
STARLINK-4033,6917.9017027176,53.1606,72.4236,276.667
STARLINK-4020,6917.906177618,53.16,57.293,267.7224
STARLINK-3999,6917.90568550087,53.1602,57.5115,269.1346
STARLINK-3844,6917.91143502389,53.1605,57.2637,265.7517
STARLINK-3970,6917.93833047925,53.1605,57.5435,255.9516
STARLINK-4007,6912.44646682597,53.2165,57.1186,261.5197
STARLINK-3962,6917.89634140519,53.1596,57.4342,265.4757
STARLINK-4091,6917.88877628706,53.1631,318.7676,274.5497
STARLINK-4089,6917.90434364155,53.1601,318.6082,268.4777
STARLINK-4083,6917.83553678003,53.1611,318.625,271.717
STARLINK-4086,6917.89978315871,53.1601,318.9384,258.1947
STARLINK-4108,6917.89646061328,53.1616,318.678,256.0579
STARLINK-4080,6917.90237823147,53.16,318.6921,274.8099
STARLINK-4043,6791.64805562739,53.2191,306.4163,135.0307
STARLINK-4036,6917.90655052669,53.1619,318.7404,270.515
STARLINK-4092,6917.90687147274,53.1602,318.4155,284.8413
STARLINK-4048,6917.90704875724,53.1603,318.4754,270.3284
STARLINK-4049,6768.61020810944,53.2142,304.141,272.3198
STARLINK-4065,6917.92257647812,53.1615,318.5246,269.656
STARLINK-4046,6917.91226642853,53.1606,318.3833,271.131
STARLINK-4188,6917.88671613322,53.1597,318.5615,274.8124
STARLINK-4208,6917.90597588053,53.1616,318.4928,267.9252
STARLINK-4168,6917.89177787893,53.1615,318.6088,271.2446
STARLINK-4212,6917.9034297104,53.1619,318.8442,265.1983
STARLINK-4206,6917.90161101889,53.1606,318.5922,272.7867
STARLINK-4202,6917.90523923323,53.1611,318.8062,266.7789
STARLINK-4197,6917.90438032107,53.1615,308.6224,272.1416
STARLINK-4187,6917.90889496201,53.1604,318.7785,292.5447
STARLINK-3809,6917.89012730866,53.1615,308.6397,273.2527
STARLINK-4184,6917.89601740375,53.1612,308.6044,272.9949
STARLINK-4189,6828.53893335468,53.2139,304.8691,74.7484
STARLINK-4204,6917.88765756832,53.1606,308.6527,268.6603
STARLINK-4209,6917.88013526632,53.1617,308.7024,301.9711
STARLINK-4201,6917.92109400494,53.1632,308.7137,265.7253
STARLINK-4199,6917.90820722002,53.1618,308.7364,270.7477
STARLINK-4198,6917.87465478855,53.1612,308.7147,271.8237
STARLINK-4196,6917.88463458468,53.1609,308.7515,281.6715
STARLINK-4191,6917.87861308011,53.161,308.7197,273.2774
STARLINK-4112,6893.1738021292,53.1602,307.4428,74.5904
STARLINK-4010,6917.90722909838,53.1616,308.7691,268.6364
STARLINK-4270,6916.48748634627,53.1716,308.8022,276.1879
STARLINK-4267,6917.8941773208,53.1625,308.7874,257.2098
STARLINK-4274,6917.92865921143,53.1618,308.5557,262.8183
STARLINK-4272,6917.91419210935,53.1611,308.8208,269.8285
STARLINK-4126,6917.88852870173,53.1607,308.5884,270.2501
STARLINK-4261,6917.93962344841,53.1606,308.5677,271.6284
STARLINK-4266,6917.89088534822,53.1607,298.9151,274.8966
STARLINK-4207,6917.91107434108,53.1608,298.6661,281.8058
STARLINK-4213,6917.91115381356,53.1613,298.9177,261.1772
STARLINK-4211,6916.51227828202,53.1609,297.5056,276.8619
STARLINK-4193,6915.91569901373,53.1618,298.7116,225.6745
STARLINK-4200,6917.89479475714,53.1597,298.6802,277.5468
STARLINK-4214,6917.83182307379,53.1611,298.841,278.9754
STARLINK-4171,6910.80977609067,53.1601,297.5506,218.37
STARLINK-4139,6915.74582903896,53.1613,297.685,272.108
STARLINK-4186,6917.90412356446,53.16,298.8672,278.4032
STARLINK-4181,6917.89151806688,53.1623,298.3567,268.3854
STARLINK-4260,6917.90747057213,53.1606,17.7089,264.5448
STARLINK-4259,6917.9123856373,53.1603,27.5311,275.8017
STARLINK-4291,6917.80251706307,53.1604,17.7247,277.7259
STARLINK-4293,6814.73650758368,53.2176,18.4074,358.6676
STARLINK-4286,6917.83277365985,53.16,27.5689,246.3464
STARLINK-4285,6917.91812906097,53.1598,27.5829,265.6943
STARLINK-4269,6917.90146430097,53.1597,27.6019,273.5867
STARLINK-4256,6917.88984304388,53.1611,17.7575,267.9938
STARLINK-4296,6917.4730536459,53.1595,17.7892,208.3363
STARLINK-4295,6917.90803604871,53.1598,17.936,267.905
STARLINK-4254,6917.69488096207,53.1601,17.7524,276.0709
STARLINK-4217,6917.58385963965,53.1592,17.8717,256.743
STARLINK-4194,6917.90331967189,53.1601,17.807,271.1227
STARLINK-4190,6917.89039934703,53.1582,17.5928,271.2613
STARLINK-4121,6916.335064358,53.1603,17.8202,278.8375
STARLINK-4255,6917.71794155871,53.1597,17.6267,273.9679
STARLINK-4253,6917.89364852643,53.1596,17.8567,272.4423
STARLINK-4288,6917.86847436317,53.1568,17.6436,238.8075
STARLINK-4290,6917.89364852643,53.1595,17.6082,270.3495
STARLINK-4215,6917.91156645917,53.159,17.6746,278.3804
STARLINK-4275,6917.90305374551,53.1592,17.6489,271.421
STARLINK-4277,6917.90791684012,53.1578,7.7402,247.5067
STARLINK-4263,6917.84273190903,53.1599,17.503,272.3499
STARLINK-4265,6917.88843700346,53.1595,7.7533,279.024
STARLINK-4271,6917.90945432562,53.1597,17.6929,265.1964
STARLINK-4177,6917.9206324516,53.1601,7.7853,271.9353
STARLINK-4183,6917.89814175352,53.1608,7.7204,272.2329
STARLINK-4262,6917.87559010635,53.1599,7.8185,247.1506
STARLINK-4283,6917.87958202184,53.1598,7.77,255.427
STARLINK-4281,6774.94719952305,53.2131,356.2791,295.8681
STARLINK-4279,6793.57906162763,53.217,356.6084,101.3276
STARLINK-4282,6920.40595327868,53.1604,7.9518,270.4234
STARLINK-4287,6917.91728237137,53.1609,7.802,269.9365
STARLINK-4216,6917.90151626357,53.161,7.8513,268.62
STARLINK-4284,6917.88619039688,53.1599,7.9243,267.0701
STARLINK-4289,6917.90185554877,53.1605,7.9177,275.3711
STARLINK-4218,6917.88881602298,53.1605,7.9513,270.7679
STARLINK-4119,6908.17267072906,53.1601,7.4472,35.3326
STARLINK-4158,6917.9258318086,53.159,7.7026,285.8816
STARLINK-4143,6917.90114641218,53.1606,358.0631,270.2335
STARLINK-4160,6917.90414496084,53.1595,8.0787,270.6826
STARLINK-4137,6917.93298437918,53.1595,358.1132,276.8748
STARLINK-4115,6917.89610910227,53.1601,7.9852,269.8523
STARLINK-4167,6917.88058764311,53.1604,358.0959,258.4611
STARLINK-4151,6917.88825055033,53.1604,0.489,275.1335
STARLINK-4157,6917.89688853979,53.1601,357.831,281.6212
STARLINK-4155,6917.89097398996,53.16,357.8483,269.2859
STARLINK-4153,6917.90489383436,53.1594,357.8639,267.7919
STARLINK-4156,6917.91117521,53.1594,357.8817,268.6341
STARLINK-4362,6927.63289989663,97.3613,344.99,267.6677
STARLINK-4350,6927.63613292122,97.3614,346.1699,224.276
STARLINK-4331,6927.56689671436,97.3619,346.0977,284.2136
STARLINK-4352,6927.60357279365,97.3618,344.8917,258.7585
STARLINK-4355,6927.64164502213,97.3601,346.1833,267.3241
STARLINK-4345,6927.62473146515,97.3616,344.9894,276.7795
STARLINK-4343,6927.62588786574,97.3618,346.1507,254.6579
STARLINK-4336,6927.74800893836,97.3651,344.967,266.8944
STARLINK-4341,6927.69169306894,97.3615,344.5469,299.6236
STARLINK-4337,6927.58778824774,97.362,344.9626,271.6398
STARLINK-4339,6927.63681694873,97.361,346.1886,257.5887
STARLINK-4338,6927.62017028238,97.363,346.1345,277.3246
STARLINK-4314,6927.62765774238,97.3613,345.9679,257.8055
STARLINK-4252,6927.60664628157,97.3622,346.0709,266.5476
STARLINK-4317,6927.63530779409,97.3612,345.1001,320.7285
STARLINK-4320,6927.64950676322,97.3601,345.042,222.0561
STARLINK-4305,6927.62663630563,97.361,344.9568,266.1239
STARLINK-4308,6927.63112081449,97.3616,345.0449,266.0351
STARLINK-4311,6927.64172170698,97.3612,345.0897,255.2144
STARLINK-4307,6927.6134834241,97.3609,346.0822,286.7659
STARLINK-4313,6927.65333795141,97.361,346.1509,281.1521
STARLINK-4312,6927.5793070821,97.3623,344.6442,273.0411
STARLINK-4309,6927.61485146811,97.361,345.0615,263.9329
STARLINK-4325,6927.63724331574,97.3613,346.1415,250.8297
STARLINK-4323,6927.70236167729,97.3598,345.0163,261.7172
STARLINK-4342,6927.62590013524,97.3622,346.2558,271.6398
STARLINK-4328,6927.65219074158,97.3621,346.2434,272.7006
STARLINK-4344,6927.64231678143,97.3612,346.1189,255.8988
STARLINK-4346,6875.93934463721,97.6351,355.2945,124.1981
STARLINK-4310,6872.48996693186,97.5792,347.1884,256.3469
STARLINK-4348,6927.59576639505,97.3609,344.9493,279.7462
STARLINK-4347,6927.65404958983,97.3613,345.0218,266.8259
STARLINK-4322,6927.60056985815,97.3617,344.9468,256.9892
STARLINK-4327,6927.59136476153,97.3617,346.0062,276.1309
STARLINK-4330,6927.60154834239,97.362,345.6756,267.9684
STARLINK-4326,6927.64205298552,97.3606,345.0081,264.5837
STARLINK-4321,6927.62943682229,97.3608,344.99,257.6462
STARLINK-4251,6927.60237652682,97.3622,345.9569,275.1051
STARLINK-4319,6927.60962468479,97.3614,345.9869,274.0485
STARLINK-4324,6927.72960393112,97.3626,345.6418,269.6526
STARLINK-4318,6927.64061744545,97.3605,345.1371,254.3021
STARLINK-4333,6927.66665973028,97.3605,344.9835,275.6488
STARLINK-4150,6917.89389305561,53.1611,99.3632,272.1875
STARLINK-4023,6917.90281227214,53.1602,99.3313,268.3796
STARLINK-4152,6917.90474100301,53.1601,99.3466,272.6786
STARLINK-4145,6917.9007032019,53.1608,99.3802,273.8844
STARLINK-4141,6917.90828669242,53.1594,94.5691,273.0821
STARLINK-4185,6917.84836209523,53.1615,97.347,264.0053
STARLINK-4170,6917.91801596523,53.1621,97.3295,268.1502
STARLINK-4103,6917.90280921552,53.1603,97.4139,272.6775
STARLINK-4101,6917.90783736773,53.1612,97.3476,271.7693
STARLINK-4102,6917.91270047076,53.1614,97.4291,269.7965
STARLINK-4100,6917.88019639831,53.1619,97.3884,265.7462
STARLINK-4106,6917.90275419627,53.1607,99.2487,272.489
STARLINK-4094,6917.89885700259,53.1602,101.0501,271.8759
STARLINK-4021,6917.95704649589,53.1601,87.5527,282.1151
STARLINK-4040,6917.88669779358,53.1604,89.3951,272.1231
STARLINK-4045,6806.35860049203,53.2184,77.7557,343.3242
STARLINK-4098,6917.90433447167,53.161,87.3282,269.0215
STARLINK-4077,6917.8940947922,53.1608,89.3767,270.8502
STARLINK-4088,6917.9098883674,53.1616,87.3561,277.1254
STARLINK-4087,6917.87269551274,53.1616,87.2842,230.9325
STARLINK-4054,6917.90944515572,53.1624,87.3417,270.0664
STARLINK-4111,6917.9132904015,53.1607,87.4246,269.2224
STARLINK-4096,6917.91996304656,53.1615,87.3757,261.3105
STARLINK-4055,6917.91882597535,53.1605,87.4752,264.2422
STARLINK-4114,6917.93369963725,53.159,87.4104,296.6232
STARLINK-4104,6917.90386375125,53.1602,87.5859,267.6507
STARLINK-4116,6917.91181404657,53.1608,87.4585,268.799
STARLINK-4090,6917.90859235551,53.1599,87.5254,279.0744
STARLINK-4110,6774.01983321398,53.218,74.6353,22.101
STARLINK-3683,6917.90325853939,53.1602,72.4344,269.859
STARLINK-4105,6917.85841209778,53.1625,87.5105,277.0821
STARLINK-4117,6917.90561825505,53.1614,72.8021,266.7846
STARLINK-4095,6917.85990676368,53.1618,82.3327,269.6698
STARLINK-4052,6917.88030643591,53.1606,57.2547,273.2486
STARLINK-4299,6917.83846190031,53.1604,82.3274,282.6117
STARLINK-4300,6917.90048618171,53.1598,62.3117,268.9702
STARLINK-4205,6901.9609767897,53.1604,97.4543,204.7611
STARLINK-4292,6917.89760378854,53.1598,99.2982,269.0305
STARLINK-4294,6917.88473545264,53.1604,72.4059,276.598
STARLINK-4298,6917.90514447778,53.1604,62.3452,267.6764
STARLINK-4280,6917.88366564118,53.1605,87.5399,268.0554
STARLINK-4276,6917.91035603222,53.1581,47.1707,269.0153
STARLINK-4258,6917.88767285136,53.1606,47.3292,284.901
STARLINK-4278,6917.95208855788,53.1609,62.3629,272.9
STARLINK-4268,6917.90348778629,53.1612,52.2475,268.0875
STARLINK-4257,6917.91324760859,53.1585,47.1738,272.9428
STARLINK-4391,6927.62383272444,97.3605,226.1029,250.1679
STARLINK-4332,6927.65547900204,97.3597,226.0883,248.3642
STARLINK-4369,6847.52542110915,97.6003,227.1251,221.1305
STARLINK-4375,6927.67660126069,97.3597,226.1165,189.67
STARLINK-4351,6927.61369507212,97.3601,224.7665,218.4694
STARLINK-4382,6927.62162421608,97.3623,225.9128,259.7577
STARLINK-4403,6927.614538597,97.3622,225.0021,329.3406
STARLINK-4385,6927.62019482134,97.3584,225.0587,200.5683
STARLINK-4395,6927.65057728685,97.359,226.1099,257.0273
STARLINK-4417,6927.62056597312,97.3598,226.0938,269.9033
STARLINK-4405,6842.16762446179,97.6003,228.2342,47.8592
STARLINK-4411,6927.65071838742,97.3594,226.125,266.8941
STARLINK-4409,6927.60567086288,97.36,225.8588,242.3797
STARLINK-4410,6853.89718500755,97.6006,226.9522,246.239
STARLINK-4397,6927.50230296672,97.3603,225.6704,224.991
STARLINK-4408,6927.63928926481,97.3621,225.8472,257.6168
STARLINK-4413,6927.65250668435,97.3613,224.7211,291.3913
STARLINK-4425,6927.61003571082,97.3694,224.7524,227.1967
STARLINK-4423,6927.64009905616,97.3619,225.1128,230.3944
STARLINK-4427,6927.63851014759,97.3617,225.0002,241.3606
STARLINK-4416,6927.63134473339,97.3612,225.8456,286.625
STARLINK-4414,6927.62762093384,97.3596,224.9968,204.4641
STARLINK-4353,6927.6285748886,97.3596,224.9893,222.9798
STARLINK-4335,6927.55583294599,97.3619,226.1599,283.0493
STARLINK-4376,6927.63450107152,97.3588,224.9943,235.6055
STARLINK-4384,6927.63641512089,97.3641,226.1991,253.7917
STARLINK-4373,6927.59932758241,97.3604,226.1346,275.0648
STARLINK-4363,6927.63187232319,97.3576,224.972,222.4585
STARLINK-4377,6927.79818774405,97.3605,225.0711,257.6831
STARLINK-4356,6927.63562066755,97.3577,224.9607,273.9576
STARLINK-4358,6927.61759676024,97.3615,225.7955,267.0849
STARLINK-4359,6927.64142110241,97.3596,224.7189,231.2147
STARLINK-4366,6927.59896256817,97.3615,225.8635,272.3128
STARLINK-4365,6927.6759018862,97.3602,225.0869,240.9247
STARLINK-4367,6927.63314528736,97.3717,226.1327,262.8856
STARLINK-4364,6927.64504369639,97.3598,226.1549,237.443
STARLINK-4370,6927.64162048299,97.361,226.1312,222.4088
STARLINK-4371,6927.63512681829,97.3613,224.957,203.905
STARLINK-4372,6927.64586882641,97.3559,225.0053,142.062
STARLINK-4368,6822.64265406606,97.6021,227.2861,199.9669
STARLINK-4056,6917.89861858622,53.1606,123.9252,271.1888
STARLINK-4047,6917.91288081227,53.1609,130.5408,270.274
STARLINK-4125,6917.91756663897,53.1599,130.8118,274.6436
STARLINK-4131,6917.900079651,53.16,130.7556,259.2126
STARLINK-4061,6917.90221928701,53.1615,126.1362,262.3525
STARLINK-4135,6917.89682435081,53.1601,124.0251,271.9202
STARLINK-4128,6917.89528381572,53.1626,120.9996,273.0482
STARLINK-4059,6917.89464803958,53.1601,120.9779,273.2331
STARLINK-4129,6917.89965783724,53.1608,121.0284,277.6587
STARLINK-4132,6917.8998962537,53.1611,120.9616,272.3181
STARLINK-4133,6917.91548201058,53.1602,118.9599,272.2177
STARLINK-4134,6917.87836549568,53.1615,121.0166,268.2473
STARLINK-4142,6917.8736644524,53.1612,118.9932,266.8514
STARLINK-4147,6917.90104554362,53.1606,118.976,273.428
STARLINK-4144,6917.89964866737,53.16,119.0431,270.2969
STARLINK-4127,6917.93175560292,53.1603,120.7956,249.4307
STARLINK-4140,6917.93134601095,53.1607,120.6378,284.2111
STARLINK-4062,6917.93594933906,53.1609,120.8814,265.7849
STARLINK-4085,6917.90708849342,53.16,120.8469,269.1868
STARLINK-4130,6917.90907530327,53.161,119.1096,270.6569
STARLINK-3950,6917.93841912251,53.1597,120.8621,276.3911
STARLINK-4097,6917.91253541244,53.161,119.1416,273.0168
STARLINK-4058,6917.91089094305,53.1607,119.125,274.8554
STARLINK-4060,6917.90845480712,53.1614,119.1757,270.5755
STARLINK-4109,6917.94065354483,53.1617,119.1589,279.8884
STARLINK-4122,6917.91894518441,53.1605,110.9725,273.3404
STARLINK-4051,6917.9100564822,53.1613,111.056,269.8808
STARLINK-4050,6917.90638852537,53.1596,109.2187,288.4689
STARLINK-4179,6917.8797012292,53.1608,109.2854,249.0705
STARLINK-4174,6915.57979012033,53.1613,109.247,246.8709
STARLINK-4178,6917.89756405249,53.1616,111.1337,272.0153
STARLINK-4180,6917.90652913029,53.1621,111.0876,277.3916
STARLINK-4169,6917.90265638429,53.1599,62.2423,265.1729
STARLINK-4164,6917.9315874868,53.161,111.1201,263.8717
STARLINK-4175,6917.88737330379,53.1606,107.3034,286.0324
STARLINK-4173,6917.80674116854,53.16,109.1364,226.6398
STARLINK-4165,6917.89503928642,53.162,108.9315,264.1415
STARLINK-4107,6917.93538691344,53.1604,109.17,287.6007
STARLINK-4162,6917.88476296208,53.1605,109.1209,271.0331
STARLINK-4176,6917.91105294464,53.1606,106.2061,268.8599
STARLINK-4149,6916.99138520669,53.2156,111.0088,286.1442
STARLINK-4166,6917.90787710393,53.1605,102.1312,273.0411
STARLINK-4159,6917.90382707173,53.1604,109.2866,272.728
STARLINK-4148,6917.88497386782,53.1591,99.3011,290.2409
STARLINK-4146,6917.88418220723,53.1611,99.0669,270.4679
STARLINK-4522,6917.90704264398,53.1594,47.3588,266.275
STARLINK-4523,6917.91074116801,53.1607,47.3897,267.8636
STARLINK-4517,6917.89574230822,53.1602,47.3744,269.1901
STARLINK-4521,6917.9152374795,53.1607,47.4072,272.1224
STARLINK-4535,6917.92917578588,53.1602,47.441,273.5043
STARLINK-4530,6917.90870239424,53.1612,47.4227,266.1097
STARLINK-4544,6917.89186040747,53.1598,36.9815,269.8811
STARLINK-4534,6917.89469388882,53.1607,47.4627,272.6565
STARLINK-4524,6917.90687452937,53.1599,47.5227,271.0006
STARLINK-4515,6917.91102543494,53.1613,47.4738,275.3339
STARLINK-4512,6917.89318697766,53.1599,47.5567,247.8271
STARLINK-4528,6917.91138000448,53.1605,47.5056,268.5888
STARLINK-4520,6917.91728848465,53.1612,47.3089,273.9466
STARLINK-4525,6917.90246076032,53.1608,47.5401,271.0251
STARLINK-4499,6917.91255680889,53.1608,47.6252,260.2817
STARLINK-4507,6917.90364673082,53.1603,47.7654,266.6138
STARLINK-4509,6917.90232932548,53.1595,37.332,268.6237
STARLINK-4510,6917.91241314702,53.1605,47.3418,264.8168
STARLINK-4533,6917.91342795013,53.1611,37.4529,274.3704
STARLINK-4491,6917.91993248012,53.1596,37.4064,272.5582
STARLINK-4490,6917.89567200603,53.1602,27.9222,269.8665
STARLINK-4492,6917.90056259727,53.1594,37.4175,265.1733
STARLINK-4497,6917.8991412683,53.159,37.386,269.628
STARLINK-4496,6917.91846834821,53.1603,37.4692,274.6983
STARLINK-4500,6917.89096787673,53.1599,37.4342,273.9799
STARLINK-4304,6917.91442441379,53.1601,37.4858,264.6684
STARLINK-4479,6917.90770287601,53.1604,37.5008,270.9718
STARLINK-4480,6917.89623442358,53.1608,37.5178,259.2412
STARLINK-4484,6917.88781956854,53.1601,37.5181,269.6683
STARLINK-4481,6917.8992451934,53.1598,27.2615,277.5293
STARLINK-4476,6918.01841317678,53.1606,37.5359,276.1949
STARLINK-4552,6917.89031681853,53.1602,37.584,268.3096
STARLINK-4545,6917.90598199379,53.1604,37.5498,267.3547
STARLINK-4546,6917.88373594307,53.1596,37.6173,270.5537
STARLINK-4539,6894.02748083901,53.1594,37.4558,7.6894
STARLINK-4532,6918.01356211496,53.159,37.3536,264.8103
STARLINK-4531,6909.99440447963,53.1591,37.5518,287.688
STARLINK-4558,6917.90584138889,53.1581,27.9031,272.039
STARLINK-4543,6917.89824567859,53.1602,27.5803,269.4004
STARLINK-4538,6917.91096430226,53.1587,27.5364,270.1472
STARLINK-4548,6917.89014870494,53.1604,27.2928,274.6306
STARLINK-4557,6917.91099181197,53.1599,27.3765,266.694
STARLINK-4549,6917.90979666843,53.16,27.5121,267.93
STARLINK-4498,6652.25783595838,53.215,358.2636,13.1978
STARLINK-4542,6917.90788321719,53.16,27.3993,265.4632
STARLINK-4527,6917.8897910815,53.1604,27.3279,269.3322
STARLINK-4526,6917.89768631725,53.16,27.308,274.4981
STARLINK-4519,6917.90851288311,53.1603,27.3793,260.5933
STARLINK-4415,6927.6449179331,97.3579,286.1352,253.0288
STARLINK-4398,6774.76317107476,97.6041,288.9611,5.1927
STARLINK-4394,6772.92716262168,97.6041,290.2967,147.945
STARLINK-4400,6927.64280756457,97.3587,285.0519,218.5817
STARLINK-4399,6928.07219943736,97.3632,286.1398,293.8221
STARLINK-4393,6927.66586220085,97.3663,284.9682,221.2488
STARLINK-4316,6927.64681358526,97.3585,286.1046,250.3546
STARLINK-4447,6927.65294532339,97.3593,284.9501,216.4481
STARLINK-4383,6831.59878636447,97.6015,288.3533,210.5351
STARLINK-4445,6927.66484381744,97.3642,285.0358,222.0706
STARLINK-4389,6770.44361615121,97.6047,289.1535,163.7837
STARLINK-4378,6927.62581118133,97.3676,285.0793,269.1086
STARLINK-4412,6771.08947738758,97.6049,289.1048,65.8728
STARLINK-4433,6927.7584078215,97.3587,284.9303,188.6737
STARLINK-4436,6927.63914816482,97.3572,286.2141,275.6019
STARLINK-4442,6809.34897792858,97.6055,289.5876,165.5472
STARLINK-4302,6779.74572300647,97.6084,288.9482,62.0527
STARLINK-4360,6927.60845602156,97.3595,285.0469,191.1849
STARLINK-4426,6927.65119076763,97.3608,286.0923,263.3222
STARLINK-4430,6927.61233009605,97.3598,285.0224,234.2204
STARLINK-4431,6766.28404088679,97.6065,289.2541,61.9481
STARLINK-4432,6927.60178759565,97.3577,286.0984,274.4591
STARLINK-4421,6927.61662747243,97.3585,286.2043,266.8753
STARLINK-4392,6927.63239377832,97.3582,284.9847,202.4681
STARLINK-4387,6853.6729414016,97.6049,289.0914,180.2124
STARLINK-4450,6751.43947188789,97.6039,289.6125,256.5168
STARLINK-4451,6823.76997988363,97.6016,287.4662,35.6486
STARLINK-4340,6927.63518509863,97.3571,286.1849,259.6309
STARLINK-4429,6928.04687428397,97.3595,284.9872,261.1692
STARLINK-4453,6927.64554674961,97.3587,284.9665,207.1233
STARLINK-4439,6927.65142695776,97.3593,286.0578,215.0601
STARLINK-4454,6844.19966291898,97.6036,289.02,119.3785
STARLINK-4455,6755.87092989316,97.6059,290.2076,280.3265
STARLINK-4434,6773.64977471464,97.6067,289.0794,167.498
STARLINK-4435,6770.53881456333,97.6042,290.3035,189.4798
STARLINK-4448,6763.55707181004,97.6045,289.1997,100.1911
STARLINK-4446,6714.09088270482,97.6064,296.662,144.3263
STARLINK-4437,6768.08861679725,97.6046,290.4051,104.3267
STARLINK-4443,6927.64975522282,97.3583,286.1544,252.4554
STARLINK-4402,6788.76253041663,97.6058,288.9479,317.2159
STARLINK-4503,6917.90955213784,53.1598,357.9969,270.071
STARLINK-4478,6900.64132835009,53.2162,355.3232,304.2876
STARLINK-4482,6917.89319003428,53.1607,358.1837,286.2009
STARLINK-4487,6917.90079184395,53.1598,358.0474,273.3283
STARLINK-4483,6917.89720337148,53.1596,357.8966,265.0195
STARLINK-4493,6917.90436503793,53.1599,357.9025,272.0444
STARLINK-4138,6917.86791195126,53.1608,357.929,271.9963
STARLINK-4053,6917.90082241017,53.1614,347.9658,265.4621
STARLINK-4120,6917.906498564,53.1606,357.8952,258.2425
STARLINK-4123,6917.74724361726,53.1611,357.9484,256.3087
STARLINK-4486,6917.89435154787,53.1607,347.9469,271.5538
STARLINK-4485,6917.91928447175,53.1605,357.9808,270.8431
STARLINK-4489,6917.7965446413,53.1611,348.6701,279.3022
STARLINK-4297,6917.91028267303,53.1608,348.0747,284.8024
STARLINK-4303,6917.89848409494,53.1607,348.108,271.3992
STARLINK-4475,6917.94406478676,53.1604,348.6533,281.1315
STARLINK-4477,6917.79157782134,53.1609,337.8669,286.8499
STARLINK-4474,6917.92476503791,53.1612,348.0915,271.4636
STARLINK-4513,6917.88587862305,53.1605,348.1579,271.6997
STARLINK-4514,6917.89470305866,53.1612,348.1409,268.3239
STARLINK-4495,6917.89165561443,53.1599,348.209,271.9712
STARLINK-4501,6917.8753425222,53.1602,348.112,251.1762
STARLINK-4506,6917.90900194411,53.1594,348.248,269.1204
STARLINK-4504,6917.91042939141,53.1599,347.5952,268.9829
STARLINK-4505,6917.90625097708,53.1602,347.9762,268.1859
STARLINK-4502,6917.88883741925,53.1597,348.225,272.8471
STARLINK-4494,6917.88901470259,53.1597,342.9845,262.2985
STARLINK-4564,6917.90783736773,53.1606,338.5531,272.5116
STARLINK-4563,6917.89984429114,53.1609,347.9916,272.1039
STARLINK-4565,6906.08992531847,53.1594,337.6733,207.4657
STARLINK-4561,6917.90005519803,53.1613,338.576,273.0765
STARLINK-4577,6917.91339432713,53.16,338.1885,268.6143
STARLINK-4575,6917.89046353586,53.1588,338.5372,284.3524
STARLINK-4576,6915.32645528326,53.1599,338.134,308.8368
STARLINK-4585,6917.89325727979,53.1606,338.2089,270.2584
STARLINK-4583,6917.91343100677,53.1603,338.0712,273.4208
STARLINK-4582,6917.89796141298,53.1607,338.1637,276.7945
STARLINK-4550,6917.84678490836,53.1589,338.0962,233.4723
STARLINK-4584,6916.48586716411,53.1602,337.2204,278.2877
STARLINK-4555,6917.89164033137,53.161,337.9602,268.2555
STARLINK-4559,6917.90741860942,53.16,337.983,274.4592
STARLINK-4551,6917.90611037217,53.1606,338.0278,270.8082
STARLINK-4581,6917.91256597879,53.1608,338.0309,269.8648
STARLINK-4553,6917.90943292919,53.1619,338.0036,269.685
STARLINK-4556,6917.88711043554,53.1599,337.9377,271.5196
STARLINK-4580,6917.89972813953,53.1613,337.9131,271.6226
STARLINK-4691,6917.97229633748,53.1601,168.5816,280.375
STARLINK-4673,6917.89337648774,53.1591,168.467,282.9669
STARLINK-4689,6753.50236668435,53.2189,155.043,232.6097
STARLINK-4674,6917.89317169459,53.1589,168.537,274.908
STARLINK-4672,6917.89750903335,53.1601,168.5201,275.0665
STARLINK-4681,6653.26615605411,53.2131,138.457,292.4028
STARLINK-4684,6917.88488828288,53.1594,168.4449,287.1456
STARLINK-4676,6917.90082852342,53.1609,168.2894,279.393
STARLINK-4677,6917.91567763547,53.1606,170.7492,268.4958
STARLINK-4675,6917.90799325588,53.1603,168.3526,280.6486
STARLINK-4648,6917.89970062994,53.1593,163.4124,271.5133
STARLINK-4692,6917.87830130713,53.1604,165.6311,278.241
STARLINK-4690,6917.90471349337,53.1599,163.3636,273.9921
STARLINK-4693,6658.15664158194,53.2133,138.5671,261.4531
STARLINK-4590,6917.89911681533,53.1611,160.5929,272.0836
STARLINK-4591,6898.15017758423,53.1598,162.5303,193.0105
STARLINK-4647,6917.88673141626,53.1602,158.8508,277.8667
STARLINK-4660,6909.17857252061,53.1592,162.2522,74.2481
STARLINK-4610,6917.91125468248,53.1603,160.5988,282.1927
STARLINK-4658,6917.89937357148,53.1608,160.5708,272.7702
STARLINK-4655,6917.90670641477,53.1602,158.8283,275.6303
STARLINK-4605,6917.89266429671,53.1596,148.5967,277.9643
STARLINK-4609,6917.85978450059,53.1605,160.5242,267.6354
STARLINK-4615,6917.89716669206,53.161,158.3496,281.5083
STARLINK-4608,6917.89541219361,53.1607,158.417,300.1792
STARLINK-4568,6917.91137694784,53.1597,158.2158,273.8795
STARLINK-4573,6895.61637770971,53.1591,157.3387,28.798
STARLINK-4596,6903.59039509999,53.1592,157.2834,56.3885
STARLINK-4554,6917.87785198731,53.1597,158.235,280.8217
STARLINK-4595,6917.91056082664,53.1598,158.2803,265.9265
STARLINK-4600,6917.9041633006,53.1604,158.1894,274.5769
STARLINK-4602,6917.90462179457,53.1602,160.3419,280.9558
STARLINK-4598,6917.91509381749,53.1598,148.7923,272.0572
STARLINK-4599,6917.85721697695,53.1603,158.1699,271.0511
STARLINK-4606,6917.91042633478,53.1608,148.7404,273.8807
STARLINK-4593,6917.95024232429,53.1596,150.5491,289.0721
STARLINK-4592,6917.90990365056,53.1603,148.6952,274.5379
STARLINK-4586,6917.92545889731,53.1606,150.4372,272.9013
STARLINK-4396,6917.88004968153,53.1599,148.8523,272.0184
STARLINK-4594,6917.89455022788,53.1601,148.2393,272.6883
STARLINK-4422,6808.90976690633,53.217,140.306,75.445
STARLINK-4597,6917.90189528488,53.1607,150.3905,273.1917
STARLINK-4588,6917.91053943021,53.1604,148.6681,271.1329
STARLINK-4622,6927.60925046711,97.3619,44.8023,282.5452
STARLINK-4386,6811.19439150473,97.6006,49.6145,274.5788
STARLINK-4380,6927.61067678885,97.3621,44.7899,291.803
STARLINK-4388,6776.86319520688,97.6017,50.1749,124.0642
STARLINK-4374,6927.63304406368,97.3596,45.0136,279.2638
STARLINK-4390,6797.16464075566,97.6032,48.7645,58.9865
STARLINK-4420,6927.5041525127,97.3607,46.0807,284.8572
STARLINK-4470,6764.49855052474,97.602,50.2672,10.601
STARLINK-4466,6927.67274856834,97.3645,44.7758,292.1631
STARLINK-4452,6927.62237878957,97.3597,46.1914,273.9135
STARLINK-4473,6927.60820756566,97.3603,45.0886,270.6855
STARLINK-4472,6927.60956333762,97.3595,44.9917,273.6285
STARLINK-4357,6782.88302362074,97.6017,49.7532,356.7106
STARLINK-4457,6927.63382931413,97.3616,46.1852,276.8126
STARLINK-4471,6927.63632309926,97.3686,45.8137,283.4083
STARLINK-4334,6794.351711089,97.603,49.9981,190.6264
STARLINK-4406,6841.99413516426,97.6022,49.4647,35.3353
STARLINK-4458,6774.66561945259,97.6021,50.1285,242.3348
STARLINK-4464,6799.45987166969,97.6018,48.6768,4.0505
STARLINK-4459,6927.58841091662,97.3599,46.1665,280.7033
STARLINK-4440,6927.61314294689,97.3604,44.9699,282.3545
STARLINK-4428,6927.50781173418,97.3597,45.0612,284.2097
STARLINK-4456,6843.22931733438,97.6037,48.0515,235.1375
STARLINK-4620,6927.61948932635,97.3598,44.7974,278.5293
STARLINK-4617,6927.60326912587,97.3625,45.9235,290.8344
STARLINK-4621,6927.62528359269,97.3601,45.0664,277.0437
STARLINK-4579,6927.62709334485,97.3602,46.1503,277.0971
STARLINK-4632,6927.50472915416,97.3601,46.251,289.2327
STARLINK-4630,6927.59750251166,97.36,46.1298,273.5101
STARLINK-4424,6768.14444199739,97.6024,49.4551,58.1514
STARLINK-4438,6927.61475331246,97.3605,46.0975,276.5804
STARLINK-4625,6927.48279232551,97.3603,45.0687,284.0138
STARLINK-4624,6927.62288797343,97.3616,45.0215,285.8988
STARLINK-4626,6927.60856031169,97.3617,44.6882,294.6813
STARLINK-4467,6927.57031676814,97.3711,45.0108,264.5212
STARLINK-4569,6927.63021593695,97.3618,46.0993,273.7332
STARLINK-4571,6927.5782089801,97.3608,45.0221,277.4857
STARLINK-4570,6927.62717309667,97.3594,45.0321,275.0808
STARLINK-4560,6927.61827158107,97.3605,46.1157,282.1809
STARLINK-4572,6863.69577689933,97.608,54.3207,259.8634
STARLINK-4566,6927.58685884568,97.3594,46.2305,299.7577
STARLINK-4725,6917.8995661386,53.1608,168.1915,271.5002
STARLINK-4711,6917.90602784321,53.1602,169.9557,274.9392
STARLINK-4724,6917.88100945396,53.1599,155.4527,270.6745
STARLINK-4731,6917.90982417812,53.1603,168.2597,283.1299
STARLINK-4714,6917.90430084878,53.1599,170.6398,273.5194
STARLINK-4717,6917.89211410633,53.1609,170.6181,275.9431
STARLINK-4716,6917.89623442358,53.1595,168.4458,277.7666
STARLINK-4667,6917.91270658403,53.1606,153.7297,278.0205
STARLINK-4694,6917.84559896224,53.1612,155.4355,265.4953
STARLINK-4685,6917.86278606102,53.1608,175.023,291.4112
STARLINK-4627,6917.903882091,53.1609,173.2965,274.049
STARLINK-4683,6917.89771688344,53.1599,172.8577,274.9892
STARLINK-4686,6917.88937538253,53.1599,177.9387,289.9718
STARLINK-4699,6917.89767103415,53.1584,177.9172,283.8659
STARLINK-4695,6917.89739899507,53.1596,178.5476,277.616
STARLINK-4644,6917.88355866006,53.1607,150.282,285.3072
STARLINK-4642,6917.90326159601,53.1603,180.0456,284.5766
STARLINK-4707,6917.89948666645,53.16,180.0937,273.2023
STARLINK-4700,6917.9213354799,53.1601,178.3466,276.1807
STARLINK-4705,6917.89335509144,53.1601,177.8997,273.9733
STARLINK-4663,6917.90509251512,53.1589,180.0705,274.4927
STARLINK-4697,6917.88283118854,53.1601,180.4106,265.9675
STARLINK-4701,6917.8971575222,53.1593,178.3972,253.4138
STARLINK-4640,6917.90130229995,53.1609,178.3722,289.5774
STARLINK-4651,6917.90789850034,53.1591,178.4652,281.051
STARLINK-4641,6917.89366992273,53.1595,178.42,284.0463
STARLINK-4636,6894.28412149797,53.2095,174.3134,291.9808
STARLINK-4661,6917.92798674779,53.1596,178.151,271.2351
STARLINK-4574,6917.90621735417,53.1592,178.5348,283.9357
STARLINK-4616,6917.91031935262,53.1593,178.4434,278.472
STARLINK-4618,6917.89686408685,53.1589,187.9894,285.0458
STARLINK-4652,6917.90106999661,53.1591,178.5123,273.8733
STARLINK-4662,6917.892954675,53.1588,187.9676,276.1696
STARLINK-4607,6917.90347861641,53.1591,188.0351,274.2127
STARLINK-4637,6917.92054686556,53.1613,188.0529,268.5755
STARLINK-4645,6917.87279332367,53.1598,190.5314,276.4356
STARLINK-4670,6917.91898492076,53.16,189.6718,261.2197
STARLINK-4656,6917.90655358332,53.1597,190.2553,279.5276
STARLINK-4589,6917.91683304522,53.1604,190.2093,258.4606
STARLINK-4612,6917.89720337148,53.1602,190.3023,285.3758
STARLINK-4718,6917.89951111942,53.1588,209.6106,273.6182
STARLINK-4719,6917.90072459825,53.1589,209.5881,272.5889
STARLINK-4722,6917.91165204493,53.1589,198.3161,271.3488
STARLINK-4664,6917.96451704319,53.1595,198.2696,268.2022
STARLINK-4709,6917.90035474697,53.1587,202.719,273.203
STARLINK-4706,6917.91000757607,53.1588,198.2472,284.0569
STARLINK-4678,6917.90668196174,53.1592,198.2926,280.265
STARLINK-4462,6917.90834171177,53.1597,198.1784,284.7535
STARLINK-4679,6646.01427363369,53.2116,167.9773,275.9422
STARLINK-4536,6917.90262887467,53.1601,199.9188,273.0585
STARLINK-4687,6917.91312534314,53.159,198.2007,275.5504
STARLINK-4743,6917.90154071656,53.1602,199.8725,277.8223
STARLINK-4666,6917.88216790584,53.1574,197.7211,275.8317
STARLINK-4734,6917.89565060971,53.16,199.8954,272.8484
STARLINK-4739,6917.90077961746,53.1592,198.3768,275.2866
STARLINK-4728,6917.90709460668,53.1598,197.7624,272.819
STARLINK-4730,6917.89857885015,53.1603,199.8761,275.3693
STARLINK-4742,6917.90480519217,53.1595,197.6967,272.1354
STARLINK-4723,6917.90986697097,53.1584,197.6292,273.0247
STARLINK-4712,6917.90266861079,53.1584,197.651,271.2697
STARLINK-4710,6917.89443407649,53.1584,188.2262,275.8409
STARLINK-4720,6763.99000499876,53.2069,132.1058,285.8917
STARLINK-4715,6917.90813691752,53.1601,189.8278,275.1294
STARLINK-4726,6917.85053837006,53.1594,188.113,273.0267
STARLINK-4727,6917.90620512765,53.1602,173.5201,312.7504
STARLINK-4729,6917.91319258914,53.1591,183.0624,271.1404
STARLINK-4763,6917.90553266948,53.16,173.5668,276.3216
STARLINK-4768,6917.90937790982,53.1597,175.1888,271.1049
STARLINK-4738,6917.90924341801,53.1593,227.667,277.3645
STARLINK-4758,6917.89218135181,53.1599,227.8664,276.6768
STARLINK-4748,6917.90411133795,53.1595,183.3478,275.9113
STARLINK-4757,6917.90132063969,53.1589,227.1021,284.7329
STARLINK-4751,6917.89547026932,53.1584,227.8199,270.5764
STARLINK-4756,6917.91338515722,53.1587,227.7073,277.0965
STARLINK-4764,6917.9077731785,53.1591,227.776,269.9105
STARLINK-4760,6917.90558463215,53.1594,227.6848,274.3726
STARLINK-4759,6917.90737887323,53.1585,227.7522,274.0557
STARLINK-4761,6917.90765396992,53.1596,227.6387,273.5429
STARLINK-4649,6917.90271751678,53.1596,227.7303,269.8989
STARLINK-4747,6917.90081629693,53.16,229.3796,264.1442
STARLINK-4771,6917.91590382676,53.159,229.4544,272.6064
STARLINK-4737,6917.9412557082,53.1592,229.3348,254.1135
STARLINK-4783,6917.87934360712,53.1592,229.403,273.3616
STARLINK-4778,6809.02400860249,53.2168,212.051,123.4496
STARLINK-4776,6917.88877323045,53.1597,229.6541,268.0183
STARLINK-4773,6917.93106785525,53.1604,219.9257,265.2306
STARLINK-4784,6917.8997525925,53.1592,218.1868,278.2883
STARLINK-4766,6898.47773348396,53.1582,217.5477,133.7941
STARLINK-4750,6917.89782080849,53.1603,219.904,272.8107
STARLINK-4754,6917.90076433434,53.1598,217.7281,273.1569
STARLINK-4769,6917.87844802382,53.1593,219.8815,289.7066
STARLINK-4745,6920.37526470319,53.1797,219.4954,231.1459
STARLINK-4753,6917.88714100162,53.1595,217.7701,277.042
STARLINK-4746,6917.89172591652,53.1584,217.6379,270.911
STARLINK-4777,6917.82113129549,53.1594,217.7047,274.8185
STARLINK-4780,6917.91788758629,53.1585,217.5929,249.5736
STARLINK-4770,6902.67275224914,53.1589,217.3715,149.9187
STARLINK-4767,6917.87528139031,53.1585,219.3099,290.1509
STARLINK-4755,6917.90931066391,53.159,217.6162,269.1319
STARLINK-4797,6917.90140928176,53.1596,212.7121,271.5906
STARLINK-4794,6917.94897686026,53.1588,217.5695,280.3786
STARLINK-4800,6917.90658720624,53.159,208.1862,272.9177
STARLINK-4703,6905.37856492415,53.1596,217.2794,167.2473
STARLINK-4795,6730.19200844084,53.2164,192.2613,63.2248
STARLINK-4809,6917.90840284439,53.1593,219.2876,275.8163
STARLINK-4798,6679.3969794095,53.2135,182.1814,30.738
STARLINK-4790,6917.9096805164,53.1584,214.3382,284.8657
STARLINK-4799,6917.90369869345,53.1594,208.117,280.1135
STARLINK-4781,6917.90776095198,53.1592,208.1457,268.086
STARLINK-4788,6917.90231404236,53.1599,208.0722,277.6209
STARLINK-4779,6917.90518421394,53.1585,207.5016,278.4218
STARLINK-4762,6917.90961327049,53.1595,188.4827,277.9281
STARLINK-4793,6856.41188560624,53.2192,190.3905,277.4227
STARLINK-4789,6917.86669237365,53.1603,188.0181,282.169
STARLINK-4810,6917.89988402722,53.1598,199.653,273.6711
STARLINK-4732,6917.89216606875,53.1601,188.0267,274.9073
STARLINK-4740,6917.91166732811,53.1585,187.8477,274.7839
STARLINK-5028,6917.93519128716,53.1597,249.4561,294.4224
STARLINK-5029,6917.88315824504,53.1596,247.5986,279.2297
STARLINK-5034,6645.16569259709,53.2099,212.9005,271.0699
STARLINK-5031,6917.84143592859,53.1599,247.6234,267.1626
STARLINK-5050,6917.91169178118,53.1591,212.7288,277.5802
STARLINK-5041,6809.9624771296,53.2152,238.2479,39.795
STARLINK-5046,6917.90147041422,53.1601,249.2507,269.8161
STARLINK-5052,6917.904921344,53.1605,247.538,272.2428
STARLINK-5043,6800.48280975044,53.217,241.6738,70.7907
STARLINK-5032,6683.14766942773,53.2136,222.2669,205.1133
STARLINK-5037,6917.89144470819,53.1605,249.2303,285.4839
STARLINK-5035,6750.22651291058,53.2162,233.1055,124.5678
STARLINK-5044,6917.90451481263,53.16,249.1612,275.3787
STARLINK-5042,6673.66140341883,53.2137,222.6284,349.4339
STARLINK-5045,6917.90007353776,53.1595,247.0305,276.8163
STARLINK-5021,6917.89870111496,53.1596,197.735,268.4106
STARLINK-5022,6917.91775920736,53.1612,249.2089,265.2298
STARLINK-4787,6917.89467860574,53.1591,247.0066,270.3295
STARLINK-5003,6917.8902251202,53.16,239.7568,272.4557
STARLINK-5054,6917.93958676842,53.159,237.3844,265.946
STARLINK-5057,6917.9077731785,53.1601,237.6267,276.0698
STARLINK-4796,6920.37263977653,53.1833,239.8148,280.2692
STARLINK-5048,6917.89054606436,53.1602,237.6484,270.938
STARLINK-5059,6917.90763257351,53.1601,237.3413,271.4777
STARLINK-5053,6917.90433141504,53.1596,237.5343,271.1483
STARLINK-5040,6917.90493357051,53.1585,237.5145,277.8699
STARLINK-5017,6554.81916776108,53.2028,201.3836,98.3271
STARLINK-5051,6905.17785331289,53.1591,217.1935,115.0319
STARLINK-5036,6754.00980964438,53.2167,223.9191,91.7655
STARLINK-5012,6917.9154911805,53.1585,237.4898,270.2328
STARLINK-5023,6899.620575962,53.2163,235.4553,277.8364
STARLINK-5025,6917.89140191562,53.1598,237.5798,275.958
STARLINK-5002,6917.90977221537,53.1588,237.3986,277.976
STARLINK-5004,6917.91293277508,53.1592,237.4443,273.149
STARLINK-5001,6822.08185194085,53.2161,227.149,211.8268
STARLINK-5011,6917.92737541736,53.1593,239.1038,269.7132
STARLINK-5014,6744.2801833878,53.2167,218.0525,174.0821
STARLINK-5009,6917.89276822157,53.1597,229.5801,277.5504
STARLINK-5018,6917.90655052669,53.1599,238.0537,271.0879
STARLINK-5010,6709.22826202635,53.2153,204.3193,276.6781
STARLINK-4772,6917.87425437482,53.159,222.9088,282.7738
STARLINK-4782,6917.89448603895,53.1602,227.4717,275.6361
STARLINK-4775,6917.90803604871,53.1593,222.8832,278.8741
STARLINK-5000,6684.42031741751,53.2123,186.1573,60.5155
STARLINK-4791,6917.89212938939,53.1595,222.4041,274.0031
STARLINK-4633,6917.89742650464,53.161,148.746,272.0829
STARLINK-4635,6917.92058354529,53.161,148.6969,270.5954
STARLINK-4634,6917.8962894427,53.1606,148.6774,273.2472
STARLINK-4629,6917.90965606334,53.1594,148.6082,285.7562
STARLINK-4468,6917.90096912806,53.1602,150.4402,276.8303
STARLINK-4567,6917.89006006323,53.1609,145.7713,272.5278
STARLINK-5156,6917.90389737413,53.1598,148.5859,273.653
STARLINK-5159,6917.76201854989,53.1615,128.4507,302.4255
STARLINK-5137,6917.907843481,53.1608,145.2086,273.367
STARLINK-5134,6917.89727367371,53.1606,130.8339,280.3424
STARLINK-5094,6917.89893953134,53.1603,145.8108,276.0217
STARLINK-5148,6917.92015561511,53.1598,143.6117,274.5232
STARLINK-5123,6917.88005885133,53.161,143.6568,290.8421
STARLINK-5133,6917.91826966649,53.1603,145.288,275.3148
STARLINK-5149,6917.90244242058,53.1607,130.6419,270.3378
STARLINK-5120,6917.92064773482,53.1621,140.7728,269.3626
STARLINK-5142,6917.9350567941,53.1608,139.055,291.4194
STARLINK-5147,6917.91099181197,53.1606,139.1002,281.2456
STARLINK-5119,6916.53544511854,53.1605,127.0032,339.7603
STARLINK-5113,6917.89894258796,53.1606,139.032,274.2009
STARLINK-5118,6917.89354154492,53.1601,128.914,269.5712
STARLINK-5108,6917.89494453132,53.1607,140.7511,275.1202
STARLINK-5121,6917.82404111785,53.1606,133.5276,288.1747
STARLINK-5125,6917.90105777012,53.1607,138.5972,275.5023
STARLINK-5097,6917.89972508291,53.161,140.7329,278.5734
STARLINK-5131,6917.89785748792,53.1602,138.5744,270.9699
STARLINK-5130,6917.89262761734,53.1603,129.1069,274.8136
STARLINK-5128,6917.87002710969,53.1602,138.5294,274.2421
STARLINK-5079,6917.8958126104,53.161,138.6197,271.3381
STARLINK-5088,6917.90072154163,53.1603,129.0843,270.6771
STARLINK-5109,6897.18583357794,53.1611,127.215,34.4755
STARLINK-5114,6917.89923908016,53.1599,138.5526,272.7727
STARLINK-5129,6917.90053814429,53.1605,138.4831,271.3293
STARLINK-5135,6917.92161363462,53.1607,138.5045,260.1709
STARLINK-5096,6903.53553889769,53.1597,137.0408,45.2945
STARLINK-5132,6917.9020389462,53.1604,138.463,270.4025
STARLINK-5145,6917.92756798643,53.1615,128.4728,282.489
STARLINK-5099,6918.05874120516,53.1604,137.2495,258.6592
STARLINK-5127,6917.89323588349,53.1608,128.4373,278.5741
STARLINK-5124,6917.89513404152,53.1612,129.0634,271.3281
STARLINK-5126,6903.15535819752,53.1622,127.404,186.5965
STARLINK-5098,6917.89793696002,53.1605,128.9513,282.3544
STARLINK-5055,6917.89585845966,53.2173,130.7904,276.0789
STARLINK-5195,6920.37666588884,53.2117,269.5778,275.9827
STARLINK-5189,6917.89545192962,53.159,227.4418,275.2123
STARLINK-5176,6917.87031137244,53.1601,269.4244,282.5794
STARLINK-5163,6915.32689808135,53.189,267.7272,160.2935
STARLINK-5158,6917.89967923359,53.1593,269.1064,279.0763
STARLINK-5226,6917.88907889139,53.1594,268.7709,270.7836
STARLINK-5167,6917.89429347218,53.159,269.0225,234.6984
STARLINK-5173,6917.78715201021,53.1608,269.0317,297.2333
STARLINK-5169,6917.9060156167,53.1599,237.3399,278.416
STARLINK-5209,6917.91129747536,53.159,234.0868,273.0794
STARLINK-5170,6917.91508159094,53.1603,269.286,268.7507
STARLINK-5172,6917.91000146281,53.1597,222.9489,274.5883
STARLINK-5187,6917.91218084275,53.1616,268.92,277.3807
STARLINK-5151,6920.4071127879,53.2103,269.1017,276.1371
STARLINK-5174,6917.90267778066,53.1611,268.875,267.9678
STARLINK-5222,6917.90584444552,53.1616,268.8965,275.217
STARLINK-5181,6917.88161466095,53.1609,268.8295,271.1581
STARLINK-5168,6917.89925130664,53.1605,268.8068,272.9542
STARLINK-5146,6917.9113555514,53.1608,262.0305,269.4689
STARLINK-5192,6917.87789172308,53.1607,268.7822,270.6792
STARLINK-5212,6915.33568992833,53.1607,262.296,292.9883
STARLINK-5201,6917.90311793463,53.1605,269.4158,272.7781
STARLINK-5171,6917.86653648783,53.1599,243.2586,275.2303
STARLINK-5175,6917.9055021032,53.1605,257.6488,278.7404
STARLINK-5160,6601.60587089671,53.2069,235.6387,13.0661
STARLINK-5210,6917.92235639958,53.1597,259.4145,279.7569
STARLINK-5178,6917.91012678475,53.1603,259.3459,277.8797
STARLINK-5183,6917.95788097092,53.1612,259.3904,277.0071
STARLINK-5166,6917.92345067917,53.1607,259.3279,281.2166
STARLINK-5211,6917.90082546679,53.1598,242.5977,272.777
STARLINK-5184,6917.91858144397,53.1595,257.0186,271.7031
STARLINK-5153,6917.91178348022,53.1598,259.3686,274.8565
STARLINK-5143,6917.89792779016,53.1597,258.9381,272.8579
STARLINK-5177,6917.93999636161,53.159,259.2564,277.124
STARLINK-5221,6917.91437856423,53.1601,256.9901,272.5842
STARLINK-5190,6699.78357436367,53.1725,51.439,224.4492
STARLINK-5213,6917.91567152219,53.1596,259.1649,226.6449
STARLINK-5193,6917.9164417953,53.1594,257.0322,272.6319
STARLINK-5188,6917.92171756057,53.1599,258.8876,273.9711
STARLINK-5197,6917.89128270775,53.159,232.5031,277.689
STARLINK-5217,6917.92148219887,53.1596,257.7071,275.9723
STARLINK-5198,6917.9202870508,53.1597,256.9627,312.0433
STARLINK-5185,6917.90630293977,53.1594,258.8416,275.9442
STARLINK-5204,6917.92024425779,53.1604,242.4017,272.5781
STARLINK-5179,6917.90180052955,53.1599,259.3108,260.4682
STARLINK-5200,6917.90658109298,53.1593,237.4188,275.0456
STARLINK-5203,6917.89583706334,53.1591,222.2905,297.9543
STARLINK-5290,6917.89708110674,53.1613,298.7751,262.6251
STARLINK-5297,6917.87660489596,53.1625,298.8828,269.7229
STARLINK-5294,6917.90194419086,53.1619,298.8676,269.7111
STARLINK-5233,6917.90637324223,53.1592,252.3356,275.6859
STARLINK-5269,6917.90847620353,53.1615,298.866,269.1976
STARLINK-5273,6917.89806228142,53.1616,298.815,274.0893
STARLINK-5161,6917.90662694242,53.1596,288.9132,277.1496
STARLINK-5278,6917.90618067463,53.1606,289.2328,273.5303
STARLINK-5279,6917.89661650079,53.1625,298.7914,275.3659
STARLINK-5280,6917.92528161163,53.1611,289.1896,276.5516
STARLINK-5243,6917.90929232412,53.1601,298.6786,271.5661
STARLINK-5245,6917.90879103654,53.1607,288.8695,272.6417
STARLINK-5282,6917.87271996547,53.1597,288.2588,249.4434
STARLINK-5155,6917.90891635843,53.1598,289.145,268.3936
STARLINK-5117,6917.90663916893,53.1619,288.8002,268.3276
STARLINK-5242,6917.90360088143,53.1593,288.279,280.0401
STARLINK-5248,6917.85630611794,53.1605,234.3009,265.6165
STARLINK-5256,6917.91696142411,53.1613,288.8238,270.3234
STARLINK-5154,6917.90360699468,53.1616,288.7326,268.7622
STARLINK-5186,6917.92862253159,53.1612,289.0738,269.5915
STARLINK-5164,6917.93126042458,53.1613,288.6213,269.5287
STARLINK-5122,6917.90460345481,53.161,288.7531,271.8284
STARLINK-5227,6917.88179500044,53.1614,288.6851,270.6507
STARLINK-5231,6917.90008270762,53.1602,258.9476,273.2554
STARLINK-5239,6917.90430390541,53.1616,288.6011,295.2648
STARLINK-5162,6917.89101983913,53.161,289.3184,285.9729
STARLINK-5235,6917.90295287688,53.1618,288.6647,272.5655
STARLINK-5240,6917.92139049951,53.1619,288.7174,274.0039
STARLINK-5238,6917.89617023461,53.1622,279.2136,274.3694
STARLINK-5281,6917.89307388295,53.1617,279.1924,269.7262
STARLINK-4619,6917.88296262245,53.1612,279.2618,268.642
STARLINK-5268,6917.9118965757,53.1607,278.665,276.3623
STARLINK-5263,6917.893850263,53.1598,279.1506,288.919
STARLINK-5271,6917.89725839061,53.1604,279.1027,266.4455
STARLINK-5258,6917.88765756832,53.1615,279.1689,271.9938
STARLINK-5237,6917.87268022978,53.16,278.7597,256.6211
STARLINK-5246,6917.89219357827,53.1603,278.7375,261.85
STARLINK-5244,6917.90098135455,53.1596,278.7813,275.1874
STARLINK-5250,6917.90832948525,53.1606,278.6882,268.5165
STARLINK-5199,6917.89785748792,53.1603,279.1192,279.9364
STARLINK-5205,6917.91019403067,53.1612,278.9392,268.4101
STARLINK-5247,6917.90058399363,53.1609,278.7118,217.1991
STARLINK-5241,6917.9079749161,53.1612,278.5724,265.1274
STARLINK-5249,6917.91086648998,53.1611,278.6197,269.72
STARLINK-5264,6917.89821205578,53.16,242.2661,272.7662
STARLINK-5262,6917.90996172658,53.1618,278.5975,267.4213
STARLINK-5255,6917.89395113129,53.1596,254.4653,270.9515
STARLINK-5259,6917.88873960775,53.1593,268.631,258.4901
STARLINK-5464,6917.86602298166,53.1614,323.6817,228.1853
STARLINK-5215,6917.89981983817,53.1615,323.6968,268.5985
STARLINK-5220,6917.89341928034,53.1603,328.67,265.4009
STARLINK-5202,6917.89911375871,53.1615,328.6925,270.6924
STARLINK-5214,6906.10556638628,53.159,327.608,46.359
STARLINK-5191,6917.90144596123,53.161,327.753,273.0716
STARLINK-5458,6917.90156211292,53.1608,328.2235,265.8043
STARLINK-5471,6917.87380811225,53.1613,328.259,280.8332
STARLINK-5472,6917.90501609944,53.1607,328.2355,253.6598
STARLINK-5444,6917.89559253399,53.1609,314.0953,270.0843
STARLINK-5448,6899.61932190016,53.1603,312.6403,17.2405
STARLINK-5451,6917.93102506207,53.161,323.1557,252.1177
STARLINK-5452,6917.86708667312,53.1598,313.6596,271.6455
STARLINK-5453,6917.91186600935,53.1617,328.1922,266.7133
STARLINK-5454,6917.86283802289,53.1599,313.3938,279.2017
STARLINK-5465,6917.91008704852,53.1614,328.1685,277.8281
STARLINK-5470,6917.88259277354,53.1606,328.0341,271.4183
STARLINK-5468,6917.9060156167,53.1613,328.1449,275.2326
STARLINK-5450,6917.90988225414,53.1615,313.6141,272.2929
STARLINK-5447,6917.92078222718,53.1601,313.6355,271.3067
STARLINK-5449,6917.91254763898,53.1609,313.5174,269.8098
STARLINK-5443,6917.91600775249,53.1612,313.5832,269.5392
STARLINK-5439,6917.90467375722,53.1613,313.5661,271.0197
STARLINK-5442,6917.95476315342,53.1603,328.1229,260.0556
STARLINK-5440,6917.9111843799,53.1602,273.8317,279.9429
STARLINK-5441,6917.89370354549,53.1603,328.0991,267.2679
STARLINK-5399,6917.90129313008,53.1617,313.498,267.6152
STARLINK-5446,6917.90103637376,53.1606,298.6979,273.8982
STARLINK-5445,6917.89774439301,53.1604,313.453,271.3215
STARLINK-5425,6917.89831292423,53.1618,313.5435,268.9376
STARLINK-5431,6917.89116349988,53.1614,328.0544,271.7371
STARLINK-5433,6917.90414190421,53.16,303.6051,280.7896
STARLINK-5436,6900.60253551956,53.1596,312.3109,183.8768
STARLINK-5415,6917.89253897556,53.1616,313.4297,271.7593
STARLINK-5435,6917.89176870909,53.161,328.1714,268.8413
STARLINK-5420,6917.9062418072,53.1618,303.4567,266.0357
STARLINK-5421,6917.90158962253,53.1606,303.5738,280.3551
STARLINK-5428,6917.90762340362,53.1611,318.7288,276.4067
STARLINK-5429,6917.88089024654,53.1605,328.0075,272.8522
STARLINK-5426,6917.54456236809,53.2103,273.7035,278.7758
STARLINK-5430,6917.88302986772,53.1616,328.0614,267.6149
STARLINK-5422,6902.56611405841,53.1592,312.0177,327.1625
STARLINK-5417,6920.38010155009,53.2116,313.5631,270.5299
STARLINK-5412,6900.052383634,53.1588,312.0546,295.2866
STARLINK-5410,6917.90854650605,53.1593,313.3605,281.5728
STARLINK-5413,6917.92458163898,53.1609,299.018,270.3488
STARLINK-5414,6899.31560368918,53.1597,312.0072,321.9132
STARLINK-5408,6917.84866469514,53.1622,308.4405,270.3003
STARLINK-5424,6917.91519468656,53.161,308.5959,263.0154
STARLINK-5382,6861.19283635172,43.0039,311.2655,88.2269
STARLINK-5385,6861.18162246984,43.0111,311.3487,90.8782
STARLINK-5101,6861.1597098684,43.0008,308.4906,110.8521
STARLINK-5106,6861.19610620255,43.0001,311.2902,77.7878
STARLINK-4643,6861.19308188984,43.0072,311.3172,82.6181
STARLINK-5107,6861.19658230752,43.0029,308.4579,99.7563
STARLINK-5383,6861.19952278161,43.0055,308.5213,81.9241
STARLINK-5381,6861.20189732153,43.0056,308.5492,86.2424
STARLINK-5394,6861.17562478359,43.0063,308.6185,85.8972
STARLINK-5395,6861.1796042754,43.0064,311.3694,83.5147
STARLINK-5386,6861.25140979165,42.9973,308.6505,211.0154
STARLINK-5389,6861.19745366968,43.0066,308.5807,95.0104
STARLINK-5372,6861.24368117609,42.9997,305.1332,87.7185
STARLINK-5368,6861.20444254315,43.0067,305.0866,202.7545
STARLINK-4659,6861.19741474284,43.0024,305.1662,97.2771
STARLINK-5387,6861.23297913067,43.0025,305.0224,89.9544
STARLINK-5304,6861.18978209898,43.0042,305.1818,82.0492
STARLINK-5388,6861.19910955797,43.0035,307.8599,89.8033
STARLINK-5082,6861.19823220655,43.0002,305.0563,87.1918
STARLINK-5360,6861.20165178263,43.0051,305.0054,95.1813
STARLINK-5061,6861.20486175635,42.9996,282.9121,93.7013
STARLINK-5432,6861.20908982448,43.0027,297.2303,77.88
STARLINK-5087,6861.18148772387,43.0023,293.7176,94.2372
STARLINK-5084,6861.18818310919,43.0027,293.6888,81.8449
STARLINK-5418,6861.21880362608,43.003,293.6432,94.0473
STARLINK-5427,6861.18662903574,43.0032,293.7397,86.7673
STARLINK-5416,6861.19155176854,43.002,293.698,86.391
STARLINK-5086,6861.19907063111,43.0032,295.7762,99.9567
STARLINK-5078,6861.20874247586,43.0098,297.1283,85.4614
STARLINK-5407,6861.20511627868,42.9983,293.7448,96.2196
STARLINK-5409,6861.20195122032,43.003,297.2266,101.7047
STARLINK-5406,6861.19409398619,43.0008,294.3279,89.757
STARLINK-5400,6861.18382931026,43.0035,293.6743,95.0571
STARLINK-5403,6861.19264171787,43.0016,297.1649,74.3838
STARLINK-5405,6861.1915547629,43.0023,297.1833,76.7965
STARLINK-5359,6861.21030853938,43.0047,299.921,84.4818
STARLINK-5411,6861.20359812819,43.0014,297.1543,63.9304
STARLINK-5398,6861.20446350381,43.002,293.6151,91.3092
STARLINK-5396,6861.1995467366,43.0003,294.3542,106.4233
STARLINK-5379,6861.20219376487,43,293.6661,84.6184
STARLINK-5402,6861.19626190983,43.0061,294.4624,96.837
STARLINK-5401,6861.20632600867,43.0028,296.9693,95.2043
STARLINK-5397,6861.2011098005,42.9992,294.4314,87.2799
STARLINK-5091,6861.19557320462,43.0022,294.2742,77.7641
STARLINK-5277,6950.18993150244,69.9993,159.9631,93.7761
STARLINK-5306,6950.19313524541,69.9993,159.9773,91.3484
STARLINK-5310,6950.24355448211,69.9994,160.596,92.0009
STARLINK-5291,6950.19349087348,69.999,159.6681,94.243
STARLINK-5236,6950.19264045861,69.9991,139.3936,93.2987
STARLINK-5260,6950.18591445927,70.0003,139.3656,93.3454
STARLINK-5261,6950.19208691598,69.999,139.3633,94.3391
STARLINK-5299,6950.1913261816,69.9994,159.9337,93.0451
STARLINK-5289,6950.19121176222,69.999,159.7066,94.4148
STARLINK-5331,6950.20800053743,69.9989,159.9971,92.3944
STARLINK-5298,6950.18957587482,69.9989,160.5772,92.7731
STARLINK-5330,6950.25386790159,69.9992,159.1386,101.6494
STARLINK-5317,6950.16466968546,69.9989,160.5629,95.8384
STARLINK-5337,6950.19328368147,69.9986,159.6453,95.5432
STARLINK-5332,6950.19116537598,69.9992,119.1317,90.9608
STARLINK-5338,6950.19354653701,69.999,139.3341,94.3167
STARLINK-5341,6950.17408292474,69.9994,119.3992,97.4335
STARLINK-5311,6950.17544667197,69.9988,139.9612,97.3726
STARLINK-5320,6950.1962987906,69.9989,139.3478,94.8154
STARLINK-5266,6950.1927456008,69.9991,139.9913,97.6275
STARLINK-5327,6950.19067368195,69.9992,139.3756,95.3234
STARLINK-5325,6950.18763693203,69.9993,139.9466,89.4314
STARLINK-5287,6950.20054159586,69.9992,139.9616,94.2277
STARLINK-5286,6950.19537415679,69.999,159.6738,93.1649
STARLINK-5293,6950.19719559292,69.9989,159.9919,92.972
STARLINK-5285,6950.18852445432,69.9995,139.0612,100.3125
STARLINK-5284,6950.1959617167,69.9992,139.9323,92.2668
STARLINK-5270,6950.17620430961,69.9994,139.0493,92.4095
STARLINK-5308,6950.1892542638,69.9993,139.0375,98.581
STARLINK-5321,6950.17225222657,69.9992,139.9147,88.3475
STARLINK-5322,6950.18071303094,69.999,159.6314,91.26
STARLINK-5318,6950.16454908241,69.9992,139.0171,99.6664
STARLINK-5316,6950.19206836148,69.9993,139.4082,95.0842
STARLINK-5295,6950.19055617018,70.0004,119.4321,98.9209
STARLINK-5288,6950.19619055586,69.9995,119.4443,97.7191
STARLINK-5315,6950.16219887005,69.9992,119.1013,92.4951
STARLINK-5309,6950.17744436187,69.9997,119.3992,76.2805
STARLINK-5312,6950.1895263962,69.9996,119.4142,92.605
STARLINK-5296,6950.19097983105,69.9995,119.031,90.7472
STARLINK-5313,6950.18628864087,69.9994,119.3699,94.5653
STARLINK-5305,6950.243925579,69.9989,119.3819,88.2085
STARLINK-4623,6950.207598521,69.9993,139.9763,99.4875
STARLINK-5257,6950.19239615766,69.9992,119.1295,93.7247
STARLINK-5265,6950.19590605312,69.9995,119.2142,90.9315
STARLINK-5180,6950.1889048211,69.9995,119.1718,89.9889
STARLINK-5196,6950.18878112458,69.9994,119.158,92.7326
STARLINK-5492,6861.20209495042,43.0056,118.7823,98.0371
STARLINK-5491,6861.19186617695,43.0042,101.9739,101.0295
STARLINK-5493,6861.19214465301,43.0037,118.8381,92.326
STARLINK-5652,6861.17567568751,43.0031,118.7092,93.6539
STARLINK-5660,6861.21279088663,43.0054,118.8651,88.3661
STARLINK-5655,6861.19663620621,42.9795,107.3003,276.0733
STARLINK-5667,6861.17815800344,42.9969,104.6045,111.4688
STARLINK-5658,6861.27425140644,43.0009,116.6776,98.1243
STARLINK-5671,6861.19144097701,43.0059,122.2621,86.9335
STARLINK-5675,6861.19517495343,43.0123,116.0139,84.1553
STARLINK-5670,6861.21995347417,42.9896,116.6934,85.3131
STARLINK-5657,6861.20381971223,43.004,116.7231,89.7255
STARLINK-5661,6861.18832384421,42.9992,115.9364,67.8686
STARLINK-5653,6861.19617806744,42.9975,115.6519,101.9627
STARLINK-5631,6861.20615532891,43.0021,115.958,87.5089
STARLINK-5663,6861.1957259175,43.0047,118.1705,99.7836
STARLINK-5609,6861.18577863754,43.002,127.1122,83.2876
STARLINK-5666,6861.18751536654,43.0084,127.1517,62.3124
STARLINK-5668,6861.18893469416,42.9994,115.9171,86.7209
STARLINK-5659,6861.18179015371,42.9959,116.022,60.0906
STARLINK-5547,6861.20731116047,43.0048,115.3238,86.0789
STARLINK-5608,6861.22080088856,43.0035,118.1388,97.0306
STARLINK-5649,6861.12100242504,43.0077,115.9993,72.8633
STARLINK-5647,6861.18874305495,43.0073,116.0956,87.6429
STARLINK-5651,6861.20230156245,43.0039,116.0776,89.3769
STARLINK-5622,6861.23204487463,42.9997,116.0586,54.053
STARLINK-5641,6861.18987791862,43.0047,125.1061,95.5766
STARLINK-5664,6861.18993481154,43.0026,141.9377,105.477
STARLINK-5665,6861.19557320462,43.0033,101.7441,112.7858
STARLINK-5574,6861.17790947231,42.995,101.6972,91.2009
STARLINK-5627,6861.20002583655,43.0021,119.5389,90.4916
STARLINK-5639,6861.1822333183,43.0031,136.3526,94.1273
STARLINK-5654,6861.22955951555,42.9995,101.6677,76.4177
STARLINK-5635,6861.25280519685,43.006,101.9284,94.6206
STARLINK-5625,6861.2341289847,43.0112,101.6857,92.1669
STARLINK-5644,6861.19327652372,43.0072,133.7379,89.6
STARLINK-5027,6861.20935632474,43.0083,141.9481,91.1898
STARLINK-5590,6861.17932280626,43.0055,139.2471,92.6992
STARLINK-5568,6861.21310829187,43.0038,131.0055,91.6176
STARLINK-5581,6861.22358867415,43.0036,134.4404,73.5262
STARLINK-5578,6861.24694509865,43.0018,134.4307,125.1175
STARLINK-5588,6861.18764711844,43.0074,141.9911,89.7777
STARLINK-5586,6861.21109905744,43.0102,101.8978,86.8034
STARLINK-5567,6861.20852388581,43.0033,130.9706,89.686
STARLINK-5572,6861.1957858049,43.0032,139.229,89.0835
STARLINK-5569,6861.20298128622,43.0011,130.924,85.5119
STARLINK-5571,6897.79753811711,43.0004,116.3452,179.4849
STARLINK-5575,6861.19628287042,43.0041,130.9784,118.2062
STARLINK-5576,6861.21382694538,43.0025,133.172,91.7305
STARLINK-5531,6861.17948749565,43.0072,101.809,97.8985
STARLINK-5537,6861.20831128453,43.0019,130.902,102.9473
STARLINK-5556,6861.18164043596,43.0025,130.9392,74.4776
STARLINK-5555,6861.19330347303,42.9986,131.0084,41.284
STARLINK-5085,6950.1816531219,69.9991,159.73,94.8651
STARLINK-4786,6950.19042628875,69.999,180.3571,93.7171
STARLINK-5274,6950.19067986678,69.999,179.4656,91.1326
STARLINK-5283,6950.1922755534,69.999,180.332,93.5726
STARLINK-5224,6950.32083957072,69.9992,160.0435,89.1758
STARLINK-5275,6950.13907721575,69.9995,179.7166,92.3934
STARLINK-5276,6950.1902469287,69.9991,180.3596,94.6727
STARLINK-5632,6950.20176928926,69.9989,179.7403,88.4693
STARLINK-5076,6950.18966864724,69.9991,179.701,93.8443
STARLINK-5071,6950.24044964009,69.999,179.7747,97.6215
STARLINK-5597,6950.20967972977,70.0002,179.7316,90.2747
STARLINK-5607,6950.17988117439,69.9989,180.6465,91.524
STARLINK-5623,6950.19325894212,69.999,179.7605,93.4581
STARLINK-5630,6950.1950525451,69.9989,179.82,91.7566
STARLINK-5019,6950.1922384444,69.9988,179.7899,90.9711
STARLINK-5633,6950.19166016252,69.9987,199.4175,91.5397
STARLINK-5605,6950.19421449943,69.999,179.8497,91.3046
STARLINK-5060,6950.18889863628,69.9986,200.2443,90.4138
STARLINK-5620,6950.19508656172,69.9987,199.4609,91.5014
STARLINK-5624,6950.19377537597,69.9987,199.4904,91.6874
STARLINK-5030,6950.22592434451,69.9985,199.5196,88.3549
STARLINK-5629,6950.20887878891,69.9986,199.476,93.5285
STARLINK-5604,6950.26938603632,69.9991,159.8105,93.1586
STARLINK-5598,6950.19463506844,69.9986,199.505,92.0544
STARLINK-5006,6950.22452346308,69.9984,199.4278,92.7786
STARLINK-5068,6950.23349159037,69.9985,200.4045,93.3622
STARLINK-5615,6950.21634393774,69.9985,200.3765,93.7947
STARLINK-5638,6950.17125956809,69.9986,199.7622,92.4065
STARLINK-5064,6950.19102003245,69.9987,199.7918,92.4175
STARLINK-5645,6950.19244254391,69.9985,200.4212,91.1542
STARLINK-5642,6950.19271467662,69.9988,220.0813,81.558
STARLINK-5643,6950.19178695159,69.9987,199.7773,90.2762
STARLINK-5637,6950.18457853858,69.999,219.4387,89.9255
STARLINK-5570,6950.19481752119,69.9988,220.0673,90.3231
STARLINK-5621,6950.21001989777,69.9994,219.4678,93.8005
STARLINK-5626,6950.19196940415,69.9988,219.4387,90.8326
STARLINK-5640,6950.2217433495,69.9986,219.4809,87.3906
STARLINK-5074,6950.13500149136,70.0006,179.4776,81.34
STARLINK-5634,6950.18759982309,69.9984,219.497,94.6386
STARLINK-5699,6861.28895721891,43.003,141.5883,153.2674
STARLINK-5686,6861.20247523635,43,141.5625,97.6117
STARLINK-5656,6861.19009650719,42.9986,141.6163,87.4219
STARLINK-5683,6861.21051515203,43.0014,141.6644,72.7065
STARLINK-5684,6861.20311603324,43.0017,140.9389,87.3843
STARLINK-5636,6861.17280410892,43.0031,148.0245,71.8227
STARLINK-5680,6861.20100200296,43.0028,143.8588,97.5834
STARLINK-5058,6861.21014684253,42.9968,140.9982,94.8583
STARLINK-5682,6861.1899707439,43.0086,140.969,83.3943
STARLINK-5020,6861.2077663067,43.0027,143.7101,88.9637
STARLINK-5669,6861.19237521923,43.019,143.6657,82.2459
STARLINK-5678,6861.19511506603,43.0079,143.6862,111.7805
STARLINK-5646,6861.18574569959,43.0048,149.1678,94.4873
STARLINK-5673,6861.20428084665,43.0047,140.9128,81.0145
STARLINK-5677,6891.12791694314,42.997,151.4291,251.3672
STARLINK-5676,6861.18250879902,43.0029,143.6042,76.202
STARLINK-5674,6861.1995706916,43.0058,140.9423,93.625
STARLINK-5628,6861.19638168466,43.0036,143.6885,96.295
STARLINK-5679,6861.24913701945,43.0016,140.8845,91.3672
STARLINK-5672,6861.19069837444,43.0129,143.6369,86.7306
STARLINK-5681,6861.19914249609,43.0073,140.973,82.8102
STARLINK-5708,6861.20294834806,42.9995,143.658,90.7485
STARLINK-5711,6861.19585168105,42.9986,140.8969,56.6707
STARLINK-5705,6861.21003305587,43.0016,134.4296,100.0319
STARLINK-5689,6861.20101996921,43.0109,152.3586,71.9313
STARLINK-5650,6861.20222370864,43.0034,141.4999,95.7076
STARLINK-5685,6861.20204704039,43.0032,133.7355,84.7056
STARLINK-5691,6861.20523305952,42.9974,130.8726,102.93
STARLINK-5688,6861.18381433847,43.0068,139.8589,92.0678
STARLINK-5690,6861.20130742933,43.0056,154.2451,100.1252
STARLINK-5694,6861.19378257189,43.0007,152.2468,96.4723
STARLINK-5692,6861.19701649138,43.0029,154.2988,94.6228
STARLINK-5696,6861.21031752254,43.006,152.3185,86.8029
STARLINK-5695,6861.20619725026,43.0007,152.2989,78.2893
STARLINK-5704,6861.16027579701,43.0008,152.223,78.2429
STARLINK-5701,6861.15390386681,43.0017,152.1866,73.7542
STARLINK-5706,6861.20502345289,43.0021,152.1588,88.3832
STARLINK-5371,6861.19758841643,43.0034,154.4312,91.1665
STARLINK-5373,6861.19645953831,43.0073,154.23,85.6433
STARLINK-5364,6861.18101162151,43.0038,136.42,89.0187
STARLINK-5013,6861.24911905288,42.9981,152.1883,105.2684
STARLINK-5362,6861.19143199391,43.0026,154.2732,90.2405
STARLINK-5344,6861.21181172165,43,152.2176,88.7104
STARLINK-5100,6861.18195184889,43.005,142.022,87.4161
STARLINK-5363,6861.18483242013,43.0009,152.2416,93.3697
STARLINK-5365,6861.20870654325,42.9982,152.3137,77.8748
STARLINK-5366,6861.24434893241,43.0076,151.6071,77.553
STARLINK-5141,6861.2067721716,43.0021,152.2737,106.8391
STARLINK-5367,6861.20722132898,43.0027,152.3692,57.9296
STARLINK-5749,6861.21114996202,42.9995,180.7368,87.3583
STARLINK-5737,6861.15777852561,42.9991,177.2271,59.8381
STARLINK-5739,6861.199037693,42.996,182.7981,77.4371
STARLINK-5732,6861.21167397981,42.9989,180.5632,92.7925
STARLINK-5738,6861.19719914806,43.0053,182.7516,86.5416
STARLINK-5747,6861.1991874117,43.0018,180.7953,58.9159
STARLINK-5745,6861.13613260769,43.0019,179.5193,97.6658
STARLINK-5751,6861.20051391971,43.0003,151.6704,72.2142
STARLINK-5752,6861.20040312782,43.0016,177.2278,70.2519
STARLINK-5754,6861.20313998826,43.0001,177.1552,94.7899
STARLINK-5757,6861.19991205031,43.0005,151.7454,102.87
STARLINK-5753,6861.20592775592,43.0025,186.2501,91.6195
STARLINK-5741,6861.20083731228,43.0012,167.1802,95.4619
STARLINK-5742,6861.19882509246,43.0011,179.2005,89.3349
STARLINK-5736,6861.25037671314,42.9997,177.4265,90.8812
STARLINK-5769,6861.1954354636,43.006,166.6319,47.3064
STARLINK-5767,6861.2024692476,43.0025,177.2994,83.6657
STARLINK-5727,6861.18808429525,43.0023,177.1784,54.0518
STARLINK-5728,6860.99567034932,43.0037,177.2745,75.2747
STARLINK-5697,6861.2026159721,43.0001,177.1836,93.4283
STARLINK-5762,6861.20343643173,43.0005,179.3558,93.4086
STARLINK-5760,6861.20631103676,43.0027,177.2446,86.2704
STARLINK-5759,6861.18479648783,43.0014,184.7564,88.2746
STARLINK-5703,6861.18843463561,43.0013,179.1906,84.3838
STARLINK-5750,6861.21322207867,43.003,190.3256,75.4111
STARLINK-5729,6861.19362087602,43.0091,177.1044,56.0925
STARLINK-5743,6861.1982591559,43.0025,165.9179,90.2231
STARLINK-5756,6861.22571769385,42.9984,166.5122,90.9633
STARLINK-5761,6861.16923185736,43.001,166.5457,80.804
STARLINK-5755,6861.16625548368,43.002,167.4872,87.5022
STARLINK-5744,6861.19069837444,43.0062,177.4281,88.5679
STARLINK-5764,6861.20163082199,43.0017,166.5737,89.5335
STARLINK-5735,6861.19966052283,43.0061,168.5727,80.3749
STARLINK-5748,6861.16763886823,43.0037,151.6645,87.3708
STARLINK-5725,6861.25572477012,43.0026,168.6245,90.8273
STARLINK-5700,6861.20790105396,43.0012,166.5147,99.1109
STARLINK-5726,6861.21220698087,43.0006,166.5393,114.6404
STARLINK-5719,6861.21249144776,42.9989,168.7024,99.3272
STARLINK-5722,6861.21256930187,43.0024,166.5935,88.8885
STARLINK-5730,6861.20973960607,43.0063,166.6358,65.6081
STARLINK-5734,6861.19712728313,43.0021,166.6796,81.6118
STARLINK-5714,6861.1999839153,43.0019,151.6795,45.6857
STARLINK-5712,6861.28158483881,43.004,165.8962,68.6217
STARLINK-5710,6861.15436199851,43.008,168.5584,80.5566
STARLINK-5721,6861.19445031607,43.0049,165.9225,68.5961
STARLINK-5717,6861.18679372556,43.0101,174.1278,84.1922
STARLINK-5720,6861.20582594695,43.0042,168.6093,86.7338
STARLINK-5718,6861.19907063111,43.0017,167.1612,95.3643
STARLINK-5709,6861.14789725818,43.0037,167.4186,77.37
STARLINK-5702,6861.18631762228,43.0003,166.4517,92.2739
STARLINK-5698,6861.19868735128,43.0011,166.4693,93.8827
STARLINK-5484,6950.26245574663,69.9992,320.0052,93.2201
STARLINK-5497,6950.18977688173,69.9994,320.0205,96.3978
STARLINK-5303,6950.19766564115,69.9996,319.9896,90.7332
STARLINK-5558,6950.16708484007,69.9998,319.3955,90.9118
STARLINK-5546,6950.18584333385,69.9995,319.4535,89.5546
STARLINK-5498,6950.18870999909,69.9993,319.4396,90.4801
STARLINK-5500,6950.15635427163,69.9994,319.6233,84.9935
STARLINK-5495,6950.19341974786,69.999,299.6796,90.2657
STARLINK-5218,6950.16535928765,69.9999,319.4104,92.8406
STARLINK-5062,6950.18985109967,69.9994,299.7358,91.3585
STARLINK-5507,6950.17738560626,69.9997,319.4252,89.8607
STARLINK-5508,6950.19213020981,69.9994,299.6627,91.3416
STARLINK-5069,6950.19279198706,69.9996,299.6463,91.0558
STARLINK-5065,6950.18628245605,69.9994,299.748,92.4435
STARLINK-5483,6950.18741737081,69.9996,300.1112,89.8536
STARLINK-5502,6950.17011538275,69.9991,299.706,101.339
STARLINK-5510,6950.18939342241,69.9997,299.9249,89.5935
STARLINK-5501,6950.13136179412,69.9991,299.6912,99.0547
STARLINK-5469,6950.19259407235,69.9993,299.6181,91.0821
STARLINK-5494,6950.19507419204,69.9992,299.6607,94.5161
STARLINK-5506,6950.19150863413,69.9994,299.7206,91.1017
STARLINK-5487,6950.18490942628,69.9995,299.6323,92.458
STARLINK-5067,6950.18378069736,69.9997,300.0788,89.1168
STARLINK-5070,6950.18858939499,69.9997,300.1028,90.7071
STARLINK-5267,6950.19602665754,69.9993,280.1245,94.9739
STARLINK-5328,6950.17198318825,69.9996,280.1524,95.7469
STARLINK-5307,6950.18981708311,69.9997,299.94,89.8589
STARLINK-5477,6950.19440313699,69.999,280.1369,91.6213
STARLINK-5467,6950.14012552519,69.9987,279.8004,89.7669
STARLINK-5475,6950.18538565725,69.9996,279.7443,90.7349
STARLINK-5479,6952.71477513472,69.9992,280.1463,90.417
STARLINK-5473,6950.18721017925,69.9995,280.0502,91.1135
STARLINK-5480,6950.18854610121,69.9997,280.1095,90.1984
STARLINK-5474,6950.2155893816,69.9993,280.0364,88.1028
STARLINK-5456,6950.20528228899,69.9989,279.8236,90.5715
STARLINK-5455,6950.19358055361,69.9997,280.0949,90.8465
STARLINK-5459,6950.18725347301,69.9997,280.0653,90.8212
STARLINK-5423,6950.19272704629,69.9991,280.0199,89.8915
STARLINK-5460,6950.19685851891,69.9991,280.1699,91.0996
STARLINK-5463,6950.18999335072,69.999,280.0043,90.5525
STARLINK-5462,6950.1746240942,70.0013,279.8059,91.2362
STARLINK-5232,6950.19371043518,69.999,279.7792,90.2972
STARLINK-5300,6950.1919601269,70.0011,260.1338,91.1976
STARLINK-5324,6950.19777696837,69.9994,259.9185,89.3995
STARLINK-5592,6950.19417120556,70.0004,359.3838,91.13
STARLINK-5594,6950.1993262727,70,359.3989,90.0234
STARLINK-5602,6950.19244872875,69.9998,359.4149,91.1117
STARLINK-5601,6950.2261964805,69.9999,359.3994,91.5948
STARLINK-5579,6950.19076026957,69.9997,359.2963,92.5629
STARLINK-5539,6950.14930056894,70.0003,359.3544,90.6474
STARLINK-5580,6950.19332079048,69.9998,359.3401,89.9505
STARLINK-5573,6950.18166549152,69.9998,359.3248,86.576
STARLINK-5577,6950.19529066144,70,359.3693,90.4205
STARLINK-5613,6950.20522044037,69.9993,359.0691,89.2198
STARLINK-5617,6950.16909489352,69.9992,359.2972,90.4199
STARLINK-5612,6950.18947382517,69.9993,359.2667,89.0451
STARLINK-5614,6950.18896357695,69.9995,359.0394,91.4455
STARLINK-5544,6950.18232726627,69.9993,359.2816,88.8347
STARLINK-5072,6950.19203743732,69.9994,359.2519,85.6377
STARLINK-5532,6950.18765239409,69.9998,359.026,90.2867
STARLINK-5611,6950.18537328761,69.9994,339.6422,92.6072
STARLINK-5603,6950.2041226275,69.9992,339.4282,91.6895
STARLINK-5593,6950.19309504398,69.9996,359.0549,92.0591
STARLINK-5499,6950.0534325975,69.9994,339.4427,93.2443
STARLINK-5595,6950.27905940128,70.0003,339.4583,96.0521
STARLINK-5599,6950.23330295015,69.9996,339.3696,90.3623
STARLINK-5606,6950.16558812429,69.9996,339.6411,92.9102
STARLINK-5584,6950.15475551325,69.9995,339.399,96.0489
STARLINK-5557,6950.1946288836,69.9989,339.383,94.0852
STARLINK-5591,6950.21454413614,69.9994,339.3553,89.5712
STARLINK-5835,6950.19420522217,69.9989,339.6335,92.244
STARLINK-5833,6950.19274250838,69.9992,339.4113,89.7532
STARLINK-5812,6950.18760600792,69.9999,339.3396,87.7074
STARLINK-5809,6950.19501852848,69.9994,339.3254,93.7974
STARLINK-5814,6953.25281106491,70.0002,339.2968,217.3014
STARLINK-5816,6950.19206526906,69.9993,339.2814,90.4934
STARLINK-5817,6950.19084067236,70.0001,319.2978,91.3789
STARLINK-5819,6950.19115300632,69.9994,339.2667,91.532
STARLINK-5820,6950.19676265383,69.9995,339.3446,90.5137
STARLINK-5826,6950.19417120556,69.9997,319.6905,92.7401
STARLINK-5825,6950.19123959396,69.9998,319.6891,92.123
STARLINK-5797,6950.19796251376,70.0006,319.9663,89.7846
STARLINK-5818,6950.1642243819,69.9994,319.6734,82.1328
STARLINK-5823,6950.21409263971,70.0005,319.3888,239.7811
STARLINK-5811,6950.19501234364,69.9994,319.6589,90.4911
STARLINK-5804,6950.19791612741,69.9993,319.6443,94.1141
STARLINK-5815,6950.15529977132,69.9995,319.8923,88.7499
STARLINK-5813,6950.16467277785,69.9996,320.0772,93.0788
STARLINK-5807,6950.26775938043,69.9997,319.616,94.317
STARLINK-5856,6950.1950216209,70.0001,59.3583,91.4705
STARLINK-5859,6950.18532071666,70,59.2963,89.8111
STARLINK-5796,6950.18845951366,70.0002,59.3431,93.651
STARLINK-5867,6950.19637300871,70.0003,59.3277,99.6971
STARLINK-5871,6950.2151966414,70,59.2968,86.585
STARLINK-5862,6950.18689166092,70.0001,39.4319,91.4237
STARLINK-5861,6950.1898139907,70.0001,59.2392,89.1576
STARLINK-5863,6950.18923261691,70.0005,59.2531,89.8688
STARLINK-5854,6950.1818943295,70.0001,59.4351,90.3782
STARLINK-5849,6950.18845951366,70.0002,39.4163,89.6087
STARLINK-5922,6950.18570726782,70.0001,59.2237,89.4445
STARLINK-5921,6950.18726584266,69.9999,39.3899,93.8559
STARLINK-5919,6950.18971194103,70,59.0276,92.43
STARLINK-5930,6950.22783857435,69.9999,59.0124,90.2861
STARLINK-5896,6950.08888251951,70.0078,39.2933,147.3168
STARLINK-5897,6950.19361457021,69.9993,58.9983,91.2151
STARLINK-5848,6950.19031805424,69.9997,19.0889,90.3844
STARLINK-5852,6950.19112826699,70,39.3769,90.7499
STARLINK-5927,6950.18222521689,70.0002,39.2876,90.2228
STARLINK-5920,6950.18708648281,70.0001,39.3596,90.0701
STARLINK-5882,6950.21831382501,69.9996,19.1047,99.429
STARLINK-5913,6950.19183643025,69.9997,39.3455,92.8
STARLINK-5909,6950.22826224091,69.9996,39.331,92.19
STARLINK-5918,6950.19246109842,69.9995,39.3015,90.4489
STARLINK-5864,6950.19587512891,69.9999,39.3164,92.2141
STARLINK-5914,6950.21603778584,70.0002,39.4033,88.1232
STARLINK-5917,6950.18279421958,70.0001,39.0595,90.6617
STARLINK-5932,6950.19983961524,70.0001,39.0792,89.9304
STARLINK-5926,6950.21444208557,70.0007,39.0741,94.1015
STARLINK-5925,6950.17967089099,70,39.2728,89.4741
STARLINK-5857,6950.19530921596,70,39.272,93.1672
STARLINK-5900,6950.20843966314,70.0004,19.4344,88.7414
STARLINK-5899,6950.20971993144,69.9997,19.4641,97.4407
STARLINK-5911,6950.19882839238,70.0015,19.4209,99.2269
STARLINK-5908,6950.18438990168,70.0001,39.0444,90.0903
STARLINK-5893,6950.18640306005,70.0001,19.4356,90.5938
STARLINK-5892,6950.18020896914,69.9995,19.1642,93.1584
STARLINK-5878,6950.17036277414,70,19.3904,93.8585
STARLINK-5883,6950.20124357666,69.9996,19.1344,88.9403
STARLINK-5884,6950.18721017925,70.0001,19.4049,90.2525
STARLINK-5928,6950.18489705665,69.9997,19.3761,88.9983
STARLINK-5929,6950.18329209704,69.9996,19.1928,90.1772
STARLINK-5938,6950.18547224471,70.0002,19.3871,89.3466
STARLINK-5933,6950.21805405957,70.0002,19.149,90.2353
STARLINK-5906,6950.18908108865,70.0002,19.4434,90.9671
STARLINK-5924,6950.1828529753,69.9994,19.1789,89.0599
STARLINK-5895,6912.94766805739,69.9963,11.3792,160.5199
STARLINK-5894,6950.19042628875,69.9995,19.1193,92.2165
STARLINK-5905,6861.19409997493,42.9998,230.866,78.0029
STARLINK-5915,6861.20150805255,42.9967,230.7246,86.2108
STARLINK-5916,6861.19651044262,43.0019,237.1058,96.4394
STARLINK-5947,6861.19551631159,43.0002,230.7001,85.5815
STARLINK-5946,6861.19840887456,42.9976,230.6241,86.622
STARLINK-5948,6861.20000188155,43.0012,227.3028,77.2776
STARLINK-5969,6861.19427364831,42.9996,230.673,94.0158
STARLINK-5956,6861.24784941549,43.0028,230.7618,88.0349
STARLINK-5903,6861.26188433131,42.9938,232.7944,79.1888
STARLINK-5902,6861.19444133296,42.9961,230.6059,90.1583
STARLINK-5901,6861.19710632253,43.0003,230.8128,66.2718
STARLINK-5910,6861.18184704646,42.9987,232.8926,88.7517
STARLINK-5944,6861.19573789498,43.004,237.1241,85.5484
STARLINK-5799,6861.20048697033,42.9994,230.6501,95.7999
STARLINK-5789,6861.19265070097,43.0066,230.8609,60.7887
STARLINK-5787,6861.20054386347,43.0008,234.1882,87.7424
STARLINK-5801,6861.14370521608,43.0037,237.0639,90.071
STARLINK-5794,6863.69431431556,43.0068,240.5848,82.6523
STARLINK-5806,6861.20726923911,43.0027,232.9256,95.1789
STARLINK-5803,6861.19970843283,43,230.6241,89.8663
STARLINK-5964,6861.20000487593,42.9989,234.1393,79.5589
STARLINK-5968,6861.19604332076,43.0015,230.7347,87.1187
STARLINK-5936,6861.20282258418,43.0019,216.498,93.7975
STARLINK-5940,6861.19373765637,43.0048,218.5849,85.246
STARLINK-5941,6861.19957668035,43.0059,230.8086,74.6471
STARLINK-5942,6861.20585589076,43.0002,216.5295,97.0467
STARLINK-5939,6861.21455458225,43.0059,218.6427,100.3162
STARLINK-5943,6861.20424491409,43.0062,216.7371,73.0257
STARLINK-5934,6861.18526660213,43.0073,216.6318,56.9621
STARLINK-5945,6861.20133737309,43.0014,222.2519,60.3062
STARLINK-5949,6861.20442457687,42.9992,218.7973,80.9693
STARLINK-5912,6861.24315715219,43.0075,216.6817,103.0135
STARLINK-5907,6861.22296883329,43.0067,216.6577,4.9936
STARLINK-5783,6861.20242732631,43.0058,218.5695,85.8817
STARLINK-5771,6861.18657513725,43.0014,216.7821,94.6741
STARLINK-5772,6861.19875023312,43.0004,216.431,87.217
STARLINK-5766,6861.19118945031,43.006,216.7758,76.6763
STARLINK-5770,6861.18368558111,43.0077,218.6012,79.8793
STARLINK-5777,6861.18297891293,43.006,224.0984,95.6455
STARLINK-5779,6861.20003781405,42.998,216.5073,91.1264
STARLINK-5774,6861.19314776592,43,218.6178,91.8361
STARLINK-5781,6861.21161708645,43.0009,218.748,97.7268
STARLINK-5785,6861.19701649138,43.0019,216.4507,83.2125
STARLINK-5786,6861.20673324463,43.0025,216.6418,90.4824
STARLINK-5782,6861.19577981616,43.0032,216.694,81.3799
STARLINK-5792,6861.18702429133,43.0013,218.7776,75.6379
STARLINK-5790,6861.18579959805,43.0051,216.6152,41.9175
STARLINK-5758,6861.19897181677,43.0021,202.332,96.4454
STARLINK-5793,6861.18665897934,43.0145,227.8346,64.1744
STARLINK-5795,6861.20509232364,43.0025,202.4645,68.0402
STARLINK-5798,6861.20243930382,43.0065,202.4836,72.4297
STARLINK-5800,6860.28717777942,42.9997,206.7411,121.2108
STARLINK-6109,6861.19447127665,43.0113,336.3404,90.9616
STARLINK-6090,6861.18283218947,42.9998,341.8231,92.1258
STARLINK-6089,6861.19216860794,43.0066,336.3694,89.4349
STARLINK-6077,6861.19646552705,43.0022,286.7301,83.0543
STARLINK-6088,6861.19786389869,43.0062,336.3143,81.5948
STARLINK-6076,6861.20165477701,43.0038,332.9311,92.3929
STARLINK-6095,6861.20094510982,43.0123,336.268,89.0664
STARLINK-6075,6861.19166555444,42.9933,338.9584,101.32
STARLINK-6096,6861.20153200756,43.009,336.3276,89.9237
STARLINK-6062,6861.20149008629,43.0047,336.2973,83.6474
STARLINK-6066,6861.12730840435,43,333.6053,233.4048
STARLINK-6030,6861.191809284,43.0036,333.6566,88.2814
STARLINK-6081,6861.1568592668,42.9993,333.4336,103.4972
STARLINK-6083,6861.20915270656,43.0004,333.634,99.2416
STARLINK-6082,6861.18516179957,43.0018,333.5794,85.0994
STARLINK-6084,6861.16599198194,43.004,333.7383,87.1773
STARLINK-6080,6861.14798409341,43.0014,333.6901,90.4607
STARLINK-6113,6861.19173442485,43.0196,336.2415,82.0215
STARLINK-6101,6861.2016427995,43.0029,330.1859,96.1461
STARLINK-6114,6861.19969645533,43.0036,333.7264,95.3683
STARLINK-6107,6861.20152601881,43.0054,319.3173,71.9253
STARLINK-6091,6861.20461022842,43.0017,319.415,92.8664
STARLINK-6079,6861.24040827417,43.0009,319.3835,99.5039
STARLINK-6092,6861.21471328496,43.0029,318.2489,91.8867
STARLINK-6094,6861.20180150147,43.0066,330.2154,106.3403
STARLINK-6115,6861.19658230752,43.0037,319.5168,94.1291
STARLINK-6126,6861.20980847694,43.0055,319.3308,95.1877
STARLINK-6119,6861.20380474034,43.0006,319.4897,92.6416
STARLINK-6124,6861.19896582803,43.0075,322.1895,87.6086
STARLINK-6104,6861.23011348094,43.0024,322.2117,87.5069
STARLINK-6122,6861.19301301939,43.0034,319.461,90.2791
STARLINK-6121,6861.23171848397,43.0027,271.7766,94.829
STARLINK-6117,6861.19920537794,42.9878,322.1705,330.8274
STARLINK-6120,6861.20075346976,43.0046,321.4792,90.653
STARLINK-6071,6861.19484557278,43.0019,318.6821,97.1628
STARLINK-5566,6861.18553310008,43.0029,318.7154,92.2471
STARLINK-5564,6861.19652541447,43.0021,318.7056,87.4909
STARLINK-5489,6861.20319388707,43.0016,318.7535,88.587
STARLINK-5090,6861.19057859986,43.0029,322.1396,92.308
STARLINK-4774,6861.19804655543,43.0074,319.3386,99.877
STARLINK-5375,6861.20420299278,43.0063,319.4428,93.2623
STARLINK-5377,6861.19873825563,43.0105,322.1709,86.5386
STARLINK-5376,6861.19476771918,43.006,318.6912,98.0889
STARLINK-5016,6892.88478393395,43.0026,328.1682,80.0882
STARLINK-5374,6861.17517263703,43.0163,318.7891,83.4304
STARLINK-5111,6861.19683982346,43.0152,322.1988,91.584
STARLINK-5140,6685.73549595606,43.002,273.2603,26.1824
STARLINK-5089,6861.19464794442,43.0015,282.9787,88.9908
STARLINK-30107,6861.1983040715,43.0115,8.1507,12.4621
STARLINK-30106,6861.20085527854,43.0055,20.0489,94.6716
STARLINK-30095,6861.18465575299,43.0044,354.4214,88.7086
STARLINK-30103,6861.09520974314,43.0035,20.067,89.6079
STARLINK-30113,6861.19181527273,43.006,20.0113,91.7811
STARLINK-30098,6861.17640930296,43.0014,23.4079,86.5826
STARLINK-30049,6861.16755502672,43.0137,20.1311,35.6061
STARLINK-30083,6861.19209674315,43.0087,355.1668,75.1209
STARLINK-30089,6861.16215623788,42.9999,340.8862,89.2654
STARLINK-30086,6861.10665682524,43.0061,20.0872,86.9196
STARLINK-30109,6861.2117248844,43.0122,25.4466,70.3935
STARLINK-30108,6861.20461621718,43.0064,12.1038,108.6025
STARLINK-30104,6861.22713404682,43.0006,20.15,92.351
STARLINK-30101,6859.38959524579,43.0023,22.7403,80.9561
STARLINK-30111,6861.17900540493,43.0029,19.8306,96.001
STARLINK-30099,6861.17831071535,43.0049,19.8486,102.8763
STARLINK-30094,6861.19722010866,42.9956,25.4182,88.6111
STARLINK-30112,6861.17101648539,42.9963,28.2934,157.6616
STARLINK-6038,6927.60337034846,97.3587,166.1915,288.3662
STARLINK-5954,6927.61733603406,97.3606,166.2281,274.1245
STARLINK-6039,6927.65162327165,97.3599,165.1385,275.4738
STARLINK-5988,6927.66130708521,97.3584,165.001,280.6801
STARLINK-5876,6931.93484413429,97.3597,166.2159,242.2586
STARLINK-6033,6927.64274928407,97.359,165.0437,282.4332
STARLINK-6035,6927.63060856175,97.3599,165.1189,295.2387
STARLINK-6034,6927.6129159621,97.3597,166.2333,249.8364
STARLINK-5981,6927.70429724577,97.3588,165.0219,288.1402
STARLINK-5980,6927.62072547638,97.3584,164.997,293.3031
STARLINK-5997,6927.61320429413,97.3589,165.0265,281.2724
STARLINK-5992,6927.61489134384,97.359,166.1845,294.8699
STARLINK-5984,6927.64135361975,97.3614,166.2094,302.9187
STARLINK-5991,6927.8405511673,97.3606,165.0051,322.5806
STARLINK-5093,6927.61490361329,97.3583,165.0337,280.7967
STARLINK-5553,6927.7177603736,97.3581,166.1031,285.8424
STARLINK-5548,6927.61309386909,97.357,166.2381,269.9784
STARLINK-5559,6927.59208865339,97.3584,166.2194,292.9622
STARLINK-5562,6927.66017827657,97.3569,165.0419,283.0555
STARLINK-5561,6927.61090990818,97.3585,165.0185,267.6842
STARLINK-5554,6927.61868260838,97.3597,165.1193,263.8634
STARLINK-5552,6927.69459180981,97.3652,165.1384,290.283
STARLINK-5540,6927.60221702461,97.3579,166.1109,280.6455
STARLINK-5543,6927.65087482501,97.3594,165.0301,283.8193
STARLINK-5955,6927.63114535355,97.3581,166.2087,283.2532
STARLINK-5976,6927.62947976561,97.3574,166.1088,283.1612
STARLINK-5974,6927.61823784003,97.3586,166.2251,280.7512
STARLINK-5979,6927.66863821776,97.3577,165.0093,276.1391
STARLINK-5837,6927.52670603094,97.3618,165.1321,276.6616
STARLINK-5829,6927.67813190985,97.3628,166.2048,302.1503
STARLINK-5888,6927.66227945607,97.36,164.9899,292.5603
STARLINK-5887,6927.61968563798,97.3602,165.1257,290.9145
STARLINK-5886,6927.61109701712,97.3586,166.2138,287.2951
STARLINK-5891,6927.69933409507,97.3591,166.18,272.8317
STARLINK-5885,6927.62290944504,97.3589,165.0177,270.931
STARLINK-5874,6927.61752314343,97.3603,165.0163,293.8955
STARLINK-5877,6927.61370427421,97.3588,166.0879,282.9192
STARLINK-5533,6795.81044698041,97.523,166.5578,10.546
STARLINK-5535,6927.62033285299,97.3608,166.1868,275.5967
STARLINK-5538,6927.6323232285,97.3595,166.2294,256.4749
STARLINK-5482,6927.64068492809,97.3598,165.1291,282.394
STARLINK-5551,6927.60664014686,97.3576,164.9974,290.5745
STARLINK-5549,6927.70272670515,97.3623,166.201,263.4501
STARLINK-5550,6927.61884824627,97.3577,165.1161,277.6171
STARLINK-5972,6927.69345992016,97.3587,166.1914,275.0043
STARLINK-6156,6861.19600139957,43.006,9.6293,97.9244
STARLINK-6158,6861.22701427064,43.0037,8.9167,89.7135
STARLINK-6188,6861.190719335,43.0065,8.8399,84.1162
STARLINK-6189,6861.18875203803,43.0039,9.6782,87.9914
STARLINK-6191,6861.19419280036,43.0089,8.888,114.2678
STARLINK-6157,6861.20531091342,43.0061,12.263,99.4556
STARLINK-6159,6861.16775265314,43.0036,9.5613,89.7379
STARLINK-6160,6861.2753353997,43.0051,9.5204,91.8172
STARLINK-6166,6861.227852704,43.0046,12.4515,91.5651
STARLINK-6153,6861.1999958928,43.0066,12.4293,92.4546
STARLINK-6173,6861.1876501128,43.0073,12.3833,85.9914
STARLINK-5836,6861.16713282488,43.0065,9.5387,61.1721
STARLINK-6178,6861.1941029693,43.0061,8.8951,91.7227
STARLINK-6176,6861.19145295447,43.003,9.5905,87.7411
STARLINK-6145,6861.20219675925,43.0055,9.4978,99.7242
STARLINK-6298,6861.22719393491,42.9978,8.86,81.1396
STARLINK-6301,6861.19249199953,43.0073,1.7725,88.5568
STARLINK-6303,6861.20159788385,43.0012,12.3511,90.1474
STARLINK-6305,6861.17772382257,42.9991,358.1611,89.008
STARLINK-6273,6861.17915212818,43.0036,358.9449,90.2875
STARLINK-6302,6861.18954554425,43.0037,1.5687,87.3774
STARLINK-6271,6861.20047199846,43.008,358.8895,93.5499
STARLINK-6288,6861.19520789149,43.005,358.27,88.8011
STARLINK-6277,6861.20388858295,43.0048,1.542,89.127
STARLINK-6267,6861.20081335728,43.0033,358.3009,95.5012
STARLINK-6287,6861.19881012059,43.0004,1.7769,107.6185
STARLINK-6285,6861.19872927251,43.0076,358.3174,93.3434
STARLINK-6283,6861.19222849527,43.003,358.9255,113.4897
STARLINK-6282,6861.21213810994,42.998,1.7548,93.407
STARLINK-6289,6861.22559192892,42.9982,358.146,86.0803
STARLINK-6241,6861.18657513725,43.0079,358.8468,90.0732
STARLINK-6281,6861.19370471832,43.0046,358.1118,91.4994
STARLINK-6279,6861.20441559373,43.0062,358.8758,80.5006
STARLINK-6278,6861.19293217147,43.0048,358.216,98.2391
STARLINK-6258,6861.16572548589,43.0045,358.9584,95.9675
STARLINK-5136,6861.19859153133,43.0062,7.2387,80.4267
STARLINK-6260,6861.18073314658,43.0035,11.1409,104.2543
STARLINK-6261,6861.21802208898,43.0041,358.2705,87.1864
STARLINK-5356,6861.19407302562,42.9965,350.9568,87.3134
STARLINK-5350,6861.19191708118,43.007,1.7324,84.0046
STARLINK-6272,6861.19643258897,43.0015,351.0153,89.3168
STARLINK-6270,6861.12975175066,43.0011,357.8698,80.4848
STARLINK-6236,6861.2026968203,43.0037,351.0914,95.1379
STARLINK-6239,6861.27604209167,43.0009,350.4662,283.7699
STARLINK-6242,6861.24642406855,43.0048,350.7829,79.7788
STARLINK-6224,6861.20298128622,43.0019,351.1229,88.9907
STARLINK-5352,6863.47735104192,43.0054,16.7067,112.4024
STARLINK-5724,6861.22759518515,43.0023,354.5665,96.8542
STARLINK-6238,6861.12574538249,43.0025,354.5028,79.805
STARLINK-6264,6860.98775082874,43.0069,354.5194,94.2247
STARLINK-5990,6950.18817501171,69.9987,260.1252,90.6641
STARLINK-5993,6950.1967440993,69.9991,260.1981,92.3204
STARLINK-5970,6950.19049432188,69.9987,260.1106,90.0186
STARLINK-5985,6950.18693495467,69.9989,260.1824,90.2374
STARLINK-5986,6950.18656077298,69.9988,260.1684,90.7642
STARLINK-5935,6950.1889048211,69.9988,260.1529,89.1246
STARLINK-5959,6950.19326821938,69.999,260.0804,91.1808
STARLINK-5987,6950.19663277212,69.999,260.0649,90.5789
STARLINK-5995,6950.19125196362,69.9988,260.1087,89.3046
STARLINK-5994,6950.18966864724,69.9988,260.0942,90.9658
STARLINK-6050,6950.18910582796,69.9987,260.1227,90.5618
STARLINK-6048,6950.19131999677,69.9995,259.8408,91.3785
STARLINK-6047,6950.19779552291,69.9993,259.8822,93.6216
STARLINK-6037,6950.19427634781,69.9995,259.8244,90.7499
STARLINK-6045,6950.21601923118,69.9987,219.2201,92.0238
STARLINK-6051,6950.18914602934,69.9989,260.13,90.1091
STARLINK-6043,6950.20021998357,69.9993,259.8682,90.3944
STARLINK-6054,6950.16412542556,69.9988,219.2453,97.8135
STARLINK-6053,6950.19763780935,69.9996,259.8392,90.6813
STARLINK-6055,6950.19593079249,69.9987,239.3689,92.2985
STARLINK-5998,6950.19034897839,69.999,259.8082,91.0628
STARLINK-5518,6950.19420212975,69.9987,239.4123,90.8564
STARLINK-5523,6950.21999611602,69.9988,240.2246,91.7191
STARLINK-5521,6950.19208073115,69.9985,240.1948,89.6517
STARLINK-5038,6950.19303628804,69.9986,239.3257,91.2301
STARLINK-5524,6950.19275797047,69.9988,239.3972,90.8843
STARLINK-5541,6950.20788611736,69.9981,239.3068,90.1364
STARLINK-5545,6950.19587822134,69.9986,239.3384,90.1202
STARLINK-5534,6950.18618968375,69.9989,239.9246,90.9572
STARLINK-6041,6950.19339500852,69.9987,239.2946,91.7785
STARLINK-6044,6950.1776608299,69.9988,239.8785,90.1369
STARLINK-6214,6834.02883262199,69.9898,195.7946,77.2204
STARLINK-6222,6950.19314143025,69.9991,239.2349,87.6079
STARLINK-6220,6950.19172201084,69.9984,239.2794,84.7365
STARLINK-5868,6950.19331151323,69.9987,239.2611,89.9811
STARLINK-6221,6950.18523412921,69.9988,239.9236,93.3737
STARLINK-6210,6950.19210547048,69.9985,239.8637,90.0099
STARLINK-6196,6950.19147152514,69.9983,220.1079,98.3001
STARLINK-6204,6950.2127195962,69.9977,219.5758,85.1061
STARLINK-5923,6950.18563614241,69.9987,220.2057,93.8776
STARLINK-5873,6950.19275797047,69.9988,219.6048,90.5868
STARLINK-5842,6950.15311037019,69.9986,220.1908,92.1864
STARLINK-5846,6950.18986037691,69.9985,219.3344,91.3722
STARLINK-5841,6950.19337026917,69.9987,199.5762,91.0932
STARLINK-5530,6950.1908066558,69.9985,219.335,90.3575
STARLINK-5529,6950.19582255776,69.9985,219.305,89.4576
STARLINK-5526,6950.19863356966,69.9984,220.1324,91.5428
STARLINK-5527,6950.20524208739,69.9998,219.1817,294.1043
STARLINK-5522,6950.19372589727,69.9985,219.3197,90.7879
STARLINK-5775,6861.19878317123,43.0044,26.4526,95.9373
STARLINK-5716,6861.22381025981,43.0009,23.5985,91.9266
STARLINK-5763,6861.18220936345,43.0067,23.7911,117.6755
STARLINK-5340,6861.19754948959,43.0089,15.6705,93.6269
STARLINK-5333,6861.16404266871,43.0074,354.4091,73.0321
STARLINK-5335,6861.20453836331,43.015,26.3424,87.618
STARLINK-5334,6861.19919040607,43.0076,26.4266,95.1527
STARLINK-5339,6861.15023282727,43.0209,26.374,99.5448
STARLINK-5351,6861.19481263472,43.0081,26.4695,93.8066
STARLINK-5349,6861.18513485034,43.0093,26.3919,87.3266
STARLINK-5329,6861.19406104814,43.0091,29.0917,80.9288
STARLINK-5348,6861.19854661573,43.008,23.5766,91.0447
STARLINK-5342,6861.19441138927,43.0168,26.459,85.0453
STARLINK-5345,6861.19714225499,43.0033,23.6518,91.6747
STARLINK-5346,6861.20091217168,43.005,23.6035,92.2433
STARLINK-6313,6861.23577291746,43.0003,23.698,122.4957
STARLINK-6344,6861.24360631553,43.0023,23.6267,96.1342
STARLINK-6333,6861.19001565936,43.007,27.118,109.0532
STARLINK-6327,6861.25093966602,43.0078,26.9951,241.6351
STARLINK-6328,6861.19959464659,43.0053,23.836,96.5428
STARLINK-6323,6861.20159488947,43.005,23.7917,102.5979
STARLINK-6329,6863.70239150411,43.0008,34.1604,88.0474
STARLINK-6317,6861.19846277327,43.0051,23.8165,93.8063
STARLINK-6335,6861.34785911474,43.0013,27.1192,83.9227
STARLINK-6337,6861.18908740667,43.0031,27.0659,87.9106
STARLINK-6307,6861.22032777378,43.0067,15.7716,79.3386
STARLINK-6318,6861.19887300244,43.0081,1.5714,93.1763
STARLINK-6280,6861.19362985912,43.0044,9.5812,96.2567
STARLINK-6319,6861.18966232443,43.0046,9.5202,99.8738
STARLINK-6310,6861.19685479532,43.0026,9.4198,74.7954
STARLINK-6308,6861.19427963705,43.0016,9.5559,87.1643
STARLINK-6309,6861.19662722309,43.0068,40.598,79.8856
STARLINK-6312,6861.18841666944,43.0043,37.745,93.3539
STARLINK-6311,6861.20389457171,43.0059,40.6217,98.9494
STARLINK-6314,6861.18919220938,43.0053,9.4436,95.5819
STARLINK-6135,6861.19441138927,43.0036,37.8008,95.3158
STARLINK-6136,6861.19670807112,43.0049,37.8302,98.0902
STARLINK-6249,6861.1866170583,43.01,37.8996,91.6359
STARLINK-6266,6861.18589841192,43.005,37.769,84.3435
STARLINK-6226,6861.19285132356,43.0048,34.2313,100.474
STARLINK-6086,6861.20281060667,43.0074,34.4936,103.3192
STARLINK-6187,6861.17018405808,43.0082,34.5493,85.6679
STARLINK-6291,6861.20296331995,43.0002,34.3805,92.5631
STARLINK-6244,6861.20044504908,43.0038,37.9053,98.3814
STARLINK-6263,6861.19086905324,43.0023,34.4068,109.2099
STARLINK-6255,6861.19770519695,43.0168,37.9176,89.8472
STARLINK-6199,6861.19298906445,43.0065,34.4641,99.0917
STARLINK-5802,6861.20014261718,43.0052,34.5188,93.3369
STARLINK-6074,6861.1995587141,43.0052,34.3175,108.7512
STARLINK-6295,6861.19765728699,43.0109,34.5532,91.4406
STARLINK-6252,6861.18897960961,43.0121,34.2522,85.2315
STARLINK-5302,6861.1951480041,43.0029,34.3491,116.3151
STARLINK-6265,6861.20750280098,43.0029,34.4314,94.9627
STARLINK-6286,6861.18635954332,43.0049,37.841,118.5151
STARLINK-30122,6861.25189189508,43.006,91.3141,75.3958
STARLINK-30129,6861.18603615246,43.0029,96.807,78.4233
STARLINK-30124,6861.19417483414,43.0037,94.6507,96.1847
STARLINK-30036,6861.16442594371,43.0061,96.8183,100.7386
STARLINK-30067,6861.20537978418,43.0018,94.6487,96.7576
STARLINK-30126,6861.1909499011,43.0021,89.9391,108.9157
STARLINK-30121,6861.15054124231,43.0035,96.8768,99.3974
STARLINK-30130,6861.20628708171,42.9814,89.8083,82.6055
STARLINK-30068,6861.20325676902,43.0061,73.5605,112.3334
STARLINK-30127,6861.19576184994,43.0044,94.7338,93.0238
STARLINK-30053,6861.19756745582,43.0015,84.4465,251.7414
STARLINK-30125,6861.12179291738,42.9866,84.4266,181.0182
STARLINK-30117,6861.21963307374,43.0106,91.3037,80.7514
STARLINK-30132,6861.18913232212,43.0065,89.7903,88.8481
STARLINK-30066,6861.20976954992,43.0029,86.5077,93.2831
STARLINK-30080,6861.19756446145,43.0116,87.5604,88.9434
STARLINK-30079,6861.18904847995,43.0055,94.6875,108.6599
STARLINK-30070,6861.19569896817,43.0039,84.4494,110.7285
STARLINK-30071,6861.19754350084,43.0179,87.927,91.1286
STARLINK-30085,6861.16318030017,43.0051,84.2442,87.3762
STARLINK-6197,6882.29548428112,69.9891,96.6105,32.5067
STARLINK-6198,6950.17230479727,70.0008,79.1312,91.5524
STARLINK-6342,6950.1903520708,69.9995,119.2665,93.1086
STARLINK-6275,6950.19044175083,69.9996,119.2496,96.856
STARLINK-6296,6950.19565556704,69.9999,59.3556,90.9692
STARLINK-6190,6950.19027785285,69.9993,119.3205,92.1416
STARLINK-6292,6950.21296699138,69.9999,59.3402,92.2372
STARLINK-6274,6950.18919241553,70.0001,79.4804,89.4017
STARLINK-5582,6950.19848822574,69.9998,99.4346,91.2546
STARLINK-6304,6950.14599792079,69.9999,79.4646,113.5627
STARLINK-6231,6950.18849971502,70.0004,79.2086,90.9653
STARLINK-5963,6950.19524427514,69.9998,99.0405,94.9657
STARLINK-5989,6950.19151172655,69.9998,99.3601,99.6352
STARLINK-6352,6950.18464657156,70.0002,79.4497,88.7778
STARLINK-6357,6950.19951491061,70.0001,79.4196,96.3363
STARLINK-6354,6950.19604521207,69.9999,79.4342,91.6413
STARLINK-5931,6950.19397019834,70.0032,99.3979,139.4951
STARLINK-6341,6950.19310122881,70,79.4058,94.8479
STARLINK-6326,6950.18876257011,70.0005,79.1543,93.9968
STARLINK-6336,6950.19307339705,70,79.2231,90.2329
STARLINK-6345,6950.18332920592,70.0004,59.2819,92.5467
STARLINK-5977,6950.16779608959,69.9998,99.0927,88.2472
STARLINK-6046,6950.19491647862,69.9998,99.4059,91.086
STARLINK-6052,6950.21827671566,69.9986,99.3149,93.4657
STARLINK-6060,6950.19309195156,70.0005,79.1937,91.8058
STARLINK-6061,6950.13857934621,69.9997,79.1053,94.3995
STARLINK-6049,6950.18066664488,69.9996,99.3751,94.9724
STARLINK-6058,6950.16824139373,69.9997,99.4122,96.5348
STARLINK-5953,6950.1711142256,69.9997,99.3276,91.5904
STARLINK-6036,6950.20869015037,69.9994,99.3451,90.8754
STARLINK-6087,6950.17382934823,70.0015,79.1391,116.3463
STARLINK-6029,6950.19124577879,69.9996,99.3017,91.8492
STARLINK-6069,6950.19123959396,70.0005,79.1654,92.5071
STARLINK-6064,6950.22994144549,70.0022,79.1762,86.9642
STARLINK-6072,6950.18884606526,70.0002,58.9961,91.6939
STARLINK-6073,6950.20317015922,70.0027,79.1047,94.4808
STARLINK-6042,6950.19161068386,70.0004,29.3454,91.357
STARLINK-6040,6950.19734093678,69.9999,99.0603,94.0849
STARLINK-6031,6950.18959133689,69.9996,99.2867,94.9933
STARLINK-6065,6950.19287238991,70.0002,79.1411,90.7468
STARLINK-6056,6950.19346922655,69.9998,99.0462,91.0788
STARLINK-6059,6950.19372898969,69.9999,99.0738,96.7272
STARLINK-6067,6950.19407534057,70.0001,79.0897,94.1491
STARLINK-6028,6950.17934000391,70.0017,99.0452,88.8986
STARLINK-30119,6861.19554326092,43.0062,283.0557,85.218
STARLINK-30120,6861.20030131906,43.0009,280.2103,105.4129
STARLINK-30084,6861.21052413519,43.0042,279.3946,82.568
STARLINK-30114,6861.20793998095,42.9973,282.8095,214.5352
STARLINK-30151,6861.17932879497,43.0057,288.4614,87.6743
STARLINK-30152,6861.1884196638,42.9986,284.4393,140.8392
STARLINK-30128,6861.19663321184,43.0054,252.0395,63.6755
STARLINK-30131,6871.53368441308,43,261.3453,37.5017
STARLINK-30069,6861.13406953216,43.0041,281.0015,89.7474
STARLINK-30144,6827.39442302541,42.9935,272.2756,10.4817
STARLINK-30142,6861.19798966234,43.0052,276.6521,111.1063
STARLINK-30133,6861.17217529649,42.9993,284.906,92.2037
STARLINK-30123,6861.2135275064,42.9983,205.3017,91.3743
STARLINK-30076,6861.18843463561,43.0051,279.5769,52.8598
STARLINK-30073,6861.16897733836,43.0006,103.2893,80.4977
STARLINK-30078,6861.0386188015,43.0067,230.4386,90.6429
STARLINK-30135,6861.20130443495,43.0046,282.9295,87.1746
STARLINK-30137,6861.15804502089,42.9986,279.4197,83.5963
STARLINK-30136,6861.19738479912,43.0106,288.3833,83.055
STARLINK-6206,6861.16110522698,43.0027,256.1034,84.1216
STARLINK-6209,6861.17342393845,43.0037,262.4246,101.2186
STARLINK-6182,6861.23452125272,43.0004,261.6909,70.5943
STARLINK-5707,6861.1961720787,42.9943,261.7142,70.8489
STARLINK-6177,6861.2058828402,43.0026,255.9628,86.0682
STARLINK-5853,6861.19249199953,43.0041,261.7428,76.0273
STARLINK-6175,6861.19495337008,43.0003,258.1306,99.479
STARLINK-6171,6861.18341309463,43.0084,258.0773,79.1818
STARLINK-5515,6861.20720635707,43.0047,260.9268,112.7793
STARLINK-5095,6861.19623196612,43.0019,258.1003,116.5429
STARLINK-5496,6861.19989408406,43.0032,256.8962,97.9126
STARLINK-6180,6861.17360359922,43.0074,262.3676,85.806
STARLINK-6181,6861.19093193491,43.0018,259.4843,83.4555
STARLINK-6169,6861.20759263247,43.0004,258.0173,102.4432
STARLINK-5528,6861.19977131469,43.0022,261.5616,89.8566
STARLINK-6213,6861.20042708282,43.011,258.0538,87.748
STARLINK-6219,6861.18879695348,43.0066,265.1563,73.6323
STARLINK-6216,6861.09734165751,43.0138,258.0891,83.1037
STARLINK-6144,6861.15607175869,43.0037,261.6142,98.8628
STARLINK-6208,6861.20242433193,43.0032,261.8051,78.0619
STARLINK-6202,6861.21568047342,43.0017,261.7729,87.7723
STARLINK-6200,6861.1876890395,43.0004,267.2945,84.9512
STARLINK-6205,6861.18687157894,43.0054,258.2441,78.9627
STARLINK-6203,6861.14001023571,43.0059,254.5894,89.4873
STARLINK-6207,6861.20299326373,43.0013,241.9432,87.5371
STARLINK-6185,6861.17378625433,43.0025,252.6504,77.572
STARLINK-6195,6861.20217280423,43.0015,241.9589,82.0606
STARLINK-6192,6861.19963956221,42.9996,252.4465,93.2923
STARLINK-6193,6861.19506715612,43.0018,241.8018,91.4358
STARLINK-6183,6861.22394500786,43.0046,241.1759,76.8117
STARLINK-6098,6861.19330946177,43.0046,241.2249,78.8255
STARLINK-6110,6861.2016817264,43.0026,241.201,60.9881
STARLINK-6186,6861.20507136297,43,243.9098,96.8313
STARLINK-5999,6861.21696806229,43.0028,241.9864,20.9313
STARLINK-6179,6861.20710454805,43.0022,255.0484,96.924
STARLINK-6116,6861.19412093551,43.0002,244.9582,132.4107
STARLINK-5805,6861.20547260998,42.9997,241.8298,89.2533
STARLINK-5950,6861.19472579802,43.0134,243.8919,79.3089
STARLINK-5961,6861.19103374332,43.0089,241.1505,71.4463
STARLINK-5965,6861.19827113339,43.0063,243.946,73.2843
STARLINK-5973,6861.17793342712,43.0043,243.9272,83.0108
STARLINK-5971,6861.206469739,43,244.0737,92.7994
STARLINK-5951,6861.18664400754,43.004,241.254,86.2742
STARLINK-5966,6861.20265789339,43.0087,241.178,92.6593
STARLINK-5960,6861.18683265225,42.9989,243.8928,109.4342
STARLINK-5958,6861.19208776005,43.0039,241.2072,93.075
STARLINK-5937,6861.2115811538,42.9999,249.6519,67.8486
STARLINK-5952,6861.18927305718,43.0095,243.8709,82.5226
STARLINK-5731,6861.20259800584,43.0009,241.8713,96.1891
STARLINK-5733,6861.19328251246,43.0002,245.0927,93.175
STARLINK-5746,6861.17976597045,42.9999,244.8814,271.5915
STARLINK-5808,6861.2042299422,43.0027,154.4076,88.0656
STARLINK-5850,6861.20166376014,43.0008,284.2808,92.0936
STARLINK-5845,6861.20004979155,42.9982,283.293,104.324
STARLINK-5839,6861.20345439801,43.0119,286.1825,86.6833
STARLINK-5860,6861.20334660038,43.0061,286.1571,91.4871
STARLINK-5865,6861.21241958244,42.9996,286.7676,86.6914
STARLINK-5881,6861.18588044576,43.0037,287.6485,74.8008
STARLINK-6237,6861.02826188724,43.0111,286.2103,79.1243
STARLINK-6353,6861.16488707151,43.0042,286.142,85.9432
STARLINK-6223,6861.20090618293,43.0038,286.1651,89.1377
STARLINK-6217,6861.2346589957,43,286.1191,90.5912
STARLINK-6211,6861.21203630074,43.0003,286.1158,72.0973
STARLINK-6227,6861.20299925248,43.0001,283.5853,87.2378
STARLINK-5869,6861.18625474072,43.0043,289.632,88.1074
STARLINK-5536,6861.25596133056,43.0026,272.0622,106.5184
STARLINK-5832,6861.19342324774,43.0116,283.3436,89.2307
STARLINK-5822,6861.236470616,43.0042,286.2278,83.7953
STARLINK-5830,6861.19396223398,42.9998,297.8505,93.2371
STARLINK-5827,6861.20263094399,43.0055,283.3124,87.9165
STARLINK-5824,6861.21399463122,42.9992,294.4788,79.1779
STARLINK-5844,6861.19707637882,43.0093,286.8655,56.8046
STARLINK-5821,6861.19622597738,42.9983,269.3503,70.57
STARLINK-5828,6861.19300403629,43.0017,269.1663,84.9886
STARLINK-5834,6861.19483658968,43.0053,274.8231,92.4805
STARLINK-5843,6861.20811664958,43.001,268.1149,95.4574
STARLINK-5838,6861.15785937249,43.0018,274.7308,89.411
STARLINK-5773,6861.17813704298,43.0012,286.8303,98.9456
STARLINK-5542,6861.1991634567,43.0004,268.5343,83.9159
STARLINK-6155,6861.20024742031,43.0057,274.7931,84.0416
STARLINK-6194,6861.19829508838,42.9982,269.3261,86.2573
STARLINK-6245,6861.19536659309,43.0027,268.6161,89.1652
STARLINK-6243,6861.18722491351,43.0016,269.2976,88.8456
STARLINK-6184,6861.21271602691,43.0047,271.9963,79.4065
STARLINK-6248,6861.17193275459,42.9984,268.5614,70.1177
STARLINK-6253,6861.184128746,43.0023,269.1379,72.459
STARLINK-6240,6861.21115295641,43.0001,271.968,77.0419
STARLINK-6232,6861.19592953468,43.0008,268.5252,89.412
STARLINK-6247,6861.20376581341,43.0059,272.02,88.198
STARLINK-6251,6861.19885803057,42.9978,268.5491,76.4841
STARLINK-6257,6861.19300403629,43.0054,283.1254,81.6833
STARLINK-6259,6861.19558218773,43.0054,272.0091,73.3171
STARLINK-6254,6861.20684104239,42.995,271.9003,111.2481
STARLINK-6262,6861.20495757652,43.0043,268.6254,87.4795
STARLINK-6225,6861.13533612262,43.0011,268.6003,88.261
STARLINK-6229,6861.20299625811,43.0072,272.0293,90.964
STARLINK-6235,6861.1744450106,43.0064,272.0666,65.36
STARLINK-6132,6861.17482229836,43.0063,97.2483,99.4955
STARLINK-6111,6861.19497732504,43.0039,97.3051,122.2301
STARLINK-6130,6861.1983040715,43.0037,97.276,91.7897
STARLINK-6097,6861.18039777897,43.0025,97.3215,102.4642
STARLINK-6118,6861.190045603,43.0067,97.2389,99.0663
STARLINK-6131,6861.19739378224,43.012,94.4667,90.7618
STARLINK-6099,6861.19518094217,43.013,97.2115,76.9507
STARLINK-6139,6861.18935390499,43.005,95.2353,72.4269
STARLINK-6134,6861.18699135336,43.0058,94.5975,84.8892
STARLINK-6140,6861.19937306289,43.0047,97.8776,80.3965
STARLINK-6141,6861.18691948871,43.0023,102.7996,101.8652
STARLINK-6142,6861.20425689161,43.0197,94.4961,89.7192
STARLINK-6125,6861.24082449844,43.0021,94.5297,103.3804
STARLINK-6085,6892.47789851573,42.998,89.4518,253.4846
STARLINK-6129,6861.16459662087,43.0064,94.4488,97.548
STARLINK-6148,6861.23971656347,43.0032,94.4478,97.6192
STARLINK-6150,6861.19575286683,43.0096,97.3232,89.711
STARLINK-6147,6861.19091396872,43.0056,94.5701,82.3571
STARLINK-6152,6861.21825265737,43.001,94.4315,109.6481
STARLINK-6149,6861.20895807155,43.0098,95.1614,111.3043
STARLINK-6154,6861.18874305495,43.0053,97.2076,96.2698
STARLINK-6146,6861.19549235663,43.0063,94.5996,79.8443
STARLINK-6100,6861.19294714331,43.0024,78.9586,88.2236
STARLINK-6167,6861.20358016191,43.0035,95.216,146.6536
STARLINK-6165,6861.18984198625,43.0057,98.1983,89.5814
STARLINK-6163,6861.18794056588,43.0034,94.4522,80.1844
STARLINK-6170,6861.20345439801,43.0057,79.6797,95.8608
STARLINK-6172,6861.20805376753,43.0037,94.4856,20.7034
STARLINK-6162,6861.20261297772,43.0016,76.6609,106.9373
STARLINK-6128,6861.1973009567,43.0049,94.5372,90.13
STARLINK-6143,6861.20316693767,43.006,76.7801,104.7159
STARLINK-6133,6861.18582055857,43.0088,76.6366,121.6781
STARLINK-6127,6861.19813938098,43.0018,76.7008,85.398
STARLINK-6112,6861.20483480693,43.0043,76.6913,95.892
STARLINK-5347,6861.19786689306,43.0059,76.6267,103.5633
STARLINK-5336,6861.20781721122,43.0033,76.7224,102.0117
STARLINK-5355,6861.22081586055,43.0055,76.643,110.2944
STARLINK-5357,6861.13641706671,43.0004,76.6501,107.4682
STARLINK-5361,6861.20858676788,43.0074,76.6726,89.754
STARLINK-5358,6861.1995587141,43.0015,76.7052,123.0918
STARLINK-5150,6861.19328251246,43.0054,76.6665,107.2379
STARLINK-5768,6861.18890175617,43.003,87.9682,100.2686
STARLINK-5791,6861.19896582803,43.0033,76.7286,102.5451
STARLINK-5765,6861.18769502822,43.0038,76.9652,93.2198
STARLINK-5788,6861.16259041629,43.0065,85.1202,102.928
STARLINK-5778,6863.70414181451,43.0018,62.3828,103.6709
STARLINK-5780,6861.19445331043,43.0033,85.9442,102.9508
STARLINK-5776,6858.64241390533,43.003,96.8089,36.5392
STARLINK-6164,6861.23267370078,43,76.7569,94.4434
STARLINK-5879,6861.20145714815,43.004,66.0042,138.3721
STARLINK-6106,6861.19754350084,43.0073,87.9953,98.7722
STARLINK-6108,6861.18842565253,43.0068,79.6381,93.7947
STARLINK-6137,6861.20963180819,43.0088,79.6102,85.2792
STARLINK-5525,6861.19553128344,43.0048,204.582,85.2433
STARLINK-5520,6861.18904548559,43.0043,205.423,78.3711
STARLINK-5880,6861.19692366586,43.005,208.0579,84.4825
STARLINK-5875,6672.75166861013,42.9958,194.8985,86.5717
STARLINK-5870,6861.20832026769,43.0018,207.424,98.1936
STARLINK-5519,6861.18976113843,43.007,205.3448,83.6816
STARLINK-5983,6861.18997373827,43.0029,212.9921,82.0233
STARLINK-6294,6861.20554148075,43.0019,202.6557,88.705
STARLINK-6350,6861.22960143725,43.0014,202.5471,83.3936
STARLINK-5996,6861.21201534003,42.9998,205.3623,61.8317
STARLINK-6230,6861.20557741332,43.0021,201.8069,70.6384
STARLINK-6233,6861.19738180475,43.0014,202.5803,86.9707
STARLINK-6250,6861.20807472821,42.9984,202.5963,78.3947
STARLINK-5840,6861.20566125599,43.0014,202.5149,84.4728
STARLINK-5872,6861.22569373862,43.0032,204.6883,65.9174
STARLINK-5866,6861.19693264897,43,204.6493,99.1829
STARLINK-6368,6861.2226993373,43.0007,201.8709,56.4462
STARLINK-6360,6861.20378377968,43.0032,204.6223,88.438
STARLINK-6315,6861.19871430064,43.0002,194.0216,90.1771
STARLINK-6365,6861.20188534402,43.001,201.9642,95.1486
STARLINK-6334,6861.24024657555,43.0023,191.9016,90.0248
STARLINK-6330,6861.19584269794,43.003,201.8955,80.29
STARLINK-6351,6861.20783517752,43.0028,191.1653,61.9306
STARLINK-6349,6861.20103194672,43.0046,191.8335,87.4036
STARLINK-6306,6861.19298307572,43.0064,191.8747,82.4376
STARLINK-6346,6861.25086480526,42.997,191.8489,85.0725
STARLINK-5610,6861.19218357977,43.0004,191.1188,75.8357
STARLINK-5587,6861.19786389869,42.9988,191.9297,87.5809
STARLINK-5049,6861.14232483791,43.0063,191.1341,81.7395
STARLINK-5039,6861.19780401124,43.0051,191.1876,70.3184
STARLINK-5514,6861.20190630466,43.0042,191.2157,72.0716
STARLINK-5517,6861.19645654394,43.0044,191.1852,70.8212
STARLINK-5488,6861.21819276948,43.0031,193.9389,92.8289
STARLINK-5513,6861.2199265246,43.0055,191.2739,85.7327
STARLINK-5511,6861.18520072623,43.0022,191.1803,47.6009
STARLINK-5516,6861.19423172715,43.003,193.9046,85.9071
STARLINK-5490,6861.20378677406,43.0025,191.2352,73.9071
STARLINK-5481,6861.20812563274,43.0015,191.2046,63.8039
STARLINK-5512,6861.20239139378,43.0011,193.9926,94.2292
STARLINK-5503,6861.10363560537,42.9981,193.9614,98.4969
STARLINK-5476,6861.20309507259,43.0015,191.2909,69.4562
STARLINK-5026,6861.22931996299,43.0024,193.8924,81.1549
STARLINK-5485,6861.20263992712,43.0026,204.5931,86.8159
STARLINK-5504,6861.19523783519,43.0064,191.2587,87.6009
STARLINK-5509,6861.19128527,42.9981,201.9786,90.3883
STARLINK-5858,6861.18706321802,43.0043,199.4602,83.1734
STARLINK-30198,6868.01319594986,42.9905,41.3725,132.1777
STARLINK-30239,6861.1970673957,43.0128,37.1249,96.4143
STARLINK-30235,6861.21923481906,42.9948,37.1711,177.6474
STARLINK-30236,6861.23976447416,43.0071,34.2377,77.0675
STARLINK-30201,6861.16547995022,43.0025,34.3136,90.8484
STARLINK-30233,6861.21371315856,43.0025,34.2484,127.5018
STARLINK-30184,6861.21404553586,43.0102,8.954,93.1758
STARLINK-6290,6861.21890244113,43.0025,65.8094,133.473
STARLINK-6138,6861.25576070335,43.0036,66.0034,92.1457
STARLINK-6212,6861.2005648241,43.0059,65.8981,93.2845
STARLINK-6234,6861.20196918658,43.0105,65.9285,90.8244
STARLINK-5831,6861.18370654161,43.012,65.9447,84.886
STARLINK-5585,6861.20260100021,43.0197,65.9725,90.3282
STARLINK-5589,6861.15673051071,43.0027,71.563,115.579
STARLINK-6316,6861.21904916651,43.0036,63.1345,102.0655
STARLINK-6320,6861.25375143769,43.0021,59.7387,99.6799
STARLINK-6322,6861.19059656604,43.0087,63.13,88.0868
STARLINK-6374,6861.19894486741,43.0132,63.1509,85.8463
STARLINK-6332,6861.20352326872,43.0028,66.0563,97.173
STARLINK-6321,6861.19677694166,43.0038,66.5828,110.0863
STARLINK-6377,6861.19577682179,43.0036,69.3706,93.741
STARLINK-6375,6861.18367060933,43.0079,65.5888,90.4168
STARLINK-6379,6861.18944373589,43.0071,68.7447,88.755
STARLINK-6380,6861.18285913867,43.0026,65.8286,105.8662
STARLINK-6373,6861.20482582379,43.0058,69.3486,108.9133
STARLINK-6359,6861.19529173385,43.0012,63.1347,93.6791
STARLINK-6378,6861.20599662669,43.01,69.4,83.4353
STARLINK-6372,6861.19297109825,43.0024,65.2614,91.8538
STARLINK-6376,6861.19776807877,43.0073,62.5071,87.3227
STARLINK-6362,6861.2024692476,43.0029,52.52,93.1587
STARLINK-6331,6861.1924770277,43.0112,62.3936,108.6274
STARLINK-6297,6861.19854362135,43.0079,52.4711,93.2538
STARLINK-6324,6861.22360065176,43.0074,62.5532,90.3976
STARLINK-6293,6861.19287827286,43.0063,52.4461,99.0484
STARLINK-6276,6861.19620501678,43.0029,52.6191,94.6944
STARLINK-6355,6861.19157572346,43.0042,52.5502,97.7916
STARLINK-5600,6861.19022526485,43.0051,55.2901,83.6603
STARLINK-6299,6861.1872638402,43.0018,60.6807,91.6128
STARLINK-6347,6861.17932280626,43.0041,58.0306,82.0769
STARLINK-6348,6861.20027137531,43.0065,55.1939,93.2741
STARLINK-6340,6861.17054936788,43.0019,58.1438,109.3121
STARLINK-6343,6861.20125053618,43.0066,55.2174,92.5403
STARLINK-6356,6861.18464676992,43.0039,51.8386,112.7013
STARLINK-6338,6861.2012355643,43.005,55.2487,86.7462
STARLINK-5007,6861.20949107208,43.0076,52.4178,90.5525
STARLINK-6174,6861.19796271299,43.0071,55.3498,88.4866
STARLINK-6215,6861.17093264378,42.9996,34.0125,105.0805
STARLINK-6218,6861.18474258938,43.011,57.9937,90.0349
STARLINK-6168,6859.17269670844,42.9859,55.2586,92.2156
STARLINK-5353,6861.19625891546,43.0026,52.4938,94.3386
STARLINK-6032,6861.19749259652,43.0078,55.3233,91.6696
STARLINK-5975,6861.3010070006,43.0017,52.5705,117.2633
STARLINK-6370,6861.1956959738,43.0059,52.5289,105.678
STARLINK-6369,6861.1945820683,43.0139,37.7319,95.7339
STARLINK-6363,6861.1954354636,43.0036,52.5234,90.4175
STARLINK-6367,6861.16255747861,43.0055,50.4999,32.5478
STARLINK-6358,6863.72017339104,43.0021,61.4182,182.0631
STARLINK-6364,6861.193213642,43.0041,23.4814,102.5538
STARLINK-6361,6861.18385326512,42.9998,48.9221,244.007
STARLINK-6366,6861.18211054972,43.0078,23.5017,135.529
STARLINK-6371,6861.18632061664,43.0079,37.6945,81.2815
STARLINK-30240,6861.2016427995,43.0039,62.3104,100.0396
STARLINK-30195,6850.37833765466,43.0015,66.6327,159.2679
STARLINK-30207,6861.1752894166,43.0072,44.7864,145.4187
STARLINK-30205,6861.20814659342,42.9979,62.4701,137.7501
STARLINK-30222,6861.20340948233,43.005,62.2492,89.0124
STARLINK-30172,6861.2207559726,43.0035,63.0521,83.0836
STARLINK-30214,6861.20333162848,43.0017,62.228,91.7736
STARLINK-30182,6861.24940651803,43.0029,62.2929,91.7817
STARLINK-30191,6861.15297562633,43.001,358.0699,89.5361
STARLINK-30193,6815.33846215231,43.0076,57.7563,91.3517
STARLINK-30208,6861.19885204182,43.009,62.2661,91.4777
STARLINK-30224,6861.20490966644,42.9976,62.3131,103.0042
STARLINK-30043,6861.20920660549,43.004,62.3252,98.8047
STARLINK-30221,6861.19610919692,43.0119,69.3768,104.009
STARLINK-30188,6861.16052133221,42.9958,79.3864,117.8266
STARLINK-30105,6861.18052953053,43.0067,204.7577,80.3074
STARLINK-30102,6861.19900475488,42.9982,92.4962,101.5806
STARLINK-30158,6861.18881491965,43.0118,75.9077,78.493
STARLINK-30160,6861.21436893002,43.0034,82.2846,90.4627
STARLINK-30146,6861.19779203375,43.0035,75.9286,100.836
STARLINK-30197,6861.20455632959,43.0046,73.1924,84.9686
STARLINK-30181,6861.17533433182,43.0158,87.7063,96.7321
STARLINK-30215,6861.19788785367,43.0056,75.9861,85.7156
STARLINK-30162,6861.18196382631,42.9992,62.5886,82.6489
STARLINK-30178,6861.20920361111,43.0035,75.9565,82.4282
STARLINK-30196,6861.18950961189,43.0088,76.5701,86.9147
STARLINK-30225,6861.15957512351,43.0072,76.5962,102.4041
STARLINK-30217,6861.19952278161,43.0024,62.6575,98.6782
STARLINK-30216,6861.16138968858,43.0096,73.0285,81.7972
STARLINK-30165,6861.18349993098,43.0015,148.7217,89.9402
STARLINK-30140,6861.24206119396,43.0028,151.5815,140.7608
STARLINK-30077,6861.20886225124,43.0023,148.0408,83.0031
STARLINK-30229,6861.25386522617,43.0009,155.7606,96.7938
STARLINK-30088,6861.21212912677,43.0016,148.7584,95.7765
STARLINK-30091,6657.98314427441,42.9978,137.9511,352.0059
STARLINK-30116,6861.17303467351,43.0048,150.8964,87.8624
STARLINK-30092,6861.16974089544,42.9867,150.9214,87.1962
STARLINK-30039,6861.19705541821,43.0011,148.7366,97.6155
STARLINK-30171,6861.17837359673,43.0074,159.7379,84.6047
STARLINK-30186,6829.5560942005,42.999,154.431,308.4023
STARLINK-30204,6861.20853286896,42.9996,150.8142,85.1218
STARLINK-30155,6861.19378257189,43.0032,148.0481,52.7848
STARLINK-30161,6861.20645776147,43.0026,148.0689,91.3038
STARLINK-30176,6861.17924195875,43.0007,148.0941,91.3448
STARLINK-30154,6861.20768845274,43.0002,187.6592,86.7889
STARLINK-30145,6861.20755669987,43.0123,187.7725,90.6908
STARLINK-30226,6861.23069739051,42.9963,187.8145,99.0424
STARLINK-30203,6861.22966431981,43.0037,187.632,80.0752
STARLINK-30169,6861.19922034981,42.9998,173.8488,97.5371
STARLINK-30164,6861.20499650346,43.001,187.7621,101.1228
STARLINK-30072,6861.20375383589,42.9923,190.4903,132.1108
STARLINK-30230,6861.2038107291,43.0021,187.7271,93.0187
STARLINK-30213,6861.18303880005,43.0001,190.5544,85.4655
STARLINK-30227,6867.38875752922,42.9966,178.7379,278.1735
STARLINK-30212,6861.18662903574,43.0013,188.3676,82.1615
STARLINK-30219,6850.42892569267,42.9993,186.9169,325.9066
STARLINK-30074,6861.13736326742,43.0058,187.8351,116.8213
STARLINK-30082,6861.19130024183,43.0037,187.699,90.6273
STARLINK-30153,6861.18581456985,42.9994,187.5774,90.4831
STARLINK-30147,6861.19048876892,42.9986,187.6399,89.7808
STARLINK-30157,6861.19265968407,43.0017,162.3789,97.411
STARLINK-30168,6861.19618405618,42.9982,187.5834,82.1824
STARLINK-30231,6861.15411945819,43.0051,187.7173,88.5338
STARLINK-30081,6861.15816778839,42.9996,187.5896,74.2823
STARLINK-30149,6861.24550478005,43.0038,187.6893,137.8907
STARLINK-30259,6861.18314060817,43.0027,173.5418,89.7326
STARLINK-30256,6861.17975998174,43.0189,187.3744,250.3894
STARLINK-30261,6861.18949464007,43.0034,176.2263,86.3393
STARLINK-30260,6861.18650327261,43.0033,173.5294,88.8932
STARLINK-30253,6861.17946952953,43.0024,173.6031,85.7579
STARLINK-30257,6861.19532467191,43.0038,179.1428,75.9257
STARLINK-30250,6861.19230036006,43.0063,173.6251,80.7758
STARLINK-30269,6861.20456531272,42.9994,177.1031,88.1175
STARLINK-30266,6861.20622419969,43.0018,173.4108,92.827
STARLINK-30270,6861.18222134087,42.9994,173.3629,85.9402
STARLINK-30268,6861.17261845952,43.0034,176.3306,117.469
STARLINK-30251,6861.18632959972,42.9998,173.3857,88.8102
STARLINK-30254,6861.20451740265,43.008,275.7756,81.695
STARLINK-30264,6861.25727588826,42.9944,19.9109,89.4862
STARLINK-30166,6861.2073411043,43.0081,252.0973,99.3759
STARLINK-30223,6912.25350168192,42.9983,269.8682,25.7603
STARLINK-30218,6861.25447609071,43.0099,254.8495,94.6337
STARLINK-30138,6861.17544811704,43.0225,260.4271,77.409
STARLINK-30255,6861.20205302914,43.0047,252.1355,83.8513
STARLINK-30252,6861.19814237536,43.0032,237.4911,40.4954
STARLINK-30258,6861.1494063949,43.0049,252.8108,84.2232
STARLINK-30174,6861.21972889442,42.9999,254.2565,258.4131
STARLINK-30248,6861.18066427644,43.0027,251.9959,112.4031
STARLINK-30052,6861.17687342712,43.0015,252.0729,72.5281
STARLINK-30245,6861.18530852315,42.9978,252.0018,88.5768
STARLINK-30041,6861.20823642494,43.0055,252.0796,96.9464
STARLINK-30244,6861.19688473903,43.0257,252.1362,88.6916
STARLINK-30246,6861.21152725482,42.9997,257.6845,170.2339
STARLINK-30075,6861.32147138823,43.0029,251.9934,98.9183
STARLINK-30148,6861.25605715251,43.0015,252.0402,64.9274
STARLINK-30249,6861.21780050379,43.0025,252.07,83.0024
STARLINK-30141,6861.21960911857,42.9999,252.1615,66.576
STARLINK-30150,6861.18631462792,42.9992,263.2054,85.0455
STARLINK-30056,6861.18474258938,43.0036,257.7122,92.341
STARLINK-30100,6861.18277829106,43.0062,257.7651,88.8031
STARLINK-30309,6861.11758594373,43.0046,265.4705,137.0527
STARLINK-30306,6861.1987981431,43.0014,265.4937,89.8402
STARLINK-30323,6861.21583318742,43.0016,252.0567,78.8108
STARLINK-30329,6861.15371821869,43.0024,267.0098,98.6313
STARLINK-30330,6861.20466412726,43.0063,270.3762,86.5421
STARLINK-30311,6861.23715034822,43,265.1863,99.9256
STARLINK-30328,6861.20655957046,43.0014,254.1592,92.1691
STARLINK-30326,6861.20537978418,43.0079,265.3681,90.6578
STARLINK-30324,6861.18669790603,42.9911,268.8345,85.1994
STARLINK-30312,6861.21666562857,43.0016,268.0882,119.3357
STARLINK-30263,6861.19164758824,43.0038,270.7517,188.5901
STARLINK-30280,6861.20524204267,43.0046,265.2707,85.6742
STARLINK-30247,6861.2035112912,43.0038,265.2512,97.5033
STARLINK-30277,6861.19929221479,43.0057,123.2716,93.2908
STARLINK-30265,6861.2537334711,43.0048,265.1687,90.8009
STARLINK-30286,6861.18097568926,43.0015,263.0843,83.3345
STARLINK-30243,6861.2080956889,43.0037,265.4323,202.0916
STARLINK-30299,6861.19096786729,43.0043,263.1094,83.524
STARLINK-30294,6861.28429782447,42.9975,251.9716,108.8898
STARLINK-30276,6861.19722609741,42.9956,265.4,91.0627
STARLINK-30289,6861.24439085434,43.0018,252.6915,86.4335
STARLINK-30267,6853.46732747038,53.1598,118.9631,270.7098
STARLINK-30298,6853.32223825652,53.1599,118.9919,295.5591
STARLINK-30301,6843.60222877171,53.1576,176.9965,321.1483
STARLINK-30275,6853.35263373931,53.1617,117.0897,266.2532
STARLINK-30278,6853.35760812055,53.1605,118.9044,265.9412
STARLINK-30271,6848.88726162967,53.1603,116.4196,261.8584
STARLINK-30322,6853.37319716128,53.1588,117.0892,257.2527
STARLINK-30296,6853.34446753279,53.1579,118.9347,274.3735
STARLINK-30274,6853.38437319352,53.1613,118.9438,270.3192
STARLINK-30316,6853.40548924093,53.1602,118.9734,281.7618
STARLINK-30313,6853.37930321653,53.1594,118.9591,270.0042
STARLINK-30303,6853.43442852261,53.157,116.0279,151.2593
STARLINK-30320,6840.87423953699,53.16,103.5601,272.8053
STARLINK-30321,6853.39027324922,53.1614,116.6041,266.3022
STARLINK-30283,6853.3684496754,53.1603,118.9374,279.6615
STARLINK-30273,6848.86002772238,53.1593,114.942,273.5939
STARLINK-30297,6853.37030985285,53.1596,118.9847,270.9802
STARLINK-30295,6853.37182964564,53.16,118.9766,273.1299
STARLINK-30288,6861.20710454805,42.9876,290.8196,87.2866
STARLINK-30347,6861.1744959145,43.0041,279.4426,90.9007
STARLINK-30332,6861.08558920074,42.9998,298.9121,95.7502
STARLINK-30345,6861.21181172165,43.0042,293.5204,89.2361
STARLINK-30333,6861.28633106825,42.9965,290.0475,77.311
STARLINK-30336,6861.20423293658,42.998,293.5695,235.2719
STARLINK-30346,6861.22813717252,43.007,290.1114,174.9194
STARLINK-30327,6826.36709512171,42.9962,252.1183,347.5776
STARLINK-30315,6861.2214925945,43.0067,293.5354,118.3943
STARLINK-30287,6861.21128770383,43.0027,290.1391,87.2813
STARLINK-30335,6861.19183024456,43.005,290.1657,83.9664
STARLINK-30318,6861.20255309017,42.9999,293.3884,98.5747
STARLINK-30348,6861.07210911993,43.0101,293.6228,91.5836
STARLINK-30349,6861.22136682977,42.9996,290.719,171.8415
STARLINK-30341,6861.19265968407,43.0026,296.9169,105.0436
STARLINK-30300,6861.22582549235,42.9992,293.5997,25.2462
STARLINK-30281,6861.19154877417,43.0085,292.2735,78.0651
STARLINK-30325,6861.21241359366,43.0037,293.646,95.0813
STARLINK-30338,6861.23903084177,43.0095,290.7685,93.4654
STARLINK-30334,6861.19601337706,43.0039,290.736,88.2549
STARLINK-30375,6861.19163561078,43.0051,329.5091,96.8849
STARLINK-30310,6861.22893667893,43.0019,351.4259,77.4445
STARLINK-30365,6861.19317172086,43.0042,344.2245,87.1364
STARLINK-30371,6863.40771987708,43.0064,351.3882,353.2864
STARLINK-30352,6861.28033614763,43.0019,350.8717,235.4098
STARLINK-30344,6924.89962969578,43.0027,1.004,117.715
STARLINK-30351,6861.19715123811,43.0041,347.0323,96.2661
STARLINK-30242,6861.20559837398,43.0243,318.9352,86.5472
STARLINK-30331,6861.20696980084,43.0056,275.5099,96.1065
STARLINK-30364,6861.19676496417,43.0051,347.0144,58.5436
STARLINK-30308,6861.17401981336,43.004,344.211,86.6686
STARLINK-30361,6861.2103684271,43.0041,347.0645,57.9468
STARLINK-30363,6861.20328072405,43.0036,329.7035,104.7035
STARLINK-30362,6861.19814536973,43.006,344.4229,88.5991
STARLINK-30350,6861.13898618207,43.0054,340.794,127.416
STARLINK-30307,6861.17541218487,43.0003,344.2904,97.6497
STARLINK-30356,6861.21385389489,43.0028,346.9631,95.1013
STARLINK-30366,6866.21047485082,43.0037,347.6754,90.7982
STARLINK-30357,6861.19086905324,43.009,351.3441,121.7469
STARLINK-30370,6850.15602502092,42.9981,336.882,69.3888
STARLINK-30368,6861.17421444589,42.9994,344.3057,77.9525
STARLINK-30343,6861.16503379401,43.0046,351.3186,94.7192
STARLINK-30397,6861.18172727226,43.0074,5.9993,80.8818
STARLINK-30354,6861.18651525005,43.0237,12.0664,95.3596
STARLINK-30383,6861.37950555621,43.0011,8.7301,118.2306
STARLINK-30384,6861.18182009726,42.9963,23.1617,257.033
STARLINK-30305,6861.2032597634,43.0038,6.0271,99.5132
STARLINK-30360,6861.1611531363,43.0077,6.0358,66.7555
STARLINK-30355,6861.18125116986,43.0033,9.3193,108.8613
STARLINK-30385,6861.29893481767,43.0039,354.5315,93.1172
STARLINK-30359,6861.24118083438,42.9968,354.6746,78.7181
STARLINK-30380,6861.18454196738,43.0062,5.8254,101.2616
STARLINK-30369,6861.20162183886,43.0013,5.7916,92.8964
STARLINK-30376,6861.16921389132,43.009,14.2213,101.8019
STARLINK-30389,6861.18670389475,43.0036,8.7163,94.2427
STARLINK-30388,6861.21468334105,43.0048,8.708,112.9352
STARLINK-30381,6861.16868089861,43.0041,5.7951,95.5282
STARLINK-30382,6861.20621521655,43.0078,14.1922,97.5764
STARLINK-30378,6861.18099365539,43.0012,5.9614,98.3644
STARLINK-30387,6861.18182009726,43.005,354.603,133.7161
STARLINK-30372,6860.71850072598,43.0034,249.0787,79.89
STARLINK-30367,6861.31445227173,43.0061,5.8607,96.1746
STARLINK-30374,6861.19864543005,43.0129,44.7382,73.9272
STARLINK-30394,6861.14939741195,43.006,44.8415,107.06
STARLINK-30379,6861.21126674312,43.003,48.189,89.8578
STARLINK-30395,6861.20250218575,42.9979,44.8895,85.1708
STARLINK-30403,6861.17444201626,43.0109,44.9128,72.7554
STARLINK-30413,6861.21672851083,43.0024,48.487,80.345
STARLINK-30398,6861.15812287345,43.0044,44.9998,151.7887
STARLINK-30386,6861.20043906033,43.0024,48.3524,96.2419
STARLINK-30391,6861.03928051953,43.0052,48.3764,92.3028
STARLINK-30401,6861.09605711902,43.0096,48.3867,74.7219
STARLINK-30390,6861.19513902099,43.0061,48.4251,100.3513
STARLINK-30409,6861.20132240121,43.0061,50.309,97.1352
STARLINK-30415,6861.22563684496,43.003,45.5558,91.8745
STARLINK-30407,6861.20605351994,43.0022,304.2202,89.0133
STARLINK-30408,6861.19341426464,43.0002,44.7543,103.2739
STARLINK-30377,6861.22158841525,42.9976,44.7431,112.4285
STARLINK-30422,6861.1889556547,43.0127,44.9172,98.5878
STARLINK-30402,6861.19590557972,43.0047,44.8429,97.9298
STARLINK-30411,6861.19342324774,43.0046,50.3303,101.1942
STARLINK-30418,6861.20015459468,43.0015,50.3104,92.9866
STARLINK-30285,6848.87873908076,53.1595,192.57,278.0663
STARLINK-30410,6848.87439584026,53.1592,194.5677,270.3877
STARLINK-30435,6848.8600098368,53.1597,192.8913,260.9239
STARLINK-30423,6848.87306037716,53.1605,194.6126,269.3354
STARLINK-30292,6853.37052483331,53.16,194.7334,276.2844
STARLINK-30416,6848.8552671821,53.161,194.7572,248.4929
STARLINK-30426,6853.37432879592,53.1595,193.0429,282.885
STARLINK-30430,6848.90708507964,53.1621,193.0343,250.3038
STARLINK-30425,6853.37261790785,53.1594,193.0707,283.9541
STARLINK-30405,6848.86590015979,53.1601,194.6822,275.752
STARLINK-30431,6853.33145241149,53.1593,194.7603,300.6201
STARLINK-30404,6853.4980201738,53.1596,194.7336,305.2842
STARLINK-30412,6853.39738856607,53.1593,194.7994,265.9988
STARLINK-30392,6853.3605670755,53.16,194.7791,268.5655
STARLINK-30291,6848.88194658469,53.1591,192.5178,270.9942
STARLINK-30424,6853.35449987768,53.1596,167.4426,271.5851
STARLINK-30290,6853.37113095887,53.1598,194.8383,266.1398
STARLINK-30414,6853.37925245709,53.1591,194.8153,249.3349
STARLINK-30272,6848.87565976129,53.1593,192.5454,274.5836
STARLINK-30432,6861.18466174171,43.0055,100.5956,84.9236
STARLINK-30427,6861.19797469048,43.0074,100.6166,93.3501
STARLINK-30393,6861.2295385547,43.0029,100.5294,83.2716
STARLINK-30439,6861.15569447352,42.9983,98.4292,91.4137
STARLINK-30442,6861.11422036946,43.0038,98.4161,91.8705
STARLINK-30441,6861.19765728699,42.9983,100.5136,103.9466
STARLINK-30460,6861.3457210167,43.0059,98.48,200.1661
STARLINK-30444,6861.13487499978,42.9956,98.5369,92.6859
STARLINK-30446,6861.17716687341,43.0026,84.5425,84.2911
STARLINK-30445,6861.23748572278,43.0006,98.5079,75.5113
STARLINK-30447,6861.21372513612,43.0096,72.9165,91.0288
STARLINK-30434,6861.18738062029,43.012,100.8092,104.5994
STARLINK-30429,6861.20929943143,43.0056,98.6245,75.5014
STARLINK-30284,6861.19673801483,43.0109,62.2301,99.4472
STARLINK-30433,6861.14786132637,43.0118,103.4302,76.6743
STARLINK-30358,6861.24643604625,43.0036,100.5001,94.9176
STARLINK-30436,6861.18397902813,43.0069,100.5487,83.9818
STARLINK-30339,6861.20817054849,43.0147,98.684,86.9991
STARLINK-30282,6861.15371223004,43.0055,103.4101,93.7468
STARLINK-30340,6861.23525188949,43.0018,100.4975,117.1432
STARLINK-30279,6861.18518276008,42.9876,100.4718,200.2251
STARLINK-30465,6861.20046002095,43.0092,129.214,79.0675
STARLINK-30470,6861.25525464376,43.0013,126.5191,79.6116
STARLINK-30473,6861.22217531741,43.0017,127.0724,1.9613
STARLINK-30443,6861.19037498307,43.0036,129.2152,86.3063
STARLINK-30467,6861.19041091544,43.003,129.1329,94.2384
STARLINK-30469,6861.20492463834,43.0024,129.2428,92.9755
STARLINK-30474,6861.18587146268,43.0067,129.2653,98.8899
STARLINK-30479,6861.19416884541,42.9986,129.2895,95.4073
STARLINK-30481,6861.1955252947,42.9959,127.1072,95.7166
STARLINK-30457,6861.20616730644,43.0025,127.2318,96.8364
STARLINK-30472,6861.21589008087,42.9997,131.2952,92.8573
STARLINK-30462,6861.18895266034,43.003,127.1595,86.2359
STARLINK-30449,6861.24260318418,43.0061,129.1612,93.5877
STARLINK-30466,6861.20216681547,43.0026,132.7309,91.9303
STARLINK-30428,6861.14103728405,43.0032,134.2206,99.6943
STARLINK-30482,6861.20815557657,43.0147,127.2952,92.8641
STARLINK-30464,6861.20358914505,43.0006,130.6636,88.1569
STARLINK-30463,6861.1803828072,42.9949,132.8853,111.0027
STARLINK-30453,6861.20155895695,43.004,123.8305,84.6244
STARLINK-30478,6861.19571992876,43.0087,129.1427,91.5184
STARLINK-30477,6861.20654459855,43.006,125.7331,87.938
STARLINK-30450,6861.19356398303,43.0076,143.1262,95.644
STARLINK-30483,6861.19627688168,43.0014,351.0983,91.9908
STARLINK-30454,6861.1407348587,43.0055,139.8565,68.5499
STARLINK-30501,6861.33680929825,43.0077,137.6621,119.5891
STARLINK-30499,6861.20991328044,43.0044,351.7927,96.2709
STARLINK-30496,6861.23226346656,43.0021,139.9583,282.9908
STARLINK-30485,6861.186248752,43.0155,137.7806,90.2536
STARLINK-30492,6861.18934192754,43.0013,137.8259,73.2451
STARLINK-30440,6861.18497315498,43.0032,146.0857,84.3986
STARLINK-30487,6861.23356004645,43.0039,141.234,85.4406
STARLINK-30452,6861.18511987855,43.0069,151.6499,84.405
STARLINK-30468,6861.17022897322,42.9969,141.0749,106.7188
STARLINK-30448,6861.10009039224,43.0043,141.1713,77.5455
STARLINK-30476,6709.96086716495,42.9917,60.4179,5.3587
STARLINK-30488,6861.18376642876,42.9963,141.1963,75.5942
STARLINK-30471,6861.19375861695,43.0038,139.7682,89.1355
STARLINK-30461,6861.20659550305,43.0031,139.7404,91.8994
STARLINK-30712,6840.90136737595,53.1616,292.862,263.2916
STARLINK-30716,6853.37050990411,53.163,294.0813,253.4954
STARLINK-30400,6840.83776138447,53.1607,293.3264,269.3485
STARLINK-30710,6840.83100259172,53.1611,282.8573,276.101
STARLINK-30714,6853.33242578158,53.1603,294.1005,259.8398
STARLINK-30711,6853.31467825361,53.1586,293.1908,280.716
STARLINK-30715,6853.35626151346,53.1618,283.8551,272.2163
STARLINK-30455,6853.35177382319,53.1617,294.0892,251.1445
STARLINK-30456,6853.35353247139,53.1621,294.1422,250.1358
STARLINK-30708,6840.87292877608,53.1609,293.2797,276.4184
STARLINK-30705,6840.85692624908,53.1615,293.3001,283.6725
STARLINK-30704,6840.89161237977,53.1624,9.6719,276.2935
STARLINK-30706,6840.86167290269,53.1619,293.1186,271.8439
STARLINK-30707,6840.93142915204,53.1614,293.2146,296.7688
STARLINK-30701,6840.81744344569,53.1626,293.4371,241.1316
STARLINK-30399,6840.81453070498,53.1618,292.838,246.9872
STARLINK-30713,6840.85203693696,53.1615,293.3469,268.8204
STARLINK-30700,6853.37880756557,53.1616,284.1511,270.8198
STARLINK-30703,6840.82815225272,53.161,283.0863,271.1409
STARLINK-30702,6840.90479144135,53.1607,283.6677,248.3368
STARLINK-30396,6861.1943125751,43.0029,148.6608,86.6051
STARLINK-30524,6861.21558165848,43.0019,148.6157,89.2784
STARLINK-30521,6861.21491091478,43.0033,167.1946,84.847
STARLINK-30528,6861.17320535121,43.0091,156.1459,87.2797
STARLINK-30495,6861.19756446145,43.0005,148.4904,87.5931
STARLINK-30494,6861.21242257683,43.002,1.8581,99.7371
STARLINK-30498,6861.2007983854,43.0028,148.448,95.6407
STARLINK-30505,6861.16766282295,43.0019,148.6213,99.6057
STARLINK-30502,6861.20948807769,43.0018,150.6379,86.9102
STARLINK-30489,6861.20415508271,42.9972,148.4663,98.1516
STARLINK-30503,6861.18985995244,43.0029,148.6495,94.0416
STARLINK-30512,6861.30411228343,43.0006,150.5656,82.2627
STARLINK-30509,6861.20207398978,43.0039,165.2621,83.9862
STARLINK-30511,6861.18635056024,42.998,165.3085,205.3653
STARLINK-30508,6861.16769875502,43.0026,165.3285,77.5296
STARLINK-30510,6861.21069182084,43.0029,171.5241,89.2729
STARLINK-30507,6861.1672795475,43.0039,166.0179,90.4269
STARLINK-30515,6861.21073673664,43.004,171.5803,85.9443
STARLINK-30516,6861.20360711132,43.0018,166.0789,82.5622
STARLINK-30519,6861.2001635778,43.0034,165.3688,93.4606
STARLINK-30537,6861.18528157392,43.0007,238.0118,93.1156
STARLINK-30534,6861.20994621868,43.001,240.1214,79.321
STARLINK-30536,6861.1937256789,43.0017,238.0408,90.6138
STARLINK-30538,6861.19975634282,43.0019,240.3053,70.7106
STARLINK-30517,6861.1780382294,43.019,238.1989,91.9604
STARLINK-30523,6861.17791546101,43.0053,238.0675,75.886
STARLINK-30531,6861.17769387906,43.0106,237.983,65.0119
STARLINK-30552,6861.20163082199,43.0012,238.287,89.2367
STARLINK-30545,6861.20616131768,43.0115,240.0485,81.1994
STARLINK-30535,6861.19245007839,43.0076,251.1503,90.6562
STARLINK-30540,6861.20468209354,43.0025,237.9165,92.8977
STARLINK-30539,6861.22134287458,43.0012,240.1272,181.7797
STARLINK-30530,6861.18929701209,43.0031,237.9593,86.1517
STARLINK-30526,6850.60480550626,43.0022,212.3874,313.2357
STARLINK-30527,6861.2000318253,42.987,18.3653,230.705
STARLINK-30522,6861.1985046945,43.0046,238.2147,92.6534
STARLINK-30486,6861.16576740661,42.9963,237.9328,98.1707
STARLINK-30520,6861.19108764189,43.0034,237.9944,86.7579
STARLINK-30497,6861.27519166576,42.9979,240.0726,75.935
STARLINK-30525,6861.20780822807,43.0009,237.9447,96.3261
STARLINK-30514,6853.36119708549,53.1614,347.2033,261.2443
STARLINK-30518,6853.34199826781,53.1643,347.2706,258.151
STARLINK-30549,6853.38533762483,53.1615,351.7979,263.0537
STARLINK-30556,6840.86921347079,53.1607,355.8774,280.8585
STARLINK-30561,6853.35864420229,53.1625,347.287,278.0048
STARLINK-30562,6853.26527898477,53.1608,76.2619,272.683
STARLINK-30565,6853.38376109332,53.1623,347.3025,259.5473
STARLINK-30438,6853.36538023608,53.1616,347.1662,292.199
STARLINK-30437,6853.35388479833,53.1627,347.2112,279.5117
STARLINK-30533,6840.90279704162,53.1604,75.7941,264.9109
STARLINK-30560,6853.23386634972,53.1618,344.4733,258.2636
STARLINK-30555,6840.89299745633,53.1606,75.5923,279.3937
STARLINK-30542,6853.37582171833,53.1623,347.3051,256.9647
STARLINK-30563,6853.33696419883,53.1611,344.8424,285.1641
STARLINK-30564,6853.32362963374,53.1622,347.3069,303.8078
STARLINK-30547,6840.87177851702,53.1604,75.6501,266.751
STARLINK-30550,6841.24237717334,53.1607,269.5869,270.9613
STARLINK-30548,6840.87954797648,53.1622,75.5515,258.287
STARLINK-30529,6853.36503686516,53.1609,76.8892,279.2441
STARLINK-30554,6853.39238126815,53.1622,76.344,288.3839
STARLINK-30568,6861.19639066778,42.9985,199.1513,93.7632
STARLINK-30575,6861.1561945261,43.0007,201.3413,74.7575
STARLINK-30577,6861.18165840209,43.0103,198.4984,83.4158
STARLINK-30566,6861.63701478771,43.024,198.46,274.7193
STARLINK-30544,6861.18829390059,42.9995,198.372,87.9819
STARLINK-30553,6861.18977910462,43.0048,198.4763,89.1582
STARLINK-30541,6861.24946940104,43.009,198.4369,115.6988
STARLINK-30573,6861.14673845733,43.0059,198.5008,90.1283
STARLINK-30582,6861.19677694166,43.0007,198.3439,92.0122
STARLINK-30558,6861.19844181266,43.0081,201.2735,79.7892
STARLINK-30579,6861.1837424739,43.0004,173.3299,95.258
STARLINK-30588,6861.21137454106,43.0101,198.5297,87.3856
STARLINK-30585,6861.18604513554,43.0032,198.5919,105.1727
STARLINK-30587,6861.20217879298,42.998,198.4007,83.9138
STARLINK-30576,6861.22185791112,42.9987,198.5526,73.6759
STARLINK-30571,6861.1849641719,43.0057,201.2516,83.7529
STARLINK-30567,6861.20290343238,42.9986,201.2935,85.8287
STARLINK-30569,6861.24125270046,43.0022,201.9661,82.2561
STARLINK-30480,6861.20186138901,43.0061,58.5942,87.3448
STARLINK-30532,6861.16763287955,42.997,204.0994,113.2362
STARLINK-30506,6861.16661180994,43.0005,206.7516,95.5677
STARLINK-30604,6861.19671705423,43.0023,248.4125,83.8535
STARLINK-30500,6861.20043606595,43.0162,251.0887,78.9244
STARLINK-30613,6861.17603201499,43.0067,262.1237,85.1891
STARLINK-30597,6861.19947487162,43.0038,248.3361,101.4149
STARLINK-30598,6861.19490845454,43.0042,251.0707,116.0669
STARLINK-30603,6861.24043821836,43.0095,251.1018,83.4613
STARLINK-30602,6865.60955772702,42.9981,251.6763,69.2453
STARLINK-30610,6861.15160722078,42.9998,251.2862,111.9436
STARLINK-30551,6861.19276149255,43.0035,257.4185,84.7241
STARLINK-30586,6861.19536958746,43.0042,254.4917,115.9424
STARLINK-30609,6861.24963708906,43.004,258.9539,126.5013
STARLINK-30583,6861.22017206513,42.9943,254.5486,98.8214
STARLINK-30557,6861.19600139957,42.9999,254.5774,73.9147
STARLINK-30591,6861.19782197748,43.0073,248.3247,89.1808
STARLINK-30584,6861.19906763674,43.0038,262.0942,95.1372
STARLINK-30590,6861.11335202801,42.9973,254.5975,91.2749
STARLINK-30608,6861.20004679718,43.0088,256.6686,94.6409
STARLINK-30615,6861.12109225371,43.0028,249.1472,95.9942
STARLINK-30578,6861.17527444486,43.0062,262.0756,92.1702
STARLINK-30574,6860.97788514414,43.0111,248.3906,80.8709
STARLINK-30570,6861.1494662813,42.9974,251.0469,198.7134
STARLINK-30581,6861.22879893624,43.0029,251.1254,77.4993
STARLINK-30594,6843.30700253205,53.1609,73.8334,104.1057
STARLINK-30614,6853.37388091936,53.161,73.6989,293.4275
STARLINK-30607,6853.37537085567,53.1613,63.7221,266.4406
STARLINK-30600,6840.86482347257,53.1624,73.5094,272.6802
STARLINK-30605,6853.35798433463,53.1589,73.6741,268.5355
STARLINK-30592,6840.90370953133,53.1615,73.5442,278.8512
STARLINK-30589,6853.37134892524,53.1621,74.0097,262.4936
STARLINK-30617,6840.90490438803,53.1594,74.0078,285.6676
STARLINK-30616,6840.87711370199,53.1623,59.9882,280.2537
STARLINK-30612,6840.84639863469,53.1614,59.5267,266.0411
STARLINK-30421,6840.89762230932,53.1609,59.3733,257.1583
STARLINK-30611,6840.83970520922,53.1609,59.4453,273.901
STARLINK-30606,6840.87607044217,53.1609,73.5556,264.5669
STARLINK-30596,6853.3868395108,53.161,73.5937,252.0346
STARLINK-30595,6853.35000920447,53.1611,74.1216,270.0211
STARLINK-30593,6853.32482394951,53.1617,73.7975,252.9714
STARLINK-30353,6853.37146835887,53.1606,74.1597,259.9942
STARLINK-30572,6853.35002114774,53.1624,73.7789,246.4625
STARLINK-30580,6853.37658012322,53.1601,73.5935,261.3778
STARLINK-30493,6853.38863699768,53.1614,74.1419,250.3198
STARLINK-30601,6853.45396838371,53.1606,74.1783,262.5658
STARLINK-30795,6861.19356997176,43.0029,304.405,75.8142
STARLINK-30765,6861.18620084225,43.0025,304.5299,93.8156
STARLINK-30768,6861.190940918,43.0009,304.429,96.8532
STARLINK-30799,6861.16409956109,43.0049,304.5512,51.5667
STARLINK-30759,6861.15225998308,43.0053,304.5342,99.9298
STARLINK-30781,6861.19873226688,43.0032,304.5571,92.5723
STARLINK-30754,6861.23575495098,43.0017,307.9017,117.7119
STARLINK-30766,6861.17168422402,43.0083,307.2666,107.4628
STARLINK-30767,6861.21726450726,42.9965,301.6921,92.492
STARLINK-30790,6885.44292603856,43.0001,308.9205,56.268
STARLINK-30787,6861.18008636622,43.0106,301.7107,81.4422
STARLINK-30756,6861.17517862573,43.0035,307.9336,96.3283
STARLINK-30783,6861.19905565924,43.0137,301.6682,72.7613
STARLINK-30757,6861.17864009401,43.0024,301.6353,88.4741
STARLINK-30770,6861.2219088159,43.006,307.9761,76.1936
STARLINK-30758,6861.19513303225,43.0017,301.6702,109.8596
STARLINK-30761,6861.17643625211,43.0093,308.0031,98.5512
STARLINK-30772,6861.203738864,43.0049,304.5727,56.7046
STARLINK-30776,6820.70579174698,42.9942,299.7554,26.504
STARLINK-30782,6861.21427011514,43.0092,308.0346,86.4581
STARLINK-30769,6861.22772394457,42.9965,304.4451,79.964
STARLINK-30775,6861.1981483641,43.0051,304.4245,100.1952
STARLINK-30780,6861.20676019407,43.0017,304.4944,82.4034
STARLINK-30802,6848.89384955728,53.16,129.1304,264.2876
STARLINK-30834,6853.33613115984,53.1584,131.6758,260.2766
STARLINK-30833,6848.92802953014,53.161,131.4043,267.1198
STARLINK-30831,6848.87743640598,53.1609,131.3593,281.4022
STARLINK-30797,6853.42344338374,53.1604,129.5635,255.8098
STARLINK-30804,6848.88858517585,53.1609,129.1697,268.3314
STARLINK-30784,6853.38018404225,53.16,129.7415,263.4676
STARLINK-30803,6848.85384230065,53.161,128.9831,268.2199
STARLINK-30829,6848.86348560278,53.1605,129.2007,277.177
STARLINK-30788,6848.84795796542,53.1601,129.115,284.1245
STARLINK-30779,6848.88468608219,53.1613,129.0889,270.551
STARLINK-30773,6853.36293782475,53.1595,131.3492,287.7962
STARLINK-30816,6853.41800308391,53.1599,131.3531,266.027
STARLINK-30763,6853.38778602783,53.1592,116.9895,267.9645
STARLINK-30815,6848.87710850167,53.1606,129.0326,268.167
STARLINK-30814,6853.40679705578,53.1594,129.1059,264.9773
STARLINK-30789,6853.37058156427,53.1602,131.3951,269.3274
STARLINK-30811,6848.86734293314,53.16,130.6817,275.429
STARLINK-30812,6853.38332217278,53.1593,129.1267,273.0176
STARLINK-30771,6853.3740272257,53.1596,129.2094,276.1627
STARLINK-30764,6853.41567408948,53.1595,129.1881,261.7043
STARLINK-30752,6853.40059539137,53.1594,129.16,260.2952
STARLINK-30753,6861.19701050264,43.004,315.5293,73.3054
STARLINK-30824,6861.2330150636,43.002,314.8209,91.3358
STARLINK-30791,6861.2175908962,43.0033,320.8649,81.6004
STARLINK-30810,6861.16695017021,43.0028,315.2419,97.9062
STARLINK-30819,6861.16259939929,43.0081,315.473,68.8695
STARLINK-30806,6846.32288199144,42.9959,314.4736,56.4435
STARLINK-30821,6861.20508633488,43.0023,318.7062,91.5811
STARLINK-30778,6861.18052054747,43.0011,318.7216,73.5455
STARLINK-30809,6861.15936252603,43.0039,318.987,94.2295
STARLINK-30801,6861.18386224819,43.0067,319.015,93.742
STARLINK-30793,6861.19627688168,43.0052,315.4562,90.0511
STARLINK-30755,6861.21737829422,43.0014,315.3183,86.4294
STARLINK-30760,6861.1663123761,43.0067,315.485,85.2807
STARLINK-30826,6861.20865563872,42.9993,315.4483,88.9448
STARLINK-30796,6861.0078715458,43.0002,315.2841,187.7671
STARLINK-30820,6861.16996547109,43.0059,315.2581,77.7224
STARLINK-30785,6861.21127572628,43.0061,315.5355,71.34
STARLINK-30807,6861.17240586103,43.0053,315.4775,77.4347
STARLINK-30822,6861.231601702,42.9932,318.9365,288.9387
STARLINK-30830,6861.19179730654,43.0028,315.244,119.6265
STARLINK-30827,6861.20819749795,43.0023,315.2412,99.2488
STARLINK-30798,6861.26385766958,42.9946,315.5676,89.6835
STARLINK-30762,6861.22004330607,43.0053,318.9593,112.0429
STARLINK-30800,6861.17468455838,43.0011,5.9215,97.4927
STARLINK-30845,6923.89094356265,42.9988,25.8398,102.8249
STARLINK-30841,6861.20863168364,43.0049,5.8339,96.2067
STARLINK-30839,6861.20397541995,43.0047,5.1655,95.7659
STARLINK-30846,6861.19466291626,43.0019,5.9797,81.5531
STARLINK-30838,6861.21339275886,43.009,8.5642,105.9133
STARLINK-30837,6861.21826762935,42.999,5.9294,82.5078
STARLINK-30813,6861.21073374225,43.0111,8.5919,95.0092
STARLINK-30805,6861.19952877036,43.0073,5.1836,97.2156
STARLINK-30851,6861.18008636622,43.0014,5.2065,75.5221
STARLINK-30818,6861.28679820547,43.011,8.5829,97.7635
STARLINK-30794,6861.17229207593,43.0088,5.1741,47.6494
STARLINK-30835,6861.16156635422,42.9994,8.6661,268.1819
STARLINK-30792,6920.85075401766,42.9993,27.6192,128.3258
STARLINK-30836,6861.19323759694,43.0052,5.7595,102.4509
STARLINK-30855,6861.2096916959,43.0079,5.8558,95.1289
STARLINK-30840,6861.15988054527,43.002,9.2066,85.7703
STARLINK-30875,6861.19281239679,43.0024,8.5366,61.2328
STARLINK-30872,6861.18263156761,43.0008,223.3799,98.2576
STARLINK-30865,6861.19976532594,43.005,354.5662,90.5504
STARLINK-30874,6861.1894347528,43.0039,5.7724,108.563
STARLINK-30871,6861.21235670028,43.0096,5.8056,85.2455
STARLINK-30861,6853.0237056447,42.9918,99.1447,191.1963
STARLINK-30867,6861.20433773986,42.9992,98.2061,96.3045
STARLINK-30880,6861.45186731827,43,100.3923,79.2044
STARLINK-30777,6861.19623496049,43.0006,101.1573,139.9928
STARLINK-30860,6861.2314070654,42.999,100.3625,104.938
STARLINK-30853,6861.26399541404,43.0029,98.5452,107.5371
STARLINK-30866,6861.21238963856,43.0076,98.3272,61.4567
STARLINK-30817,6861.18439524384,43.0137,104.0515,88.4505
STARLINK-30847,6861.19489348269,43.0033,104.0249,96.3758
STARLINK-30848,6861.21704591652,43.0035,98.3281,65.2988
STARLINK-30843,6861.22050444321,42.9885,98.4469,267.0323
STARLINK-30877,6861.17408868333,43.0028,98.2913,105.5754
STARLINK-30864,6861.18776389854,43.0037,98.4151,89.9956
STARLINK-30854,6861.19972639907,42.9958,98.4387,117.0542
STARLINK-30849,6861.2301763635,43.0055,98.3766,101.2051
STARLINK-30886,6861.23567709622,43.0016,98.3224,102.8747
STARLINK-30850,6861.19544744108,43.0062,98.3478,63.0559
STARLINK-30823,6861.21913600399,43.0018,98.3833,98.2214
STARLINK-30873,6861.22416659354,43.0009,100.5694,70.9988
STARLINK-30808,6859.05345260733,42.9982,98.4229,47.0623
STARLINK-30881,6861.18745847368,43.0072,98.3296,89.6915
STARLINK-30883,6861.28340846795,43.0154,98.2712,197.1419
STARLINK-30907,6861.19422573841,42.9973,162.6088,87.5149
STARLINK-30896,6861.1919949347,43.011,23.0473,91.9626
STARLINK-30832,6861.19235126429,43.0054,165.6219,96.7621
STARLINK-30903,6861.19647151579,43.0003,162.6393,93.2509
STARLINK-30905,6861.20274772473,43.0004,162.6317,97.5865
STARLINK-30842,6860.63386290902,43.0097,149.5297,256.5253
STARLINK-30858,6861.20117567677,43.0007,164.8038,89.9034
STARLINK-30878,6861.19263273477,42.9967,166.118,94.5749
STARLINK-30897,6861.19157572346,43.0101,185.0638,98.1757
STARLINK-30885,6861.18168535129,43.0048,162.6931,90.1054
STARLINK-30890,6861.17051343576,42.9928,162.7223,89.4424
STARLINK-30909,6861.20333162848,43.0029,162.7485,53.5705
STARLINK-30904,6917.25822075201,42.9966,178.4955,294.965
STARLINK-30918,6861.17775077172,43.0022,162.8279,90.3748
STARLINK-30892,6861.19095588983,43.0028,162.7752,85.5349
STARLINK-30891,6861.20100200296,43.0069,162.8869,70.3298
STARLINK-30889,6861.20567622789,43.0034,162.8525,83.5677
STARLINK-30870,6861.20502345289,42.9955,162.9031,136.8169
STARLINK-30888,6861.19146493193,42.9985,164.7989,89.7285
STARLINK-30859,6861.18793757152,42.9999,165.5075,81.5899
STARLINK-30884,6861.08513706901,43.0014,164.4396,85.9661
STARLINK-30852,6861.19936108539,42.9983,162.6117,92.688
STARLINK-30911,6840.83549953508,53.1603,269.2375,274.6686
STARLINK-30894,6840.85170702017,53.1601,269.7884,243.5405
STARLINK-30910,6840.84499574842,53.1605,269.6247,257.7212
STARLINK-30914,6840.85039627005,53.1594,269.5585,271.8931
STARLINK-30920,6853.36531753356,53.1597,258.7483,259.5682
STARLINK-30882,6840.85417693876,53.1625,269.7496,256.0333
STARLINK-30915,6841.39392099676,53.1608,182.3221,251.1111
STARLINK-30923,6841.10281492928,53.162,270.2577,352.4448
STARLINK-30927,6840.82169664713,53.1589,269.7939,268.8482
STARLINK-30921,6840.81615946165,53.1606,269.7059,257.2327
STARLINK-30825,6840.85410263311,53.1599,269.5546,272.2005
STARLINK-30930,6840.84701388377,53.1598,269.1623,247.116
STARLINK-30929,6840.90744866173,53.1603,269.7076,270.6524
STARLINK-30898,6840.8327591629,53.1623,269.7333,285.7125
STARLINK-30913,6840.82368801556,53.1621,269.7741,233.4162
STARLINK-30938,6840.86029675869,53.1595,269.5692,337.8374
STARLINK-30868,6840.83815371596,53.1602,269.7298,272.9078
STARLINK-30916,6840.81390357448,53.1612,269.7167,287.9492
STARLINK-30939,6840.86540008669,53.1604,269.6627,268.6607
STARLINK-30887,6840.85127010339,53.162,269.7106,267.6526
STARLINK-30934,6840.83872140784,53.1621,269.8354,260.362
STARLINK-30964,6861.2071314975,43.0047,226.1076,123.3344
STARLINK-30844,6861.1886831677,43.005,226.2935,82.1805
STARLINK-30876,6861.19269561647,43.0006,224.0484,95.1205
STARLINK-30952,6861.26714257726,43.0024,223.971,71.5298
STARLINK-30925,6861.18232913768,43.001,223.9868,87.5697
STARLINK-30954,6861.20414011081,43.0055,226.0617,91.9995
STARLINK-30906,6861.17534331486,43.001,234.4466,100.5563
STARLINK-30940,6861.22926606367,43.0131,83.0944,79.562
STARLINK-30933,6861.20402033564,43.0014,80.0878,100.5447
STARLINK-30919,6861.19949283786,42.9922,223.2478,92.9644
STARLINK-30924,6805.00225531117,42.9965,66.9035,135.4443
STARLINK-30931,6861.15467939699,43.0001,212.6985,89.0082
STARLINK-30922,6861.19448325412,43.0032,224.0052,310.0827
STARLINK-30949,6861.19728897922,43.0025,226.1274,89.5804
STARLINK-30967,6861.20840111606,42.9996,226.1127,89.2415
STARLINK-30955,6861.20249919137,43.0071,223.2906,89.3608
STARLINK-30895,6861.2028734886,43.0094,226.0857,81.6095
STARLINK-30917,6861.26260299758,43.0066,116.6218,98.9967
STARLINK-30899,6861.16635729118,43.0157,223.358,89.6647
STARLINK-30902,6861.17815800344,43.0135,226.101,77.1828
STARLINK-30912,6861.1729747866,43.0059,83.5621,104.747
STARLINK-30900,6861.24829857959,43,225.9985,114.5654
STARLINK-30908,6861.1909499011,43.0136,225.9819,76.8085
STARLINK-30869,6861.20308309508,43.0021,212.9667,73.0051
STARLINK-30969,6861.15821569765,43.0101,212.9368,99.8438
STARLINK-30951,6861.20088821667,43.0042,212.9964,81.8412
STARLINK-30950,6861.14666659373,43.0067,16.3797,78.2011
STARLINK-30942,6861.27952165394,43.0053,214.8932,101.3673
STARLINK-30959,6861.20048996471,43.0014,212.7542,100.6768
STARLINK-30971,6861.20309806697,43.0022,215.7046,87.7867
STARLINK-30963,6861.20958090364,43.0009,212.7741,69.4835
STARLINK-30961,6861.18893768853,43.0013,215.0192,91.4179
STARLINK-30975,6861.17041462245,43.0001,215.0041,87.7562
STARLINK-30976,6861.20326874653,42.996,212.9246,90.796
STARLINK-30926,6861.20369694269,42.9964,212.6526,87.5002
STARLINK-30943,6861.17713393556,43.002,189.9266,73.1979
STARLINK-30946,6861.19907362548,43.0083,212.9028,94.8005
STARLINK-30944,6861.23065247439,43,215.0536,81.5455
STARLINK-30928,6861.28317190515,43.0018,218.405,87.0736
STARLINK-30957,6861.2095689261,43.0008,212.8276,81.7573
STARLINK-30966,6861.20043906033,43.006,215.0726,81.0221
STARLINK-30935,6861.20304416816,43.0098,215.6534,76.1757
STARLINK-30958,6861.18703327441,43.0059,212.7156,72.563
STARLINK-30962,6861.23213470693,43.0039,212.6625,82.2337
STARLINK-30977,6861.17117817993,43.002,221.2126,81.6769
STARLINK-30947,6861.12948525812,43.0197,238.1337,90.2606
STARLINK-30941,6861.17337902327,42.996,238.1532,91.1585
STARLINK-30980,6861.24724154685,43.0034,238.1919,77.1658
STARLINK-30965,6861.19636371844,43.0105,225.8495,80.2153
STARLINK-30990,6861.19328550683,43.0019,238.1021,99.2909
STARLINK-30984,6861.20174460831,42.9986,234.4315,78.4176
STARLINK-30956,6861.1577156447,43.0093,215.0826,80.328
STARLINK-30997,6861.23127231699,43.0034,234.6561,96.546
STARLINK-30994,6846.52243555758,42.9984,74.9242,152.4863
STARLINK-30991,6860.97754680718,43.0051,234.4205,89.7316
STARLINK-30979,6861.20468209354,43.0025,234.7586,47.77
STARLINK-31005,6861.21260523453,43.004,241.7223,97.8165
STARLINK-30987,6861.22605905581,43.0033,240.2717,91.2599
STARLINK-31000,6861.22703822588,43.0051,234.648,91.4304
STARLINK-30993,6861.19665117806,42.994,234.6777,86.811
STARLINK-30978,6861.18832084985,43.0041,236.8154,111.9122
STARLINK-30953,6861.20187935527,43.004,80.8559,95.9094
STARLINK-30986,6861.19011147901,43,234.5703,84.8045
STARLINK-30985,6861.23911169105,43.0008,234.5108,95.4192
STARLINK-30981,6861.31398812431,43.0009,234.4796,105.5273
STARLINK-31002,6861.53400879478,43.0024,234.769,185.4685
STARLINK-31026,6861.16089262938,43.0006,283.0113,114.7598
STARLINK-31020,6861.21018576955,43.0014,282.9296,92.8652
STARLINK-30989,6861.18297891293,43.0149,285.1121,87.369
STARLINK-30968,6861.23183526595,43.0053,285.1425,73.1734
STARLINK-30982,6861.1692707838,43.0062,285.1679,79.6666
STARLINK-30998,6861.21638415564,43.0059,276.6961,96.7775
STARLINK-30983,6861.19100379967,43.0024,276.1119,98.9277
STARLINK-31017,6861.18603615246,43.027,41.8967,256.3026
STARLINK-31028,6861.21346162982,43.0094,275.9016,81.2108
STARLINK-31011,6861.17136382923,43.0047,275.8751,90.8337
STARLINK-31021,6861.20111878362,42.9947,281.0026,305.949
STARLINK-31010,6861.24095924732,43.0026,275.8709,337.2937
STARLINK-31003,6861.19106368697,43.002,275.8653,92.6187
STARLINK-31015,6861.141758913,43.0099,281.4422,239.9912
STARLINK-30932,6861.19721112555,43.0036,275.95,81.3771
STARLINK-30992,6861.12497285477,43.0012,275.9769,222.1958
STARLINK-30948,6861.20205003476,42.999,275.9955,84.7671
STARLINK-31013,6915.24284406021,42.9998,294.0958,49.3094
STARLINK-31001,6861.13974074788,42.9986,276.0499,93.362
STARLINK-31004,6861.22630459689,42.9961,276.0197,96.3254
STARLINK-30988,6861.19835797021,42.9994,276.0474,84.4585
STARLINK-31009,6861.31080796791,43.0025,279.4022,89.3017
STARLINK-31012,6853.25612476653,53.1627,331.9051,254.5811
STARLINK-31035,6840.7838371452,53.16,318.733,243.9258
STARLINK-31036,6840.8409327323,53.1623,330.6776,258.0337
STARLINK-30936,6848.85647147579,53.1616,321.8134,285.2028
STARLINK-31032,6840.79124672387,53.1619,330.4606,268.9304
STARLINK-31037,6840.8818217513,53.1615,330.7964,272.2416
STARLINK-31041,6840.85365085483,53.1612,330.8144,277.1601
STARLINK-31014,6840.82662751577,53.1606,330.6605,258.8496
STARLINK-31055,6840.81468823067,53.1611,330.5777,276.3453
STARLINK-31019,6840.84230292214,53.1619,330.7372,272.3085
STARLINK-31045,6853.3581963283,53.162,47.8538,286.4509
STARLINK-31030,6840.82578935664,53.1611,330.5892,284.6759
STARLINK-31049,6840.80244583634,53.1619,330.6092,257.5798
STARLINK-31048,6853.37442434293,53.1612,331.4793,269.1951
STARLINK-31057,6840.78837562121,53.1604,330.6296,257.7472
STARLINK-31050,6840.82841083393,53.1604,330.7485,260.5828
STARLINK-31063,6853.43978823532,53.1607,320.7906,15.934
STARLINK-31016,6853.34359866178,53.1629,331.4946,277.2441
STARLINK-31053,6840.84157175784,53.158,330.6736,237.3452
STARLINK-31056,6853.35739612693,53.1616,331.563,270.2456
STARLINK-30999,6853.3600057397,53.1614,322.5697,268.324
STARLINK-31046,6840.87357969808,53.1615,331.3682,267.9993
STARLINK-31044,6861.1906594477,42.9985,340.8834,90.1946
STARLINK-31062,6861.16165618421,43.0052,343.7353,82.979
STARLINK-31096,6840.94285473473,42.9962,339.952,66.3011
STARLINK-31094,6861.20024442593,43.0161,343.6576,90.7358
STARLINK-31075,6861.16452176247,42.9966,340.1713,77.4516
STARLINK-30857,6861.20749681221,43.0042,343.7139,98.0107
STARLINK-31059,6861.19128826437,42.9996,186.2539,86.6009
STARLINK-31087,6861.19637569592,43.0056,340.2048,70.795
STARLINK-31079,6745.26566785865,42.9777,295.1814,25.8555
STARLINK-31052,6861.21663867903,43.0053,340.238,95.7346
STARLINK-31074,6861.04420897644,43.005,340.2612,100.8142
STARLINK-31071,6861.19865441317,43.0026,180.5647,92.6299
STARLINK-31080,6861.20807173383,43.0086,340.2834,66.8758
STARLINK-31088,6861.1989688224,43.0132,340.2954,87.9813
STARLINK-31038,6839.34096564719,42.9994,338.4022,68.2857
STARLINK-31082,6861.1596619591,43.0115,343.6613,96.092
STARLINK-31069,6861.20367897642,43.0055,343.7175,82.6282
STARLINK-31067,6861.21121284415,42.9973,343.744,142.8114
STARLINK-31085,6861.18783875758,43.0053,340.8181,83.7559
STARLINK-31089,6861.24154016479,43.0061,340.8731,99.6
STARLINK-31061,6861.22926606367,43.0052,340.831,140.9112
STARLINK-31054,6861.2151444773,42.9852,240.5675,207.4292
STARLINK-31134,6861.15409250926,43.0046,238.5208,56.1244
STARLINK-31133,6861.1946209951,43.0082,240.5537,78.6422
STARLINK-31068,6861.20128047994,43.0049,240.5237,80.8706
STARLINK-31129,6860.97236995746,43.0039,240.5033,86.5096
STARLINK-30774,6861.21486001013,43.002,237.8855,87.2876
STARLINK-31086,6861.21863893434,43.0007,237.6933,73.8764
STARLINK-31065,6861.21420124416,43.0137,237.7894,84.1268
STARLINK-31092,6861.30558557217,42.9997,237.8689,27.8502
STARLINK-31091,6861.2068051098,42.9925,244.0448,169.5389
STARLINK-31084,6861.20458028462,43.0125,244.0306,76.8289
STARLINK-31064,6861.19323160821,43.0005,241.9185,83.5978
STARLINK-31081,6861.20475994742,43.0108,241.3693,83.7842
STARLINK-31022,6861.20983542641,43.0015,241.9748,81.8654
STARLINK-31025,6861.22196271508,43.0019,239.8736,122.453
STARLINK-31018,6861.18518575444,43.0003,238.4486,84.0737
STARLINK-31008,6861.2105001801,43.0031,238.4696,79.3977
STARLINK-31077,6861.26557049242,43.0043,238.4222,91.2372
STARLINK-31078,6861.19774711816,42.9996,240.6057,102.2493
STARLINK-31070,6861.18081998285,43.0016,238.4974,85.2146
STARLINK-31090,6861.17457676188,42.9954,232.7622,80.4781
STARLINK-31113,6861.2055804077,43.0045,255.6756,93.3411
STARLINK-31128,6861.19128527,43.0106,261.3388,88.5414
STARLINK-31083,6861.21670755008,43.003,255.6469,76.7759
STARLINK-30828,6861.2120961885,43.0034,258.4674,74.3277
STARLINK-31104,6789.98638649453,42.9919,253.9576,247.2533
STARLINK-31131,6861.15984161896,43.0035,258.8318,81.6338
STARLINK-31124,6861.21826762935,43.0032,255.7022,87.1873
STARLINK-31126,6861.16506373737,43.0024,255.5795,81.6785
STARLINK-31066,6861.22486129473,43.0048,41.856,102.4304
STARLINK-31058,6861.17982885186,43.005,261.2625,94.6395
STARLINK-31125,6861.21323106183,43.0027,258.4809,88.8236
STARLINK-31110,6861.20078940227,43.0013,261.2917,80.2273
STARLINK-31112,6861.1731125265,43.0088,261.3481,82.7861
STARLINK-31147,6861.20021747656,42.9992,258.5153,92.5039
STARLINK-31144,6861.21223393036,43.0044,255.5999,75.1676
STARLINK-31095,6861.1957259175,43.0009,256.3886,86.6372
STARLINK-31107,6861.11913398951,43.0013,256.4344,92.6505
STARLINK-31121,6861.17332512504,42.9969,255.6309,86.8145
STARLINK-31137,6861.14310635345,43.0004,258.4882,95.672
STARLINK-31106,6861.14164213486,43.0063,261.3853,102.4283
STARLINK-11072 [DTC],6737.89212922716,53.1589,155.8017,286.1115
STARLINK-11075 [DTC],6738.00163811111,53.1601,157.4641,278.5079
STARLINK-11077 [DTC],6737.87572917609,53.1586,158.0443,290.2485
STARLINK-11079 [DTC],6737.89573490524,53.1594,155.763,276.5691
STARLINK-11076 [DTC],6737.86648612723,53.1597,157.9331,290.013
STARLINK-11078 [DTC],6737.89313080392,53.1586,155.7061,277.1093
STARLINK-31031,6840.86572406066,53.1599,140.8591,277.2549
STARLINK-31029,6853.38385962652,53.1602,139.3681,274.9456
STARLINK-30973,6853.3680495732,53.1599,139.406,280.0963
STARLINK-31100,6853.37127726506,53.1598,139.4238,278.0313
STARLINK-31102,6840.77136009014,53.1601,141.0708,257.0636
STARLINK-31098,6853.38364165916,53.1601,141.5602,280.4285
STARLINK-31093,6853.37717729257,53.1601,141.6183,279.4041
STARLINK-31097,6853.37393765039,53.1598,141.5841,280.0151
STARLINK-31051,6853.3956597484,53.1606,141.6166,256.7415
STARLINK-31027,6734.83313396411,53.1415,116.6917,15.7359
STARLINK-30972,6853.33195999707,53.1604,139.4077,275.1572
STARLINK-31040,6840.87734256531,53.1611,139.1504,267.8783
STARLINK-31033,6853.37910316463,53.1596,141.5727,280.7033
STARLINK-30893,6840.86465702728,53.1605,140.9222,267.0065
STARLINK-30856,6853.36878408923,53.1589,139.4278,282.3381
STARLINK-31115,6861.21104515848,43.0084,34.2007,95.79
STARLINK-31180,6861.20911377956,43.0034,30.646,94.8194
STARLINK-31164,6861.19873226688,43.0041,30.4575,123.6935
STARLINK-31152,6861.21039837097,43.0036,30.4828,104.1196
STARLINK-31157,6861.20684104239,43.0094,30.5159,83.4283
STARLINK-31076,6861.1816314529,43.0028,30.538,80.8564
STARLINK-31101,6861.31573990695,43.0134,30.6174,139.026
STARLINK-31108,6861.17510077268,43.0038,30.5669,95.6106
STARLINK-31042,6861.18757824813,43.0037,30.64,92.34
STARLINK-31159,6861.2145695542,42.9957,30.4346,117.0622
STARLINK-31148,6861.19789983116,43.0032,30.5136,117.7524
STARLINK-31151,6861.21731840635,43.0024,33.8944,89.4018
STARLINK-31156,6861.20371490896,43.0032,30.6034,82.6482
STARLINK-31167,6861.25084084982,43.0008,247.4202,88.9043
STARLINK-31176,6861.10641728341,43.0042,30.7049,94.3731
STARLINK-31181,6861.28833436881,43.0008,238.3724,34.7061
STARLINK-31183,6861.21059300608,43.0053,30.7631,95.6277
STARLINK-31165,6861.19998690968,43.0054,30.7343,103.5515
STARLINK-31160,6861.19291420527,43.0045,34.0912,98.8215
STARLINK-31179,6861.20794596971,43.0075,30.7746,133.84
STARLINK-31127,6853.32183218949,53.1614,283.3823,284.3239
STARLINK-31114,6853.35939663078,53.1611,281.6298,270.8084
STARLINK-31140,6841.45996876212,53.1592,281.9356,41.4112
STARLINK-31146,6853.38036319327,53.1607,287.8636,279.436
STARLINK-31143,6853.33945734572,53.1617,283.2985,295.3998
STARLINK-31135,6853.3493702396,53.1605,281.2603,278.3497
STARLINK-31136,6841.178023083,53.161,282.027,334.0383
STARLINK-31073,6853.35001219029,53.1621,283.3954,267.5009
STARLINK-31122,6853.3690558005,53.1618,283.7343,270.2422
STARLINK-31123,6840.95407824638,53.1621,283.0668,350.45
STARLINK-31117,6853.38392830117,53.1612,283.7783,268.2764
STARLINK-31132,6848.84997902746,53.16,191.9817,265.1938
STARLINK-31120,6840.85255410391,53.1593,281.972,49.8173
STARLINK-31142,6853.3701695184,53.1611,283.7627,265.7686
STARLINK-31099,6853.49487594002,53.1619,283.7437,275.4849
STARLINK-31047,6840.83905429528,53.1609,267.0282,277.3323
STARLINK-31039,6853.33047605595,53.1609,282.4892,260.0395
STARLINK-31034,6840.8776665407,53.1596,178.9563,277.0123
STARLINK-31024,6853.3593339284,53.1622,281.6283,276.2033
STARLINK-31189,6861.17322331729,43.001,342.305,87.9673
STARLINK-31185,6861.19695959832,43.0055,340.5164,87.102
STARLINK-31166,6861.19795971862,43.0007,336.8884,88.6501
STARLINK-31187,6861.20743393017,43.0054,340.5059,87.272
STARLINK-31162,6861.17669975485,43.0096,336.8927,93.1871
STARLINK-31184,6861.19470184306,42.9985,336.8446,100.3593
STARLINK-31192,6861.15569447352,43.0056,340.4806,85.4193
STARLINK-31161,6861.18600920322,43.0087,336.8643,146.8233
STARLINK-31195,6861.20533486847,43.0046,337.5858,95.8564
STARLINK-31193,6861.17085179651,43.0043,336.9303,93.7416
STARLINK-31168,6861.16945643298,42.9972,336.9519,76.5803
STARLINK-31191,6861.38172153948,43.0013,336.072,111.51
STARLINK-31170,6861.19053667875,42.9968,336.9973,76.1074
STARLINK-31141,6861.20454435207,43.0037,340.4025,67.5097
STARLINK-31188,6861.23018834113,43.0082,340.353,93.6448
STARLINK-31138,6861.18824000207,42.9985,337.0433,103.3582
STARLINK-31163,6861.17889161956,43.0031,336.7478,80.4198
STARLINK-31174,6861.1781789639,43.0014,336.7366,90.0574
STARLINK-31169,6861.19650744825,43.0056,337.0184,84.2037
STARLINK-31233,6853.32231588699,53.1598,116.2773,270.2595
STARLINK-31271,6853.36529961856,53.1582,114.6201,268.9268
STARLINK-31222,6853.3801929998,53.1605,113.9831,261.8175
STARLINK-31258,6853.37825219774,53.1605,116.3113,274.1337
STARLINK-31253,6848.86413246538,53.16,115.6188,286.4296
STARLINK-31232,6848.87898948056,53.1603,115.5599,276.9284
STARLINK-31263,6840.85529449592,53.1606,103.2934,288.9233
STARLINK-31171,6853.37513795976,53.16,88.9816,274.5572
STARLINK-31246,6853.38725155918,53.1597,114.1286,282.5905
STARLINK-31251,6853.38650509477,53.1609,116.3017,265.3679
STARLINK-31249,6853.37324493477,53.1599,116.3364,271.415
STARLINK-31250,6840.89278939757,53.161,103.2622,258.4732
STARLINK-31248,6840.86966822389,53.1604,127.2177,260.9571
STARLINK-31236,6853.20418277046,53.1596,116.3769,314.049
STARLINK-31228,6853.32927576612,53.1603,116.3576,272.7074
STARLINK-31280,6853.37638902905,53.1607,114.5781,255.5679
STARLINK-31269,6853.3666133859,53.1598,205.3078,280.9172
STARLINK-31264,6853.36569673453,53.1601,204.694,265.8026
STARLINK-31273,6853.37359129256,53.1601,116.4175,258.5882
STARLINK-31262,6853.3888878099,53.1599,202.9162,265.1953
STARLINK-31238,6861.174888174,42.9962,59.2737,108.7743
STARLINK-31158,6861.20007374655,43.0079,59.3285,85.3395
STARLINK-31237,6861.13416834416,43.0101,59.2666,84.1407
STARLINK-31244,6861.2054546437,43.0037,62.6946,82.9835
STARLINK-31226,6861.07999295302,43.0091,62.8142,110.7674
STARLINK-31197,6861.23322467238,43.005,65.1117,177.3341
STARLINK-31213,6861.11688528113,43.0014,59.747,146.5847
STARLINK-31199,6861.2139706761,43.0051,59.3515,84.5863
STARLINK-31200,6861.19288126723,43.0058,59.3591,97.5934
STARLINK-31149,6861.24813688051,42.9933,62.1158,249.5961
STARLINK-31242,6861.21339575325,43.0055,62.733,102.9345
STARLINK-31223,6861.18841367508,43.0035,62.7466,87.7823
STARLINK-31219,6861.18205066261,43.0034,59.2353,89.9156
STARLINK-31198,6861.06147361645,43.0035,59.2798,102.7738
STARLINK-31196,6861.21793824593,43.0078,62.9232,86.2768
STARLINK-31203,6861.18692847179,42.9977,55.8401,78.1981
STARLINK-31201,6861.16434509664,43.0036,59.5511,72.8369
STARLINK-31214,6861.17846342727,42.9992,64.7915,121.4128
STARLINK-31215,6861.17743636492,43.0065,59.2944,79.1655
STARLINK-31177,6861.19308188984,43.0055,59.2494,98.5528
STARLINK-30945,6861.19984018531,43.008,62.8186,86.955
STARLINK-31212,6861.16968699729,43.0042,62.1655,75.5274
STARLINK-31306,6840.88101329781,53.1596,231.9948,279.8878
STARLINK-31326,6848.81088455939,53.1602,230.8162,271.1892
STARLINK-31300,6840.84009456878,53.1597,231.8788,234.2975
STARLINK-31296,6853.37414964529,53.1594,205.5285,262.1418
STARLINK-31328,6853.38324454059,53.1599,215.7914,278.0069
STARLINK-31260,6840.8636553835,53.1601,230.1803,272.9344
STARLINK-31323,6840.84646105126,53.1599,230.0645,270.0436
STARLINK-31209,6840.84472527679,53.1598,231.7649,267.1809
STARLINK-31315,6853.40871996276,53.1594,205.3663,294.5034
STARLINK-31318,6848.83068360952,53.16,232.6042,274.5241
STARLINK-31320,6840.8817474449,53.1592,229.5888,280.0915
STARLINK-31321,6840.8508212978,53.1594,230.1534,288.8382
STARLINK-31007,6840.85119579783,53.1604,231.864,245.4742
STARLINK-31230,6840.85307424318,53.1613,229.6694,248.3124
STARLINK-31245,6840.86515041871,53.1598,190.8468,281.3046
STARLINK-31255,6840.83598697684,53.16,231.7664,290.3084
STARLINK-31243,6848.81357033001,53.1617,232.5892,247.1226
STARLINK-31218,6848.87456277319,53.1591,232.5259,259.7936
STARLINK-31190,6848.84655097325,53.1617,232.5578,249.8414
STARLINK-31317,6840.86961472352,53.1606,219.9828,262.1871
STARLINK-31378,6848.87583265619,53.1593,217.6904,267.3546
STARLINK-31350,6853.36592365797,53.16,220.0519,260.4235
STARLINK-31337,6853.35404901853,53.1602,220.0322,266.4697
STARLINK-31362,6853.37209538553,53.1603,220.6298,265.6726
STARLINK-31383,6853.3389288581,53.1611,218.4992,264.2255
STARLINK-31390,6853.35956980879,53.16,218.4716,267.7008
STARLINK-31377,6853.35779324176,53.1602,218.4901,257.8906
STARLINK-31372,6853.35544936936,53.1596,218.4535,283.7688
STARLINK-31371,6853.42355386195,53.1606,218.4436,252.8214
STARLINK-31345,6855.81684854825,53.1612,219.1433,264.549
STARLINK-31354,6848.89742970015,53.1595,217.8335,275.6265
STARLINK-31346,6851.45702767705,53.1607,216.1153,256.1015
STARLINK-31336,6853.36899011206,53.1601,218.4841,271.1883
STARLINK-31359,6853.3816859254,53.1586,182.2993,295.1068
STARLINK-31331,6848.88534189266,53.1601,217.7452,267.4806
STARLINK-31116,6848.88102547026,53.1586,217.7736,274.9703
STARLINK-31311,6853.37405708413,53.1604,217.976,262.2747
STARLINK-31294,6853.37632931213,53.1597,218.5166,279.8624
STARLINK-31330,6840.87738120458,53.1592,214.1314,282.4252
STARLINK-31293,6848.87727841572,53.1601,219.9272,261.8131
STARLINK-31373,6853.39789019213,53.1599,206.2949,266.278
STARLINK-31449,6853.34736974307,53.1578,207.1871,282.6149
STARLINK-31314,6853.33054174346,53.1601,207.2287,274.7593
STARLINK-31356,6853.4102994945,53.1595,177.9907,291.3919
STARLINK-31335,6840.87816885123,53.1594,202.0034,269.7187
STARLINK-31368,6853.36960519479,53.1604,207.2324,271.5945
STARLINK-31333,6853.36733595821,53.1594,193.2125,263.9423
STARLINK-31351,6853.37309862847,53.1601,205.5114,263.2781
STARLINK-31365,6853.37420040463,53.1596,205.549,262.5189
STARLINK-31361,6853.40779135379,53.1602,205.5279,266.41
STARLINK-31369,6853.36906475802,53.1601,205.5682,269.0642
STARLINK-31324,6853.37832982979,53.1592,205.5861,278.1202
STARLINK-31358,6853.35646753534,53.1599,207.1973,273.1469
STARLINK-31355,6853.38339084742,53.1595,207.428,269.911
STARLINK-31380,6853.3765144346,53.1598,205.6271,279.64
STARLINK-31353,6853.39133621607,53.1596,207.4337,256.6567
STARLINK-31339,6840.86532578074,53.1599,206.5143,263.49
STARLINK-31384,6840.85615644191,53.1605,206.4738,265.371
STARLINK-31379,6853.37698918421,53.1599,207.8364,279.9287
STARLINK-31385,6840.96271883611,53.1599,201.9873,279.2039
STARLINK-31229,6853.52501952633,53.1595,205.7522,281.1096
STARLINK-31468,6853.33601769935,53.1614,346.837,258.2319
STARLINK-31440,6853.29123401697,53.1588,346.2324,264.6481
STARLINK-31529,6853.42717874404,53.1617,347.5547,260.4447
STARLINK-31431,6853.3508930066,53.1618,347.4207,277.8411
STARLINK-31435,6853.33310654369,53.1628,346.846,256.2538
STARLINK-31484,6853.36457704679,53.163,346.8668,249.8131
STARLINK-31450,6853.3463366514,53.1621,346.9111,229.391
STARLINK-31456,6853.34690097021,53.1628,346.8853,249.6339
STARLINK-31460,6853.32055725881,53.162,347.0698,275.9334
STARLINK-31488,6853.34218338796,53.1619,346.8578,259.4861
STARLINK-31528,6853.3492090055,53.1613,347.506,272.1871
STARLINK-31491,6853.36339764286,53.1625,347.5096,250.4484
STARLINK-31465,6853.38673201993,53.1612,347.4729,275.7221
STARLINK-31389,6853.36557431531,53.1625,347.4955,256.2971
STARLINK-31454,6853.35671535879,53.1621,347.4521,274.9788
STARLINK-31521,6853.34537521962,53.1619,347.4482,277.972
STARLINK-31526,6848.85205672849,53.1607,321.5785,243.1813
STARLINK-31406,6840.85522910692,53.1602,332.5304,308.9446
STARLINK-31527,6853.36342750118,53.1629,347.3923,268.9492
STARLINK-31436,6853.33926923995,53.1624,347.5133,262.7401
STARLINK-30996,6861.22348387013,43.0084,201.0661,74.4854
STARLINK-31006,6861.1731454643,43.0157,159.9586,78.7343
STARLINK-31178,6861.18230518283,43.0011,201.1374,77.8296
STARLINK-30863,6861.19976832032,42.9999,199.0708,85.0276
STARLINK-31206,6861.20434372862,43.0066,134.4767,97.7461
STARLINK-31224,6861.21174285073,42.9942,198.3483,325.2515
STARLINK-31186,6861.20096906482,42.9999,198.9449,83.6897
STARLINK-31211,6861.20248721386,43.0002,198.3026,70.5963
STARLINK-30862,6861.20162183886,43.0063,187.8292,94.525
STARLINK-31210,6861.20935931913,43.001,197.6327,86.0567
STARLINK-31231,6861.16778858521,43.0057,197.6057,79.4827
STARLINK-31207,6861.20352027434,42.9988,197.5743,99.0747
STARLINK-31217,6861.22052839839,43.0102,102.211,99.7325
STARLINK-31208,6861.1991874117,42.9995,199.0804,89.726
STARLINK-31235,6861.18461982069,43.0068,197.5578,80.4365
STARLINK-31220,6861.19186018822,43.0049,198.434,84.7287
STARLINK-31225,6861.22670584701,43.0019,194.8294,92.5374
STARLINK-31240,6861.19437545684,42.9996,195.526,89.278
STARLINK-31202,6857.60928501111,43.0009,194.6256,209.7615
STARLINK-31234,6861.19777107314,43.0001,197.6901,88.5906
STARLINK-31153,6861.18874604931,43.0075,197.5298,80.7186
STARLINK-31241,6861.19967848908,42.9993,195.5033,88.2625
STARLINK-31205,6861.20040312782,43.0033,195.4416,90.3724
STARLINK-31265,6861.18070020869,43.0088,123.3754,94.9322
STARLINK-31276,6861.15376013923,42.9994,123.1416,84.4643
STARLINK-31259,6861.20644877833,43.0007,125.3872,106.934
STARLINK-31281,6861.23391039262,43.0034,125.412,72.8924
STARLINK-31274,6861.20622419969,43.0047,123.4111,91.2848
STARLINK-31257,6861.15459855021,43.0033,128.8316,91.3892
STARLINK-31292,6861.19649247639,43.0019,123.225,83.8372
STARLINK-31286,6861.27129588002,43.0078,128.7985,84.8685
STARLINK-31252,6861.19098583348,42.997,38.4581,118.3038
STARLINK-31261,6861.25884796835,43.003,126.0434,87.5779
STARLINK-31290,6861.16721666638,43.006,109.284,84.1064
STARLINK-31279,6861.20331965097,43.003,126.1481,90.6709
STARLINK-31266,6861.16995948241,43.0035,128.8208,93.3673
STARLINK-31313,6861.20562232903,43.0049,128.8411,72.0599
STARLINK-31307,6861.21592002479,43.0046,123.2773,85.7306
STARLINK-31316,6861.21802807777,43.0042,77.3533,98.7604
STARLINK-31310,6861.21721360256,43.0017,123.9818,82.0239
STARLINK-31343,6861.20365202701,43.0067,126.1,80.8982
STARLINK-31295,6861.17933478367,43.0059,128.8944,347.0037
STARLINK-31291,6861.20488571139,43.0145,123.3322,87.1276
STARLINK-31312,6861.18804237418,42.9997,227.4875,87.6315
STARLINK-31308,6861.28533091575,43.0012,231.2153,138.0026
STARLINK-31270,6861.1953755762,43.0012,285.4351,84.8977
STARLINK-31341,6861.18553010572,43.0001,283.4437,107.6219
STARLINK-31338,6861.18477253296,43.0055,283.415,97.1628
STARLINK-31334,6861.19945989975,43.0022,286.3091,118.1856
STARLINK-31297,6861.17737647792,43.0077,279.9284,82.419
STARLINK-31182,6861.22760416837,43.0022,281.1257,82.8929
STARLINK-31327,6861.15766474111,43.0048,279.9457,87.2439
STARLINK-31256,6861.18076009577,42.9998,279.3003,95.0232
STARLINK-31272,6861.24914300831,43.0027,284.7527,199.0347
STARLINK-31278,6861.19697157581,43.0143,284.1646,96.5875
STARLINK-31309,6861.24481306806,43.0094,288.2536,89.7847
STARLINK-31325,6861.21170691808,43.0032,284.2089,76.6842
STARLINK-31342,6861.20552950322,43.0073,282.7612,90.6273
STARLINK-31298,6861.19098283911,43.0089,282.7937,80.0818
STARLINK-31322,6861.19960662409,43.0019,280.02,93.5223
STARLINK-31329,6861.20497254842,43.0049,279.9719,91.9988
STARLINK-31340,6861.1889556547,43.0015,238.35,103.6657
STARLINK-31344,6861.19852864949,43.0026,279.9951,80.7578
STARLINK-31348,6861.1743941067,43.0042,231.2273,92.3623
STARLINK-31289,6861.2130184602,43.0084,279.8677,89.5199
STARLINK-31283,6861.15881156925,43.0007,231.0247,231.7427
STARLINK-31439,6861.18612598325,43.0025,262.2094,81.05
STARLINK-31410,6861.19688473903,43.0004,265.6607,98.0668
STARLINK-31395,6861.22262447731,43.0016,265.8189,78.2746
STARLINK-31486,6861.20484678445,42.9985,260.0214,75.8312
STARLINK-31411,6861.188198081,42.9995,265.0457,93.0714
STARLINK-31382,6861.21400660879,43,265.001,45.0723
STARLINK-31394,6861.22180401194,42.9983,255.13,182.2586
STARLINK-31403,6861.20536481227,42.9952,242.1263,85.421
STARLINK-31514,6861.20201110786,43.0003,265.627,102.3614
STARLINK-31478,6861.16702502868,43.0022,268.4977,81.4259
STARLINK-31498,6861.1976782476,42.9991,263.5224,72.4137
STARLINK-31563,6861.2325958461,43.0019,268.4137,79.2546
STARLINK-31551,6861.19918142295,43.0123,264.8999,117.6313
STARLINK-31536,6861.14066000095,43.0027,263.4514,353.2689
STARLINK-31548,6861.20316693767,42.9983,269.1123,87.7035
STARLINK-31542,6861.18172128355,43.0003,264.9841,75.7979
STARLINK-31554,6861.2142820927,43.0018,265.684,87.3187
STARLINK-31558,6861.19985216281,43.0002,265.0135,84.6486
STARLINK-31275,6861.08877807894,42.998,265.7079,229.9967
STARLINK-31590,6861.11739730378,43.0024,271.3032,79.0802
STARLINK-31567,6861.24815484707,43.001,268.4422,87.0665
STARLINK-31503,6861.2018883384,43.0072,268.4697,96.7454
STARLINK-31603,6853.35072281495,53.162,63.9522,253.6099
STARLINK-31602,6840.82777775585,53.1617,61.9603,299.2906
STARLINK-31577,6840.85366571596,53.1589,61.8535,210.7415
STARLINK-31522,6853.37728179722,53.1616,63.9308,286.4965
STARLINK-31586,6853.39194533209,53.1605,65.8964,273.5943
STARLINK-31247,6853.33588930985,53.1592,63.553,295.1637
STARLINK-31591,6840.84555749729,53.1604,61.9758,268.4008
STARLINK-31576,6840.85740477797,53.1605,61.9979,271.6721
STARLINK-31601,6840.86437763699,53.1619,61.8434,247.771
STARLINK-31520,6853.37181471643,53.1611,63.5305,261.5539
STARLINK-31496,6853.35604354829,53.1615,50.7637,244.7551
STARLINK-31492,6853.35809182437,53.1621,63.956,237.4204
STARLINK-31517,6840.89022135938,53.1617,62.0361,264.2901
STARLINK-31604,6840.83103231372,53.1617,61.9795,261.9261
STARLINK-31434,6840.85574033002,53.1634,61.8338,248.3887
STARLINK-31417,6853.36797492727,53.1617,63.9502,276.0888
STARLINK-31499,6840.85547580178,53.1606,61.8986,280.1131
STARLINK-31421,6840.92161460271,53.1618,61.878,273.8999
STARLINK-31518,6840.91125021528,53.1619,61.9385,263.3288
STARLINK-31523,6840.8446509714,53.1612,62.0217,278.7682
STARLINK-31516,6840.87332705711,53.1619,61.8798,251.8686
STARLINK-31490,6853.38192777942,53.1606,63.9274,295.5315
STARLINK-31420,6853.36850043464,53.1608,63.9093,268.3932
STARLINK-31305,6861.19540252553,42.9994,321.0398,95.9716
STARLINK-31459,6861.19333940544,42.9982,315.6386,101.7155
STARLINK-31438,6861.19780999999,43.0079,304.8977,84.4035
STARLINK-31467,6861.2183544668,43.0058,315.6154,80.9414
STARLINK-31444,6836.81583528246,42.9994,240.8061,310.8352
STARLINK-31505,6861.17836760803,42.9929,315.674,85.4532
STARLINK-31494,6861.19945091662,43.0007,315.4984,111.0123
STARLINK-31303,6861.22313951409,42.9983,308.2838,102.261
STARLINK-31408,6861.21509357264,42.9951,319.1246,332.7887
STARLINK-31427,6861.21394672098,43.0112,319.1239,93.9538
STARLINK-31423,6861.19505517864,43,315.7744,191.5064
STARLINK-31433,6861.20929943143,43.0053,318.9132,89.5303
STARLINK-31285,6861.1959684615,42.9999,315.469,102.221
STARLINK-31284,6861.19461201199,43.0036,315.5585,85.0105
STARLINK-31424,6861.19434551316,42.9995,312.1601,83.3843
STARLINK-31405,6861.19007255228,42.9971,315.7152,91.2306
STARLINK-31426,6861.20687697498,43.0012,315.7391,73.5319
STARLINK-31407,6861.20489768891,42.9986,307.7183,139.8903
STARLINK-31393,6861.17457376753,43.0013,301.3748,84.0066
STARLINK-31425,6861.19629185353,43.0053,315.5319,109.3415
STARLINK-31659,6840.87437626038,53.1599,85.4982,236.782
STARLINK-31629,6853.36507269517,53.1604,93.3735,266.9004
STARLINK-31652,6848.82394977018,53.1613,89.0181,189.0848
STARLINK-31637,6853.40459646358,53.1613,89.0079,267.4898
STARLINK-31506,6853.39260819379,53.1615,91.2317,267.7184
STARLINK-31639,6848.85372902558,53.1619,88.9846,287.4323
STARLINK-31598,6841.02987976796,53.1612,89.5121,307.4464
STARLINK-31645,6853.35843519442,53.1599,91.2969,280.6365
STARLINK-31646,6852.43290456874,53.1605,89.5114,282.881
STARLINK-31648,6853.41981552069,53.1597,91.199,290.7669
STARLINK-31579,6853.42273274023,53.1601,91.2773,277.2821
STARLINK-31627,6843.31669771855,53.1604,89.5661,273.3056
STARLINK-31609,6853.3740272257,53.1594,89.494,253.8089
STARLINK-31616,6845.35818455799,53.1602,89.5116,313.1675
STARLINK-31630,6840.92161757501,53.1611,75.4869,271.4185
STARLINK-31623,6853.36628494401,53.1608,88.9175,267.2903
STARLINK-31595,6853.39607776985,53.1601,91.226,264.0445
STARLINK-31463,6861.18164941903,43.0054,37.5323,92.1667
STARLINK-31487,6861.17878681724,43.0066,41.7588,78.8786
STARLINK-31386,6861.2019661922,43.004,44.578,91.0566
STARLINK-31409,6861.18407784193,43.0057,34.7285,79.4744
STARLINK-31489,6861.1498854861,43.0032,41.1394,84.7634
STARLINK-31502,6861.17988275021,43.022,37.4811,90.0021
STARLINK-31447,6861.21712077636,43.0055,44.5943,90.591
STARLINK-31504,6861.19919639482,43.0014,41.6919,143.6956
STARLINK-31474,6861.210700804,43.0036,38.0876,95.0608
STARLINK-31500,6861.18733869923,43.0135,41.6753,69.6549
STARLINK-31480,6861.21302145459,43.0064,41.5675,87.3017
STARLINK-31282,6861.17984382362,43.007,41.7282,74.3538
STARLINK-31485,6861.20865264433,43.007,41.783,98.0815
STARLINK-31455,6861.20078940227,42.9949,38.3265,84.5401
STARLINK-31475,6861.20891615017,42.9959,41.6295,70.8223
STARLINK-31445,6861.20904790309,42.9948,51.6023,89.1212
STARLINK-31495,6840.85121363116,42.9984,33.0286,91.4876
STARLINK-31477,6861.21173386757,43.005,34.008,90.183
STARLINK-31446,6861.1978848593,43.0093,41.1118,66.6705
STARLINK-31479,6861.20202907412,43.0016,45.4407,75.5865
STARLINK-31349,6861.20536181789,42.9966,44.5429,87.9324
STARLINK-31464,6861.17751721238,42.9926,44.4845,68.8257
STARLINK-31402,6851.7208103806,43.0047,314.4996,57.5305
STARLINK-31578,6861.20204404601,42.9972,1.2444,97.7273
STARLINK-31530,6740.41682632062,42.9875,334.1302,54.7829
STARLINK-31565,6861.13969583324,42.9934,14.7535,201.9201
STARLINK-31570,6861.20381372347,42.9985,2.0901,110.5502
STARLINK-31611,6861.21347959616,42.9988,2.1022,255.1902
STARLINK-31632,6861.20005877468,43.0042,12.7461,86.2452
STARLINK-31599,6861.15628735024,43.0004,358.4223,77.3411
STARLINK-31614,6861.167195706,42.9937,358.6068,96.8561
STARLINK-31493,6861.18031693142,42.9893,358.4684,129.5715
STARLINK-31634,6861.19515099847,43.0051,358.6691,94.3129
STARLINK-31633,6861.21082357385,43.0014,358.6442,76.7865
STARLINK-31594,6861.19922633856,43.0029,12.7766,73.6525
STARLINK-31572,6861.27577558493,42.9998,12.799,316.9649
STARLINK-31573,6861.20009770155,42.9974,1.2527,258.0094
STARLINK-31588,6861.02771095678,43.009,1.2953,102.6169
STARLINK-31596,6861.20032826844,43.0087,1.3331,91.3315
STARLINK-31612,6861.18535643289,43.0103,358.5562,106.7261
STARLINK-31550,6861.17880478335,43.0056,358.7453,77.6972
STARLINK-31473,6861.19492043202,42.9993,358.4632,87.8663
STARLINK-31562,6861.21199437931,43.0059,16.3705,79.2732
STARLINK-31600,6861.20780822807,43.0084,14.7772,90.5037
STARLINK-31628,6861.19257883616,43.0039,358.6183,97.2884
STARLINK-31605,6861.18032292013,43.0039,59.8104,114.8033
STARLINK-31532,6861.20158890072,43.006,78.8525,70.7791
STARLINK-31593,6861.37707097125,42.9965,73.0926,83.4184
STARLINK-31555,6861.17226812117,43.0131,73.3756,74.3031
STARLINK-31561,6861.157736605,43.0054,73.072,86.8356
STARLINK-31413,6861.14553474224,43.0145,73.1816,106.378
STARLINK-31422,6861.21192850277,43.0008,73.9029,85.5972
STARLINK-31416,6861.20402333002,42.9837,84.4137,236.641
STARLINK-31552,6861.20234647812,43.0035,76.1035,74.4759
STARLINK-31557,6861.19175837978,43.0002,69.4729,94.0825
STARLINK-31559,6861.20240037691,43.01,73.2375,84.5621
STARLINK-31501,6861.19975634282,43.002,72.714,88.4354
STARLINK-31549,6861.20514322811,43.0022,73.1499,72.1122
STARLINK-31560,6861.21489294843,43.0041,75.9815,85.1245
STARLINK-31571,6861.20566425037,43.0103,76.0054,77.2308
STARLINK-31553,6861.23271861694,43.0057,68.9907,94.6273
STARLINK-31547,6861.19323160821,43.0028,59.0422,95.6509
STARLINK-31537,6861.2145695542,43.0021,76.0579,87.5669
STARLINK-31451,6861.21261721208,43.0072,73.1223,72.3962
STARLINK-31428,6861.21089543913,43.0046,73.2076,77.137
STARLINK-31419,6861.1911385461,43.002,73.2531,83.7078
STARLINK-31583,6861.2019272653,43.0079,62.5806,44.6786
STARLINK-31461,6861.19019232685,43.0036,73.744,90.2389
STARLINK-31641,6840.89868935556,53.1585,166.5579,252.3759
STARLINK-31430,6840.86630364721,53.161,169.2394,262.6795
STARLINK-31695,6840.83593942154,53.1587,166.7718,267.987
STARLINK-31716,6853.37838954676,53.1604,116.8812,272.6881
STARLINK-31710,6840.87469429092,53.1606,164.5434,270.1404
STARLINK-31698,6840.89890930386,53.1585,164.4799,273.3325
STARLINK-31680,6840.85004852013,53.1602,166.5899,265.0687
STARLINK-31713,6840.88576890999,53.1601,166.538,295.5857
STARLINK-31705,6840.88108463193,53.1603,164.583,282.1769
STARLINK-31715,6852.89156630556,53.1596,169.5715,227.8411
STARLINK-31717,6840.89118140116,53.1609,164.5307,267.0585
STARLINK-31688,6840.93333143097,53.1598,166.5771,260.2089
STARLINK-31714,6840.88460081198,53.1604,164.4923,272.8779
STARLINK-31643,6840.89014408049,53.1603,164.5053,277.4467
STARLINK-31647,6840.87021808884,53.1616,165.1303,286.4134
STARLINK-31649,6840.91344970919,53.1604,164.5971,281.9709
STARLINK-31644,6840.83384401707,53.1599,168.9177,280.3632
STARLINK-31626,6853.36835114277,53.1599,166.818,274.7524
STARLINK-31443,6840.87445056658,53.1602,151.1609,265.9812
STARLINK-31607,6843.42149062626,53.1604,166.8015,272.0839
STARLINK-31608,6840.87996409199,53.1626,165.1347,268.2444
STARLINK-31534,6861.10781860344,43.0003,226.9431,81.5238
STARLINK-31544,6861.21238963856,43.0113,227.6944,72.2282
STARLINK-31545,6861.17928387968,43.0093,232.5673,85.9056
STARLINK-31507,6861.20632900305,43.0046,227.0718,91.9759
STARLINK-31543,6861.19722310303,43.0016,227.637,84.2666
STARLINK-31366,6861.16824073056,43.0143,235.2966,73.5023
STARLINK-31374,6861.22450496091,43.0035,176.9395,92.3222
STARLINK-31400,6861.20006476343,43.0027,226.9687,80.5339
STARLINK-31391,6861.15172699367,43.0093,226.9969,84.3079
STARLINK-31387,6861.24507957179,43.0143,227.6709,82.722
STARLINK-31396,6861.22674177986,42.9988,217.0629,74.1679
STARLINK-31412,6861.16774666446,43.0181,229.7285,68.5555
STARLINK-31483,6861.15181682334,42.9997,235.3399,84.8929
STARLINK-31568,6861.18556603803,43.0008,229.8212,85.5288
STARLINK-31615,6861.20121759804,42.998,220.6162,89.2525
STARLINK-31457,6861.18884186892,42.9997,220.6273,84.506
STARLINK-31398,6861.23572500684,43.0013,230.8,54.8202
STARLINK-31399,6861.23037100002,43.0055,227.0495,86.6562
STARLINK-31401,6861.19345019705,43.0018,220.5982,83.7263
STARLINK-31414,6861.20171167016,43.0014,229.7748,78.69
STARLINK-31415,6861.18162845855,42.9978,227.7524,86.2449
STARLINK-31466,6861.17872393586,42.9997,227.7244,77.6183
STARLINK-11087 [DTC],6737.86597389728,53.1606,335.9272,243.3367
STARLINK-11090 [DTC],6737.84085471765,53.1589,335.8306,246.9282
STARLINK-11093 [DTC],6737.85836772316,53.1603,335.8587,278.9806
STARLINK-11083 [DTC],6737.84571656839,53.1599,335.891,297.6326
STARLINK-11085 [DTC],6737.88159552385,53.1591,335.1627,289.47
STARLINK-11089 [DTC],6737.99733688381,53.1599,335.6593,262.6795
STARLINK-31757,6840.85798733499,53.1608,190.1672,272.3714
STARLINK-31773,6853.35265762588,53.1593,194.5368,274.5851
STARLINK-31772,6853.36537127858,53.1601,192.4184,268.7591
STARLINK-31613,6840.88111435448,53.1592,190.1963,274.872
STARLINK-31780,6840.85367760486,53.1594,190.1393,270.816
STARLINK-31740,6853.3623884318,53.1597,194.5254,272.9059
STARLINK-31580,6853.36545786777,53.1592,194.5749,278.3599
STARLINK-31696,6840.86721909699,53.1608,192.3667,266.8511
STARLINK-31700,6851.88137750332,53.1569,195.165,221.2325
STARLINK-31706,6853.31461853803,53.1589,194.5355,269.997
STARLINK-31711,6840.95267530491,53.1577,189.8046,96.5525
STARLINK-31708,6853.36323939376,53.1596,192.3969,277.2376
STARLINK-31693,6850.53877841278,53.1592,196.1873,246.0728
STARLINK-31622,6861.20353225185,42.9984,206.2443,81.9798
STARLINK-31319,6861.20349631931,42.992,202.6066,88.2321
STARLINK-31625,6861.17619370983,42.9965,211.7001,80.4146
STARLINK-31631,6861.1834849592,43.0126,204.7237,74.6135
STARLINK-31620,6861.18784175194,42.9928,202.6671,103.393
STARLINK-31511,6861.20026538656,42.9997,206.2149,84.5885
STARLINK-31364,6861.19848972263,43.0019,204.7715,91.793
STARLINK-31597,6861.19450720907,42.9981,206.1332,86.1564
STARLINK-31621,6861.20113974426,43.0025,206.1935,75.0118
STARLINK-31462,6861.20802681807,43.0011,208.278,79.6007
STARLINK-31592,6861.21815983114,43.0034,206.2726,78.4513
STARLINK-31267,6861.21563555754,42.9969,201.8542,85.8103
STARLINK-31381,6861.19908560298,43.0028,202.7204,86.0846
STARLINK-31546,6861.1323747572,42.995,204.7892,99.0456
STARLINK-31575,6861.20034623469,43.0016,202.6295,80.4363
STARLINK-31610,6861.17642128036,43.0109,208.2398,75.9663
STARLINK-31581,6861.20711053682,42.9988,199.0794,87.1776
STARLINK-31566,6861.18878198166,43.0016,208.2594,96.5375
STARLINK-31515,6861.18335320749,43.0001,208.3177,79.4644
STARLINK-31531,6861.24312121913,43.0001,151.5496,156.5212
STARLINK-31753,6861.23105372514,43.0063,152.2365,95.6295
STARLINK-31733,6861.25394308145,43.0105,151.6477,87.0305
STARLINK-31657,6861.19421974967,42.9953,154.3516,108.4771
STARLINK-31754,6861.17370840133,43.0054,161.703,80.7174
STARLINK-31638,6861.17733455702,43.0139,154.3489,70.6674
STARLINK-31670,6861.1818111142,43.0168,163.1793,75.0197
STARLINK-31712,6861.18644637977,43.0066,163.1627,84.5484
STARLINK-31684,6861.19206979385,43.0034,159.5146,94.295
STARLINK-31678,6861.205849902,43.0021,159.573,66.6631
STARLINK-31744,6861.19382748741,43.0027,159.5406,9.5574
STARLINK-31719,6861.19349511256,42.9986,152.333,88.0929
STARLINK-31728,6861.10778267215,42.9909,154.3848,251.3501
STARLINK-31720,6861.20630804238,43.002,152.4638,85.4551
STARLINK-31731,6861.23500934201,43.0028,151.634,80.2512
STARLINK-31742,6861.23394033674,42.9976,154.2893,19.7599
STARLINK-31512,6861.21600985656,43.0098,112.6152,76.7123
STARLINK-31458,6861.18865322407,43.003,159.8625,82.1953
STARLINK-31357,6861.20980548255,43.002,152.3888,76.8148
STARLINK-31508,6861.20874547025,42.989,152.4217,83.7226
STARLINK-31535,6861.20003781405,43.0033,159.5953,83.5215
STARLINK-31533,6861.19960063534,43.0029,152.4787,88.0141
STARLINK-31524,6861.20222071427,42.9926,145.1778,74.1181
STARLINK-31635,6861.19134515731,43.0037,135.7974,96.2428
STARLINK-31650,6861.18823700771,43.0019,130.8929,88.9083
STARLINK-31658,6861.20730217732,43.0051,91.1021,95.4451
STARLINK-31669,6861.21147036146,43.0037,130.3335,90.2305
STARLINK-31671,6861.19487252211,42.9975,136.5047,85.4309
STARLINK-31674,6861.14548383888,43.0185,144.0917,70.1573
STARLINK-31679,6861.21285975758,43.0009,120.3409,84.8781
STARLINK-31370,6861.20868857694,43.0138,130.9467,71.9975
STARLINK-31404,6861.2084879532,43.0029,131.0237,76.6855
STARLINK-31453,6861.16380611621,43.006,113.1369,96.5264
STARLINK-31476,6861.20744890208,43.0022,130.9181,4.6033
STARLINK-31538,6861.19723208615,43.0054,130.3592,91.8689
STARLINK-31564,6861.19022825922,43.0066,130.3024,90.3197
STARLINK-31452,6861.20494859338,43.0054,130.9956,78.1869
STARLINK-31513,6861.18308072104,43.0052,133.0235,74.4734
STARLINK-31392,6861.21119487783,43.0011,133.0725,92.1912
STARLINK-31619,6861.16026681401,43.0072,138.5126,90.2445
STARLINK-31509,6861.20370592583,43.0042,131.068,91.4353
STARLINK-31734,6861.1947467586,43.0032,147.4643,90.516
STARLINK-31738,6861.25881802396,43.0028,154.4319,91.5777
STARLINK-31721,6861.1912163996,43.0022,155.4094,87.8975
STARLINK-31737,6861.14607072476,43.0174,158.1077,75.3241
STARLINK-31539,6861.12601486895,43.0062,155.9708,91.2108
STARLINK-31397,6861.20894309963,43.0027,158.2905,87.6105
STARLINK-31481,6861.21609070516,42.9908,155.3055,93.55
STARLINK-31540,6861.2004420547,43.0032,154.7024,66.0998
STARLINK-31574,6861.12655084767,43.0007,155.9981,87.99
STARLINK-31556,6861.19274951508,42.9969,156.023,95.865
STARLINK-31582,6861.21036543272,43.0048,156.1035,84.0014
STARLINK-31519,6861.20564628408,43.0062,155.3531,68.3851
STARLINK-31736,6861.13999825848,42.9853,148.9778,84.6598
STARLINK-31675,6861.33681229278,43.0083,158.05,118.8135
STARLINK-31722,6861.25288005767,42.9983,155.3252,292.4132
STARLINK-31741,6861.20030730781,43.0055,155.3798,92.9513
STARLINK-31699,6861.19475574171,43.0097,158.0692,78.0448
STARLINK-31750,6861.20274173597,43.0016,158.1521,87.7445
STARLINK-31723,6861.17636738207,43.0016,158.1235,89.2071
STARLINK-31724,6861.21398564805,43.024,120.2582,87.908
STARLINK-31730,6861.22236695896,43.0019,156.1289,93.143
STARLINK-31718,6861.21453961029,43.0027,156.0429,92.5705
STARLINK-31747,6861.19150685305,43.0013,170.4758,84.3893
STARLINK-31388,6861.19349511256,43,181.1109,87.3051
STARLINK-31332,6861.17125902721,42.9989,183.0554,87.5043
STARLINK-31689,6861.21334784302,43.0016,177.5924,80.925
STARLINK-31471,6861.1987532275,43.0078,183.1074,81.5239
STARLINK-31470,6861.20841309359,42.9991,179.7609,87.6211
STARLINK-31587,6861.17837359673,43.0017,181.0682,92.3342
STARLINK-31606,6861.2398034016,43.0011,179.5073,213.3721
STARLINK-31666,6861.2228041413,43.0022,174.0127,90.5042
STARLINK-31683,6861.19472579802,42.9966,183.1101,90.4296
STARLINK-31751,6861.20736505936,43.0014,181.1653,87.5528
STARLINK-31510,6861.20407722885,43.0003,177.568,83.9063
STARLINK-31663,6861.17320834556,43.0018,181.1184,76.3334
STARLINK-31692,6845.70855749893,42.9987,182.1998,278.6676
STARLINK-31685,6861.22088772609,43.0021,180.3904,109.5593
STARLINK-31686,6861.18774593237,43.0102,180.4246,80.2262
STARLINK-31668,6861.15642209497,43.0005,180.3433,59.235
STARLINK-31690,6861.22068111266,43.0067,183.086,84.6643
STARLINK-31701,6860.64913111357,43.003,180.9804,70.6048
STARLINK-31697,6861.19257284743,43.0079,183.0679,84.5184
STARLINK-31662,6861.2016038726,42.9982,181.0317,86.851
STARLINK-31702,6861.20442757125,43.0024,181.1588,80.1147
STARLINK-31704,6798.62902828493,42.9894,125.3069,342.0495
STARLINK-31770,6861.21895634025,42.9972,209.6715,83.502
STARLINK-31778,6861.19401912698,43,208.4435,93.7876
STARLINK-31776,6861.32758917377,42.996,213.1169,225.9789
STARLINK-31765,6861.19373765637,43.0087,208.214,78.417
STARLINK-31767,6861.20708957614,42.9975,209.6159,88.012
STARLINK-31782,6861.27451791303,43.005,213.1961,107.7044
STARLINK-31755,6861.0861102003,42.9974,213.225,73.8532
STARLINK-31585,6861.19686377843,43.0103,205.4011,81.8144
STARLINK-31667,6861.23329054942,43.001,205.4305,72.3618
STARLINK-31729,6861.28791514286,43.0026,206.1841,355.8732
STARLINK-31448,6861.24614858141,42.9978,206.0653,80.8353
STARLINK-31748,6861.19123736016,43.0091,208.1487,78.6248
STARLINK-31746,6861.20714946379,43.0007,213.2245,85.965
STARLINK-31762,6861.24919990245,42.9922,209.5817,81.5408
STARLINK-31768,6861.19802559482,43.0032,211.7809,85.2017
STARLINK-31769,6861.18221235781,43.0005,209.6993,91.6169
STARLINK-31784,6861.20116369927,43.0066,213.1438,83.2344
STARLINK-31777,6861.19994199405,43.0038,213.1708,78.8319
STARLINK-31758,6861.22254362852,43.0033,205.4667,92.2716
STARLINK-31774,6861.19268663337,43.002,206.1166,88.4203
STARLINK-31763,6861.20608346375,42.9995,211.9432,85.3813
STARLINK-31749,6861.11581332758,43.0034,311.5642,101.1297
STARLINK-31781,6861.18939582608,43.0072,297.9947,81.2337
STARLINK-31541,6861.19639665652,43.0174,305.0956,71.5427
STARLINK-31797,6861.10524352871,43.0056,320.5728,96.5928
STARLINK-31798,6861.19724406364,42.9996,315.6428,72.1605
STARLINK-31802,6861.20753873358,43.0028,317.8028,92.2934
STARLINK-31791,6861.16209635121,42.9904,311.6174,105.5653
STARLINK-31727,6861.17554992488,43.0103,312.3473,90.9084
STARLINK-31807,6861.20638889069,42.9969,312.2882,87.2873
STARLINK-31806,6861.18432637361,43.0017,312.1544,107.0657
STARLINK-31804,6861.19810644288,43.004,311.5904,79.5709
STARLINK-31660,6861.19867537378,43.0071,275.3804,94.1658
STARLINK-31800,6861.18942576971,43.0009,312.2258,76.9791
STARLINK-31789,6861.25801251997,43.0031,313.8868,106.109
STARLINK-31795,6861.21754298589,43.0014,252.0117,95.2861
STARLINK-31796,6861.21314422454,43.0018,315.0484,97.1439
STARLINK-31801,6861.14734929803,43.008,312.3686,76.3377
STARLINK-31787,6861.20799986862,42.9998,315.0768,88.8967
STARLINK-31277,6861.19611818003,43.0055,312.1837,82.3717
STARLINK-31799,6861.17578048971,42.9919,301.5571,168.3774
STARLINK-31764,6861.25394607588,43.003,313.8332,123.2763
STARLINK-31589,6861.21376406319,43.0038,218.4943,90.4451
STARLINK-31665,6861.19173442485,43.0032,209.5621,78.401
STARLINK-31912,6861.11384309003,43.0006,214.6449,90.149
STARLINK-31904,6861.21204228952,43.0015,213.0932,74.045
STARLINK-31858,6861.15743118348,43.0011,212.8962,89.0904
STARLINK-31881,6861.20939824614,43.0028,209.3772,80.1918
STARLINK-31885,6861.21852514732,43.0004,212.1964,106.9234
STARLINK-31880,6861.20588882896,43.0075,209.515,55.3184
STARLINK-31886,6861.18830587804,43.0118,215.73,76.5937
STARLINK-31909,6861.2118236992,43.0015,212.8566,76.3498
STARLINK-31910,6861.20746686838,42.9922,215.1296,94.0491
STARLINK-31902,6861.21121284415,43.0034,215.7788,81.8986
STARLINK-31913,6861.17868201493,43.0134,220.5557,76.1098
STARLINK-31866,6861.20239738253,43.0024,205.8447,83.5812
STARLINK-31917,6861.18459586583,42.9957,213.046,112.2382
STARLINK-31860,6861.21773462712,43.0186,212.1778,68.8784
STARLINK-31854,6861.15515250046,43.0009,180.6394,88.3721
STARLINK-31842,6861.18871311132,43.0053,212.2231,85.2467
STARLINK-31871,6861.19090498562,42.9969,212.9933,70.6515
STARLINK-31875,6861.20817354288,43.0163,209.5281,77.9205
STARLINK-31877,6861.20606849185,43.0065,215.6988,81.8459
STARLINK-31884,6861.19607326447,42.997,220.0622,184.6892
STARLINK-32108,6861.21461746446,43.0032,234.6374,82.4547
STARLINK-32080,6861.16674954951,43.0006,234.8098,88.2795
STARLINK-32091,6861.27107129608,43.0013,223.4968,65.1712
STARLINK-32085,6861.17008823912,43.0028,231.1222,84.9978
STARLINK-32100,6861.17672370964,42.9945,213.2446,93.1622
STARLINK-32089,6861.20306812318,43.0138,233.236,74.3941
STARLINK-32103,6861.19932814728,43.0038,220.6247,92.8319
STARLINK-32105,6861.20290942114,42.997,230.5914,109.3815
STARLINK-32106,6861.20891615017,43.0174,223.4027,88.9794
STARLINK-32090,6861.21004203902,43.0024,234.804,82.2434
STARLINK-32088,6861.19566902446,42.9953,223.4609,225.6097
STARLINK-32107,6861.1926117742,42.9997,231.2549,88.3302
STARLINK-32104,6861.21834248922,43.0014,227.7192,75.1057
STARLINK-32094,6861.22021099229,43.0015,231.2808,69.567
STARLINK-32099,6861.29756933383,43.0023,233.2072,85.7413
STARLINK-32096,6861.1991874117,43.0042,233.308,89.2354
STARLINK-32102,6861.13338982547,43.0027,244.3324,77.234
STARLINK-32092,6861.2124555151,43.0007,231.1669,90.3916
STARLINK-32093,6861.20330467908,43.002,231.1478,91.6958
STARLINK-32087,6861.14962198593,43.0003,230.7279,57.4832
STARLINK-32086,6861.19780401124,43.0056,230.5593,94.5321
STARLINK-32098,6861.25412274748,42.9951,231.2239,91.3868
STARLINK-11107 [DTC],6737.8729133337,53.1593,207.0945,275.6279
STARLINK-11088 [DTC],6737.90147824528,53.1549,207.7548,301.3638
STARLINK-11092 [DTC],6737.87421251264,53.1581,207.7229,230.9134
STARLINK-11082 [DTC],6737.73860621937,53.1577,209.5715,234.687
STARLINK-11108 [DTC],6737.86128370687,53.1581,209.5415,268.0621
STARLINK-11100 [DTC],6737.8722465747,53.1589,209.5059,282.664
STARLINK-11094 [DTC],6737.87715140654,53.1566,209.4779,268.976
STARLINK-11101 [DTC],6737.86777957984,53.1576,209.4025,306.4173
STARLINK-11099 [DTC],6737.88231951789,53.1584,209.4372,264.5148
STARLINK-11084 [DTC],6737.87906870029,53.1583,207.1778,265.2767
STARLINK-11103 [DTC],6737.88039077529,53.1594,209.3421,285.8293
STARLINK-11096 [DTC],6737.87731738117,53.1594,207.7806,278.9736
STARLINK-11095 [DTC],6737.88977695407,53.158,207.1115,291.3431
STARLINK-31834,6848.82995030882,53.162,48.1541,263.0857
STARLINK-31843,6848.42882847443,53.1605,48.1731,305.9504
STARLINK-31766,6853.37622480751,53.1607,48.1732,203.2621
STARLINK-31836,6848.84614854978,53.1619,47.8883,266.6759
STARLINK-31820,6848.88687410501,53.159,47.9485,262.7548
STARLINK-31642,6848.88203005139,53.1595,47.9763,257.6765
STARLINK-31827,6848.92510516727,53.1606,48.1206,277.2486
STARLINK-31472,6861.17490015139,43.0053,354.9922,97.0027
STARLINK-31817,6861.19573789498,43.0039,354.8622,81.3269
STARLINK-31833,6861.14633123028,43.002,355.0993,79.9341
STARLINK-31849,6861.21162606961,43.002,348.1025,94.3947
STARLINK-31661,6861.1847126458,43.0026,348.0151,94.783
STARLINK-31707,6861.24946041775,43.0039,354.967,80.6569
STARLINK-31821,6861.19051272384,43.0055,355.0565,82.3136
STARLINK-31819,6861.16871982504,43.0047,355.0105,87.8943
STARLINK-31726,6861.18804237418,43.0034,354.8265,114.1916
STARLINK-31759,6861.17336105719,43.0217,355.1879,61.0689
STARLINK-31818,6861.1450945779,43.0054,355.1242,139.4499
STARLINK-31816,6861.2095689261,43.003,358.5351,93.7343
STARLINK-31809,6861.19296510951,43.0021,348.0352,82.7969
STARLINK-31779,6861.19009351283,43.0215,354.8994,69.0372
STARLINK-31805,6861.18457490532,43.0054,357.7565,82.1052
STARLINK-31681,6861.16464453025,43.0047,348.0672,76.7144
STARLINK-31636,6861.13152138151,43.0108,354.9089,83.6679
STARLINK-31640,6861.19713327188,43.0076,355.0305,97.9887
STARLINK-31677,6861.21041933167,42.9992,355.1511,84.1323
STARLINK-31783,6861.20591877277,43.018,358.535,89.7455
STARLINK-31808,6861.20499650346,43.0075,357.7251,93.2969
STARLINK-31822,6861.20414011081,43.0006,354.9323,87.5165
STARLINK-11118 [DTC],6737.74993199822,53.1593,87.1707,272.6653
STARLINK-11132 [DTC],6737.88755345693,53.1598,87.1043,285.753
STARLINK-11131 [DTC],6737.90717581094,53.1597,87.0728,273.6198
STARLINK-11114 [DTC],6737.88547304364,53.1599,87.0639,256.7845
STARLINK-11105 [DTC],6737.87936344856,53.1604,91.1087,255.0946
STARLINK-11097 [DTC],6737.86746480149,53.1586,91.0552,278.5587
STARLINK-11098 [DTC],6737.88465461464,53.1586,91.0238,253.4248
STARLINK-11117 [DTC],6737.86456598081,53.1601,86.5967,273.7525
STARLINK-11110 [DTC],6737.87248695131,53.1592,86.5572,231.3923
STARLINK-11104 [DTC],6737.78871699913,53.1602,86.5264,274.5315
STARLINK-11111 [DTC],6709.17240652709,53.1476,84.579,346.9419
STARLINK-11106 [DTC],6737.89036931462,53.1595,86.4944,271.1068
STARLINK-31739,6853.33994701795,53.1612,293.5022,270.4376
STARLINK-31828,6848.86635326209,53.1612,296.1227,263.7333
STARLINK-31826,6809.03835965835,53.1538,290.8828,29.121
STARLINK-31830,6853.34067256903,53.1616,296.7731,276.178
STARLINK-31829,6853.39414591414,53.1619,296.7198,282.719
STARLINK-31786,6853.20059699673,53.1614,296.7967,285.2686
STARLINK-31835,6848.85913046275,53.1598,296.0937,264.9506
STARLINK-31363,6861.18354484633,43.0032,16.8973,82.272
STARLINK-31868,6861.18461982069,43.0058,22.4135,88.6289
STARLINK-31848,6861.2146024925,43.009,19.7148,88.0724
STARLINK-31890,6861.21230879007,43.0055,19.7458,86.1839
STARLINK-31862,6861.19775310691,43.0033,19.6744,93.7118
STARLINK-31870,6861.15415838441,43.0065,19.6447,78.1251
STARLINK-31888,6861.16104534033,43.0065,19.7212,81.7464
STARLINK-31863,6861.17497501008,43.0139,19.7074,102.5028
STARLINK-31873,6861.20920660549,43.0082,19.779,78.0443
STARLINK-31865,6861.25166731273,43.0058,19.8081,98.5338
STARLINK-31823,6861.1850869406,43.0005,19.8342,89.0149
STARLINK-31916,6861.22050743761,42.9977,23.1872,326.9229
STARLINK-31907,6861.21981872632,43.0051,23.2062,97.7533
STARLINK-31687,6861.19493839823,43.007,42.6017,84.9359
STARLINK-31810,6861.20989830851,43.0033,23.2903,93.7226
STARLINK-31812,6861.21719264181,43.0008,23.2347,83.5915
STARLINK-31815,6861.19381550994,42.9998,20.3131,69.2132
STARLINK-31814,6861.19184821076,43.008,20.4597,104.5952
STARLINK-31794,6861.19696858144,43.0124,20.4003,81.3346
STARLINK-31824,6861.15069395269,43.0032,20.3694,78.585
STARLINK-31947,6861.22916724824,43.0007,87.4738,66.0583
STARLINK-31929,6861.18903949686,43.0031,95.8895,89.0097
STARLINK-31927,6861.15479617569,43.0197,87.6023,95.2203
STARLINK-31855,6861.17631647814,43.0004,87.4317,91.107
STARLINK-31887,6861.17893354048,43.0077,95.9134,99.277
STARLINK-31852,6861.20841009921,43.0047,82.4228,82.1167
STARLINK-31906,6861.15925772446,42.9928,90.236,111.3536
STARLINK-31857,6861.23020630758,43.0131,89.6032,88.9223
STARLINK-31851,6861.2129645612,43.0026,87.4991,89.9937
STARLINK-31903,6861.20153799632,43.0039,83.2093,91.6145
STARLINK-31922,6861.2053767898,43.0101,87.4127,78.9843
STARLINK-31889,6861.19316273776,43.0014,90.4143,81.7068
STARLINK-31859,6861.20841608798,43.0029,83.2552,84.4264
STARLINK-31895,6861.16640220625,43.0032,94.1006,149.7945
STARLINK-31899,6861.17525647877,43.0044,93.0907,242.2715
STARLINK-31896,6861.25924922323,43.0017,87.5812,110.7496
STARLINK-31892,6861.18408981935,43.0064,95.8409,84.9429
STARLINK-31891,6861.18439524384,43.0003,95.8675,88.2286
STARLINK-31882,6861.1733880063,43.0022,83.2165,98.9516
STARLINK-31691,6861.19531269443,43.0025,87.352,96.9623
STARLINK-31569,6861.20998514569,43.0026,87.6317,73.1401
STARLINK-31654,6861.21939352204,43.0075,83.9989,100.5953
STARLINK-31442,6861.22331618371,43.0118,97.4971,81.5249
STARLINK-31651,6861.22911634333,43.0002,91.2007,72.5756
STARLINK-31584,6861.16154838822,43.0033,91.1256,63.9268
STARLINK-31950,6861.226846584,43.0079,91.2551,88.2282
STARLINK-31931,6861.21852814171,43.0011,93.9733,88.466
STARLINK-31938,6861.2442830551,43.0036,91.037,76.4792
STARLINK-31941,6861.21393773781,43.0036,73.8614,69.2952
STARLINK-31952,6861.20022346531,43.0028,91.2837,103.182
STARLINK-31921,6861.21223393036,43.0044,51.4132,86.4665
STARLINK-31760,6861.24388779126,43.0075,99.4866,92.8665
STARLINK-31945,6861.18156857145,42.9953,92.9318,79.2331
STARLINK-31937,6861.18431739054,42.9913,86.8407,227.4813
STARLINK-31940,6861.19632479161,43.0023,83.8829,93.4556
STARLINK-31933,6861.18732971615,43.0065,96.7109,81.6913
STARLINK-31936,6861.15134372045,43.0071,56.3118,87.1442
STARLINK-31935,6861.18349094791,43.0046,99.4541,90.6592
STARLINK-31934,6861.20572413799,43.0027,89.8105,336.2247
STARLINK-31943,6814.66265990085,42.9985,96.0133,178.9995
STARLINK-31926,6861.17031580915,43.0039,88.6977,88.2915
STARLINK-31919,6861.20874846463,43.0074,91.2239,87.8753
STARLINK-31974,6861.19299505318,43.0145,297.9041,75.0729
STARLINK-31975,6861.19392031283,43.0042,297.9165,80.6667
STARLINK-31976,6861.13612661908,43.0111,301.6151,61.9137
STARLINK-31965,6861.159389475,43.0058,301.327,90.7628
STARLINK-31969,6861.17525049008,43.0041,294.4264,85.3808
STARLINK-31951,6861.20344541487,43.0074,300.7361,68.7632
STARLINK-31949,6861.21120685538,42.9998,303.3934,97.1224
STARLINK-31977,6861.20386163354,43.0047,290.7938,105.0615
STARLINK-31963,6861.17493907791,43.0005,297.9713,84.1503
STARLINK-31961,6861.18135597226,43.0067,290.9348,202.772
STARLINK-31964,6861.18579061498,43.0182,297.3342,70.5561
STARLINK-31905,6861.14876860488,43.0016,294.4953,125.4572
STARLINK-31928,6861.17253162351,42.9959,298.0567,74.1526
STARLINK-31953,6861.26089915992,43.0021,294.4703,67.4472
STARLINK-31942,6861.21272501008,43.0041,299.2825,93.5138
STARLINK-31676,6861.2022296974,43.0134,303.4886,79.3323
STARLINK-31908,6861.16728254184,42.9987,290.901,105.3138
STARLINK-31914,6861.19989707843,43.0065,298.0269,91.3968
STARLINK-31850,6861.17130094802,42.9832,300.6798,303.8322
STARLINK-31924,6861.18549117905,43.0043,306.3253,92.1815
STARLINK-31898,6861.20021747656,42.9995,294.4485,142.684
STARLINK-31861,6861.18927006282,43.0035,290.8305,103.6681
STARLINK-31920,6778.03051187342,42.9918,249.1021,35.7388
STARLINK-31872,6861.20127449119,43.0013,147.6442,89.4636
STARLINK-31972,6861.20217579861,43.0058,144.9268,87.5156
STARLINK-31958,6861.20649369406,43.0025,130.6448,84.5416
STARLINK-31959,6861.20970966221,43.0062,141.1591,83.8165
STARLINK-31957,6861.2060595087,42.9996,144.6559,94.1159
STARLINK-31968,6861.20496955404,42.9982,144.7127,88.1304
STARLINK-31970,6861.2083921329,43.0064,144.8976,87.0189
STARLINK-31932,6860.9577856057,42.99,141.8717,92.1123
STARLINK-31956,6861.20572713237,42.9976,144.8542,90.1371
STARLINK-31960,6861.38949246791,43.0017,144.7291,110.7743
STARLINK-31432,6861.17122010074,43.0004,143.4554,108.9824
STARLINK-31853,6861.20270280906,43.0085,144.8784,87.692
STARLINK-31971,6861.21005401657,43.0049,141.8612,105.9331
STARLINK-31962,6861.14288177999,43.0016,153.161,85.1698
STARLINK-31879,6861.21040136535,43.0058,147.693,80.6921
STARLINK-31876,6861.21372813051,42.9976,144.8189,283.2962
STARLINK-31955,6861.18667694551,43.0004,144.656,92.5448
STARLINK-31946,6861.23450628066,43.0035,145.4534,88.9958
STARLINK-31948,6861.21619550889,42.9972,141.8472,89.9366
STARLINK-31900,6861.20295433681,42.9995,144.6861,92.3586
STARLINK-31973,6861.20447248695,42.9955,147.5623,108.9037
STARLINK-31966,6861.19366279717,43.0054,147.5369,92.6584
STARLINK-11145 [DTC],6737.83861122975,53.1585,136.0061,253.0243
STARLINK-11113 [DTC],6737.86969972855,53.1606,133.0972,248.4046
STARLINK-11123 [DTC],6737.87132226958,53.1601,135.6292,284.0716
STARLINK-11138 [DTC],6737.87264434078,53.1588,133.2958,257.6403
STARLINK-11130 [DTC],6737.85533155507,53.1596,135.595,283.4958
STARLINK-11124 [DTC],6737.86124650588,53.1571,135.5228,309.749
STARLINK-11133 [DTC],6737.88143527222,53.1611,133.2354,271.4443
STARLINK-11144 [DTC],6737.86478060218,53.1595,133.2092,269.4478
STARLINK-11134 [DTC],6737.87938920326,53.1598,133.1711,263.9406
STARLINK-11142 [DTC],6737.86696401783,53.1597,133.1379,262.6044
STARLINK-31995,6843.49276994563,53.1604,333.8461,283.5677
STARLINK-31989,6840.82011544219,53.1588,334.3181,270.3325
STARLINK-31856,6840.82839894514,53.1612,334.2794,263.2405
STARLINK-31993,6840.87352322539,53.1616,334.9777,265.0507
STARLINK-31980,6840.82140834466,53.1632,334.291,251.9432
STARLINK-31991,6843.47290829843,53.1605,333.8331,274.0495
STARLINK-31979,6840.84350964087,53.1613,334.3307,239.2467
STARLINK-31978,6848.8501459589,53.1608,344.4147,254.6097
STARLINK-31987,6848.88142193695,53.162,347.1717,261.9141
STARLINK-31984,6853.39881282601,53.1622,344.8943,249.8034
STARLINK-31986,6853.3615374701,53.1621,344.5302,271.172
STARLINK-31883,6853.34855212592,53.163,344.9706,276.3287
STARLINK-31967,6840.82242483392,53.1618,342.8759,259.4492
STARLINK-31982,6840.83307124419,53.1621,342.8409,267.2123
STARLINK-31992,6853.38458220337,53.162,347.2351,273.1124
STARLINK-31990,6853.35969222774,53.1621,347.2016,260.896
STARLINK-31939,6853.34596342474,53.1613,344.3883,257.5546
STARLINK-32012,6853.34169072952,53.1619,344.4039,256.7638
STARLINK-32008,6853.32238754589,53.1603,345.034,272.3597
STARLINK-32006,6853.40060434899,53.1615,347.2236,260.2504
STARLINK-32011,6840.82628571326,53.1609,342.8646,277.3699
STARLINK-31878,6840.82162234236,53.1629,292.8832,258.9418
STARLINK-32017,6853.36256459583,53.1622,344.5397,268.6101
STARLINK-32005,6853.36707320462,53.1609,347.182,246.0471
STARLINK-31981,6853.36618342561,53.1617,349.4242,294.6566
STARLINK-31985,6853.34871933161,53.1628,344.8527,287.2108
STARLINK-31918,6853.32410138841,53.1618,344.3663,265.2185
STARLINK-11129 [DTC],6737.85592104644,53.159,150.5523,291.6028
STARLINK-11140 [DTC],6737.85933494803,53.1591,150.5185,289.2506
STARLINK-11122 [DTC],6737.85957246188,53.1583,150.4831,308.7301
STARLINK-11149 [DTC],6737.86825747067,53.1593,150.4519,303.5256
STARLINK-11120 [DTC],6737.89220649164,53.1572,148.2263,281.7483
STARLINK-11086 [DTC],6737.88614839083,53.16,150.3917,298.1007
STARLINK-11148 [DTC],6737.92614298222,53.1587,148.1622,294.0671
STARLINK-11116 [DTC],6737.88106039794,53.1605,148.1266,257.9776
STARLINK-11155 [DTC],6737.88471470907,53.1594,150.2956,258.7168
STARLINK-11163 [DTC],6737.85293639,53.1593,148.0638,229.2963
STARLINK-11135 [DTC],6737.8538978897,53.1583,150.1784,286.2434
STARLINK-11151 [DTC],6737.88120920299,53.1591,150.2274,275.935
STARLINK-11137 [DTC],6737.85798712886,53.1582,147.998,254.4045
STARLINK-31811,6848.80968028574,53.1627,346.9462,309.3539
STARLINK-31775,6853.50719610176,53.162,347.0929,247.6823
STARLINK-31793,6853.34468848284,53.1613,347.135,318.577
STARLINK-31735,6853.38427764616,53.1611,349.7848,261.2237
STARLINK-31788,6853.34154442491,53.1602,347.0326,245.9341
STARLINK-31825,6853.36724936896,53.1618,349.8055,272.1517
STARLINK-31437,6853.31864934259,53.1602,347.118,223.6749
STARLINK-11181 [DTC],6737.89685667273,53.1595,71.9381,254.6741
STARLINK-11176 [DTC],6737.88533568491,53.1604,71.9063,259.7105
STARLINK-11167 [DTC],6737.86763077553,53.1588,71.8713,262.8534
STARLINK-11166 [DTC],6737.92518145675,53.158,71.8391,241.5854
STARLINK-11165 [DTC],6737.87419534287,53.1581,71.8042,289.4042
STARLINK-11169 [DTC],6737.86261149637,53.1595,71.7727,262.0893
STARLINK-11102 [DTC],6737.88206197058,53.1586,71.7403,283.3642
STARLINK-11141 [DTC],6737.85400090755,53.1604,71.707,269.1661
STARLINK-11153 [DTC],6737.9275795477,53.1595,72.0936,277.5235
STARLINK-11170 [DTC],6737.9080486184,53.1591,72.0598,281.2949
STARLINK-11171 [DTC],6737.88930764435,53.1575,72.0279,274.9473
STARLINK-11186 [DTC],6737.91126226927,53.1605,71.9973,270.6271
STARLINK-11184 [DTC],6737.86400796534,53.1588,72.0029,283.1644
STARLINK-32032,6840.79782708854,53.1603,267.5576,273.147
STARLINK-31441,6853.2541123952,53.1619,306.6448,298.8246
STARLINK-32044,6853.43210250013,53.1615,306.5165,259.3319
STARLINK-31239,6853.34314481862,53.1616,306.8497,265.3612
STARLINK-32007,6840.90570095945,53.1604,305.5342,229.6608
STARLINK-32028,6853.34630679327,53.1616,306.7044,274.645
STARLINK-32016,6853.33125236308,53.1616,306.8233,256.1702
STARLINK-32003,6853.41092653004,53.1621,306.6145,259.4466
STARLINK-32026,6853.34852226776,53.163,305.7656,286.1658
STARLINK-31732,6853.24356389126,53.1608,306.1659,257.1732
STARLINK-31996,6853.34289401059,53.1631,306.5555,269.4761
STARLINK-31999,6853.35755736152,53.1619,306.8404,286.1238
STARLINK-31954,6853.2947542226,53.1617,306.8045,262.5285
STARLINK-32013,6853.31083257293,53.1617,306.7833,264.9909
STARLINK-32009,6853.31742218591,53.1618,306.8351,270.4708
STARLINK-32018,6853.3124210056,53.1611,305.811,280.0896
STARLINK-32045,6843.37607441959,53.1597,305.588,200.731
STARLINK-32035,6853.38211290226,53.1632,306.6549,261.5852
STARLINK-32042,6853.36463079179,53.162,306.5938,262.0094
STARLINK-32040,6853.53996453774,53.1618,306.4861,253.1822
STARLINK-32001,6853.37064128107,53.1611,306.5326,258.6354
STARLINK-32015,6853.32478214845,53.1596,306.4922,267.6448
STARLINK-32024,6853.37960180149,53.162,306.5736,269.4371
STARLINK-11201 [DTC],6737.84531880629,53.1584,104.0406,273.2409
STARLINK-11198 [DTC],6737.85170017661,53.16,104.0104,288.6501
STARLINK-11112 [DTC],6737.6391857795,53.1605,103.9771,318.3157
STARLINK-11210 [DTC],6737.9536095601,53.1597,102.1127,221.9378
STARLINK-11203 [DTC],6737.86912168066,53.1578,106.1091,234.4531
STARLINK-11177 [DTC],6737.87732310443,53.1594,106.0675,225.285
STARLINK-11127 [DTC],6737.85580372048,53.1592,103.8443,257.5662
STARLINK-11164 [DTC],6737.86859228047,53.1596,103.8106,257.7368
STARLINK-11119 [DTC],6737.85908884936,53.16,105.5987,262.2996
STARLINK-11157 [DTC],6737.85990727059,53.1598,105.9452,278.397
STARLINK-11162 [DTC],6737.86570490505,53.1594,105.5665,272.251
STARLINK-11161 [DTC],6737.86339271765,53.1596,106.2687,286.9857
STARLINK-11160 [DTC],6737.90222513793,53.1589,101.5801,263.6039
STARLINK-31846,6848.84566564169,53.1624,296.1556,242.9592
STARLINK-31840,6848.8478268051,53.162,296.137,259.7875
STARLINK-31813,6848.94795164894,53.1625,295.9857,271.3046
STARLINK-31845,6853.3320704716,53.1619,294.1286,271.6541
STARLINK-31838,6848.86312789082,53.1612,296.0404,269.4503
STARLINK-31785,6848.85639695265,53.1622,295.9527,263.6719
STARLINK-31792,6853.31456479401,53.1612,293.9869,272.1033
STARLINK-32043,6840.88844989,53.1604,228.0747,265.993
STARLINK-32112,6840.86659492666,53.1591,228.0956,280.6766
STARLINK-32050,6840.87498557125,53.1601,228.0155,274.1866
STARLINK-32025,6840.83867979691,53.1607,229.6676,262.0056
STARLINK-31694,6840.86976928014,53.1606,228.1318,273.5721
STARLINK-32036,6840.84550994182,53.1594,230.3025,278.2444
STARLINK-32031,6840.78169125412,53.1608,229.659,254.6438
STARLINK-32027,6840.84812846578,53.1604,229.6416,258.9001
STARLINK-32033,6853.34939711195,53.1595,230.2997,273.7166
STARLINK-32029,6840.85665874849,53.1598,227.9203,260.3436
STARLINK-32127,6840.86036809227,53.1606,227.8941,267.0867
STARLINK-32019,6840.8814323858,53.1584,227.9082,273.592
STARLINK-32021,6847.64024959997,53.1601,218.6635,351.4842
STARLINK-32022,6840.8775684564,53.1605,228.0353,276.7042
STARLINK-32014,6843.54644114515,53.1599,228.1112,313.6769
STARLINK-32004,6840.91782789624,53.1607,228.113,278.8178
STARLINK-32147,6840.89371080075,53.1601,228.0533,276.5345
STARLINK-32131,6840.87135645826,53.1604,227.881,262.1146
STARLINK-32145,6840.84386036218,53.1605,229.6928,259.4633
STARLINK-32137,6840.88693998076,53.1601,227.9943,265.1216
STARLINK-32048,6841.0018589389,53.1598,227.9564,249.6054
STARLINK-32129,6840.85840047499,53.1592,227.9718,269.301
STARLINK-11168 [DTC],6737.81959316619,53.1587,41.9554,314.7797
STARLINK-11187 [DTC],6737.90537868697,53.1598,41.9153,259.7619
STARLINK-11180 [DTC],6738.26377409768,53.1603,41.8844,267.8117
STARLINK-11197 [DTC],6737.90114915471,53.1606,41.5379,274.4795
STARLINK-11194 [DTC],6737.90115201637,53.1599,41.5056,264.9927
STARLINK-11189 [DTC],6737.87689099809,53.1593,42.199,298.213
STARLINK-11183 [DTC],6737.9013695023,53.1604,42.1742,264.8111
STARLINK-11179 [DTC],6737.96475881557,53.1589,42.1436,291.0121
STARLINK-11175 [DTC],6737.89866809929,53.1595,42.1085,267.4546
STARLINK-11173 [DTC],6737.91044955578,53.1587,42.0751,274.8602
STARLINK-11172 [DTC],6737.89891420158,53.1593,42.0422,270.2882
STARLINK-11152 [DTC],6737.89589801936,53.1577,42.008,282.799
STARLINK-11193 [DTC],6737.91777257108,53.1593,41.9757,265.4974
STARLINK-31869,6848.86044505254,53.1598,230.543,266.5044
STARLINK-32023,6840.86861605017,53.159,231.659,261.3427
STARLINK-32046,6848.89625221718,53.1593,232.4772,275.935
STARLINK-32049,6840.89498590437,53.1586,229.9124,270.9606
STARLINK-32002,6848.87735592038,53.1603,230.5665,254.9332
STARLINK-32020,6848.9316961669,53.1608,230.5914,258.4971
STARLINK-32041,6848.89182250095,53.1598,230.6252,277.4687
STARLINK-32138,6848.94119367321,53.1599,321.8665,270.0825
STARLINK-32212,6853.42326721579,53.161,322.5313,270.7232
STARLINK-32166,6853.38295491279,53.161,322.5583,257.1456
STARLINK-32200,6853.32143507987,53.1619,321.8986,272.1984
STARLINK-32207,6853.35348768407,53.1624,321.8975,249.5479
STARLINK-32125,6853.39064051019,53.1627,321.8769,261.8318
STARLINK-32160,6853.34594252405,53.1613,322.5174,264.3632
STARLINK-32163,6848.84748399975,53.1629,321.1135,244.2792
STARLINK-32148,6848.86456470084,53.1624,321.6144,264.1883
STARLINK-32121,6848.82863871455,53.1613,321.7611,278.3246
STARLINK-32120,6855.87831680935,53.1612,322.6021,267.3667
STARLINK-32205,6848.82607514575,53.1628,320.8349,274.2423
STARLINK-32158,6853.4923916097,53.1617,321.6651,231.5951
STARLINK-32167,6853.38306538937,53.1622,321.8922,282.9021
STARLINK-32144,6848.8754033999,53.1618,321.1682,257.2074
STARLINK-32211,6853.38389844263,53.1609,322.5477,267.0743
STARLINK-32164,6853.37100555357,53.161,322.5608,258.8854
STARLINK-32128,6853.37971824963,53.163,321.6484,278.5903
STARLINK-32206,6853.34647698464,53.1621,321.9012,253.0767
STARLINK-32155,6848.79268339083,53.1613,320.7916,278.5784
STARLINK-32152,6853.37145044382,53.1622,321.6238,261.9159
STARLINK-32154,6853.38918938176,53.1621,321.8859,268.6633
STARLINK-32135,6853.35948321979,53.1617,321.6887,279.7943
STARLINK-32156,6853.33825705196,53.162,321.7612,291.8612
STARLINK-32010,6848.85442059973,53.1624,321.7451,265.0646
STARLINK-32118,6853.36861986815,53.1639,322.0218,254.8404
STARLINK-32038,6853.37118768984,53.164,321.7304,247.5305
STARLINK-32113,6853.35587335632,53.1637,321.7396,265.6577
STARLINK-32037,6848.79646908085,53.1623,321.7989,293.6955
STARLINK-32123,6853.35414755066,53.1613,309.4236,281.8599
STARLINK-32122,6853.36980524601,53.1626,321.8308,279.4884
STARLINK-31656,6853.36699258705,53.1626,321.9907,262.0086
STARLINK-32114,6848.87033281505,53.1621,321.8274,286.6968
STARLINK-31997,6853.407188206,53.1615,321.922,273.0503
STARLINK-32000,6848.83434713509,53.161,320.4111,262.2187
STARLINK-32141,6853.37423026307,53.162,321.7875,287.7214
STARLINK-32142,6853.35858747158,53.1617,321.9584,286.7001
STARLINK-32149,6848.86280296915,53.1623,321.7746,275.5583
STARLINK-32159,6853.37588143524,53.161,321.942,277.5363
STARLINK-32150,6848.85944942212,53.1628,321.8018,274.6071
STARLINK-32126,6848.91818329329,53.1632,322.0138,259.2737
STARLINK-32143,6848.88476954897,53.1623,321.963,262.5675
STARLINK-32034,6848.88250998493,53.1629,321.2661,258.5668
STARLINK-32124,6848.821618715,53.1617,320.4124,266.1909
STARLINK-32151,6853.39546268117,53.1624,293.8713,263.6007
STARLINK-32134,6853.35375939382,53.1625,321.8024,281.7444
STARLINK-11147 [DTC],6737.89821023465,53.1595,27.4043,275.2048
STARLINK-11128 [DTC],6737.88895852376,53.1593,27.0561,258.7235
STARLINK-11227 [DTC],6737.93319990289,53.1594,27.0248,259.0539
STARLINK-11224 [DTC],6737.91827622585,53.1604,26.9886,256.1877
STARLINK-11115 [DTC],6737.78683696962,53.1591,26.9584,273.1272
STARLINK-11109 [DTC],6737.90269731155,53.1587,26.921,293.5161
STARLINK-11223 [DTC],6737.90881840619,53.1584,26.8586,271.1795
STARLINK-11192 [DTC],6737.91448450899,53.1591,26.8915,261.2105
STARLINK-11213 [DTC],6737.87318518827,53.1594,26.8274,241.4702
STARLINK-11200 [DTC],6737.8780528206,53.1607,26.7933,275.6378
STARLINK-11206 [DTC],6737.85364320671,53.1592,27.4605,260.127
STARLINK-11205 [DTC],6737.86259432667,53.1589,27.4264,276.1661
STARLINK-32191,6853.36777786203,53.1591,205.7437,266.7309
STARLINK-32194,6853.37169229694,53.1601,205.8404,272.9465
STARLINK-32192,6853.35112888626,53.1593,207.4312,273.6746
STARLINK-32189,6853.38908487665,53.1596,205.8278,284.6026
STARLINK-32190,6853.42508562785,53.1595,205.764,263.0041
STARLINK-32182,6852.80064994746,53.1589,207.6532,296.9527
STARLINK-32199,6853.45755448887,53.1603,205.7835,261.7445
STARLINK-32198,6853.39007021065,53.1596,205.8461,272.3941
STARLINK-31745,6848.82921402741,53.1626,344.4425,253.8352
STARLINK-32153,6853.34859094152,53.1612,345.0489,276.525
STARLINK-32203,6840.84059092799,53.1591,334.3109,275.1588
STARLINK-32171,6848.84266088215,53.1606,344.3852,301.292
STARLINK-32133,6853.37151613232,53.1626,345.0062,272.5537
STARLINK-32132,6853.36444865595,53.1622,344.6634,262.3409
STARLINK-32168,6853.40489505129,53.1619,344.6433,220.3005
STARLINK-32079,6853.39277241631,53.1615,347.3514,258.4737
STARLINK-32078,6853.36015801696,53.1629,347.3271,259.5274
STARLINK-32175,6853.38873851691,53.1623,347.3128,255.9945
STARLINK-32176,6853.36986197695,53.1611,347.2923,250.7028
STARLINK-32185,6853.38390441433,53.1619,344.5141,258.1096
STARLINK-32221,6853.35775442602,53.1623,345.1379,266.1593
STARLINK-32083,6853.37613523213,53.1619,345.1108,268.414
STARLINK-32077,6853.36145685269,53.162,344.4981,257.7265
STARLINK-32075,6853.35861434403,53.1629,344.4702,258.2552
STARLINK-32082,6853.35302786763,53.1624,344.4769,244.5242
STARLINK-32084,6848.85125187998,53.1624,344.3474,283.8812
STARLINK-32081,6848.86791229226,53.1627,344.2613,267.1094
STARLINK-32181,6840.86177098642,53.1614,342.9229,256.5742
STARLINK-32076,6848.8722078274,53.1622,343.9273,270.3158
STARLINK-32097,6840.86293907468,53.1607,342.9063,247.1894
STARLINK-32285,6849.02133950961,53.1587,217.658,75.5687
STARLINK-32278,6853.38707240771,53.1597,218.4813,278.0737
STARLINK-32287,6853.37245070069,53.1598,218.4742,279.5553
STARLINK-32290,6853.3863707312,53.1602,218.4863,267.9152
STARLINK-32275,6848.86836837582,53.1589,217.7054,298.5871
STARLINK-32227,6853.39127649882,53.1596,218.4335,272.2121
STARLINK-32256,6853.36420381764,53.1598,220.5931,271.3005
STARLINK-32267,6853.37459155021,53.1592,218.4096,269.3174
STARLINK-32270,6848.87473566802,53.1608,220.1246,269.3219
STARLINK-32188,6848.90897502206,53.1574,217.7496,28.8015
STARLINK-32230,6853.35523737591,53.1597,218.3978,251.8003
STARLINK-32243,6848.87755862487,53.1599,220.0626,260.934
STARLINK-32271,6853.33926625414,53.1608,218.4573,267.7132
STARLINK-32220,6853.37607252937,53.1596,218.3696,265.8174
STARLINK-32263,6853.35908013306,53.1598,219.9421,271.7749
STARLINK-32268,6853.35876064955,53.1582,218.4636,296.2747
STARLINK-32223,6848.87128969719,53.1605,220.0356,242.1979
STARLINK-32180,6848.84641683209,53.1614,219.9503,257.3475
STARLINK-32281,6853.36721353892,53.1608,220.0017,260.6892
STARLINK-32277,6853.38806669856,53.1595,220.2072,273.4294
STARLINK-32269,6848.89764731099,53.1572,217.9479,290.1912
STARLINK-11228 [DTC],6737.82673565522,53.1584,327.9159,309.8139
STARLINK-11182 [DTC],6737.87425257544,53.161,327.8199,255.5955
STARLINK-11234 [DTC],6737.85393222898,53.159,328.0974,231.4949
STARLINK-11232 [DTC],6737.84764242458,53.1596,328.06,261.0601
STARLINK-11139 [DTC],6737.86384485315,53.1616,328.0367,265.8257
STARLINK-11158 [DTC],6737.86082871018,53.1609,328.7337,272.757
STARLINK-11199 [DTC],6737.84260028989,53.1586,328.7009,243.0101
STARLINK-11081 [DTC],6737.87317374176,53.1596,328.0374,274.3234
STARLINK-11150 [DTC],6737.90401367482,53.1596,327.9996,317.2344
STARLINK-11136 [DTC],6737.84451755907,53.1604,328.6038,252.0802
STARLINK-11196 [DTC],6737.907745282,53.1605,327.9404,262.1995
STARLINK-11174 [DTC],6738.06499544073,53.1572,327.8755,285.2927
STARLINK-11191 [DTC],6737.83366354426,53.1584,327.8459,276.2262
STARLINK-32244,6848.88678467625,53.1593,151.8265,268.874
STARLINK-32186,6840.86663356577,53.1603,152.7435,264.3166
STARLINK-32178,6840.85766038971,53.1603,152.6877,270.2426
STARLINK-32234,6848.89761750128,53.1595,151.7664,268.7279
STARLINK-32265,6840.86844068793,53.1599,152.7286,274.5593
STARLINK-32197,6848.85447425635,53.1605,141.8201,274.0413
STARLINK-32255,6840.87715531351,53.1608,151.056,271.307
STARLINK-32236,6840.88383099703,53.1603,151.067,267.6394
STARLINK-32250,6840.84520083133,53.1614,127.1124,290.5992
STARLINK-32226,6840.7729323505,53.1587,125.6319,262.2835
STARLINK-32254,6840.85522910692,53.1596,125.5401,298.8404
STARLINK-32193,6843.37353974979,53.1591,125.6957,228.485
STARLINK-32242,6853.37513497392,53.1608,127.1706,267.4519
STARLINK-32196,6840.88543304461,53.1603,125.6679,259.4511
STARLINK-32232,6853.37348678805,53.1593,127.1968,256.722
STARLINK-32246,6851.10904832524,53.1602,127.1193,232.5554
STARLINK-32183,6853.37373759888,53.1604,127.1104,257.3201
STARLINK-32233,6840.8706044805,53.1599,125.6895,271.4815
STARLINK-32222,6840.83771382914,53.1598,127.4398,268.5081
STARLINK-32229,6840.87320816724,53.1599,127.3993,277.647
STARLINK-32241,6840.88887789592,53.1608,127.5513,287.0778
STARLINK-32240,6840.87961633831,53.1598,127.3858,281.487
STARLINK-32231,6840.84782529943,53.1608,125.6796,248.885
STARLINK-32195,6840.88319493387,53.1605,127.3625,261.9043
STARLINK-32177,6840.89333035037,53.1612,125.1757,266.6194
STARLINK-32252,6840.88028806768,53.1611,127.371,279.0166
STARLINK-32237,6840.85214690924,53.1608,125.7131,275.1323
STARLINK-32249,6840.88109652095,53.1603,127.4486,270.4132
STARLINK-32228,6840.8905185859,53.1599,125.1231,272.1125
STARLINK-32247,6853.42402861971,53.1613,118.6228,259.4743
STARLINK-32101,6840.89222466675,53.161,125.1494,269.4867
STARLINK-31844,6848.86028408233,53.1601,216.8703,273.1435
STARLINK-32204,6840.88623555488,53.162,216.6144,259.7395
STARLINK-32130,6853.43385224215,53.1592,215.9657,265.058
STARLINK-32173,6840.87826099104,53.1592,213.9684,279.4576
STARLINK-31911,6840.86632445289,53.1582,214.4626,277.0072
STARLINK-31994,6840.89617481272,53.1591,213.9279,272.2606
STARLINK-32169,6853.39570752228,53.1593,216.0389,266.063
STARLINK-32209,6840.86135190144,53.1606,216.1417,268.5161
STARLINK-32170,6853.35841727946,53.16,216.0036,284.6916
STARLINK-31497,6840.86112303945,53.1598,216.2341,259.9636
STARLINK-32161,6840.84865454865,53.1607,216.2189,267.9397
STARLINK-32210,6840.87931614072,53.1601,214.5443,267.4034
STARLINK-32202,6848.87760632005,53.1607,215.873,250.697
STARLINK-31930,6840.86380993979,53.1597,216.3373,280.7731
STARLINK-32162,6853.37363309436,53.1606,216.024,266.6147
STARLINK-32208,6853.38283547866,53.1596,216.0448,265.9338
STARLINK-32165,6853.36963505318,53.1599,215.9848,265.0201
STARLINK-31923,6853.37314341611,53.1599,217.7373,267.9523
STARLINK-31988,6840.86208009878,53.1595,214.4972,268.6535
STARLINK-31983,6840.85641799799,53.1609,216.1803,266.4874
STARLINK-31874,6840.87168934967,53.1572,214.4432,267.3892
STARLINK-32039,6853.31379147739,53.1588,220.4393,314.2878
STARLINK-11247 [DTC],6737.87572631446,53.1596,357.8366,267.174
STARLINK-11259 [DTC],6738.01454469597,53.1594,357.8052,263.5727
STARLINK-11188 [DTC],6737.90721873589,53.1604,357.7755,249.4053
STARLINK-11272 [DTC],6737.88352999059,53.1616,357.7076,272.3027
STARLINK-11261 [DTC],6737.82310431528,53.1582,357.7363,266.3324
STARLINK-11263 [DTC],6737.87774948758,53.1589,357.3562,265.6478
STARLINK-11235 [DTC],6737.8878396212,53.1594,357.6379,281.8987
STARLINK-11080 [DTC],6737.88801131977,53.1586,357.2933,286.2433
STARLINK-11249 [DTC],6737.81253081986,53.1595,357.2604,301.2325
STARLINK-11146 [DTC],6737.88408228682,53.1601,357.2172,281.2956
STARLINK-11255 [DTC],6737.8584764644,53.1601,357.1965,270.5562
STARLINK-11254 [DTC],6737.87458166272,53.1602,357.1647,277.4093
STARLINK-11266 [DTC],6737.89267866351,53.1591,357.1179,271.9819
STARLINK-32253,6853.34690395603,53.1588,177.4697,293.2786
STARLINK-32179,6853.34675466532,53.1589,178.044,274.6958
STARLINK-32289,6853.36796596976,53.16,179.7868,266.2273
STARLINK-32304,6853.32549575236,53.1596,179.7678,270.3169
STARLINK-32235,6853.37558882238,53.1597,179.7453,282.6217
STARLINK-32315,6853.36175842153,53.1605,179.7282,265.3535
STARLINK-11242 [DTC],6737.82497292379,53.1581,12.1825,296.7558
STARLINK-11256 [DTC],6737.84045981786,53.159,14.6628,278.1218
STARLINK-11159 [DTC],6737.84298374362,53.1581,15.3322,280.5719
STARLINK-11264 [DTC],6737.87609832637,53.1601,12.4732,262.8711
STARLINK-11226 [DTC],6737.89436989797,53.1607,12.4397,258.9296
STARLINK-11229 [DTC],6737.90798852345,53.1595,12.405,261.2018
STARLINK-11265 [DTC],6737.85894004553,53.1604,15.3604,268.8847
STARLINK-11250 [DTC],6737.89451011881,53.1592,12.3721,290.2018
STARLINK-11190 [DTC],6737.8872672927,53.1601,12.3397,278.0654
STARLINK-11225 [DTC],6737.87690816788,53.1605,12.306,267.1943
STARLINK-11273 [DTC],6737.89056962981,53.1597,12.2743,263.8784
STARLINK-11271 [DTC],6737.85112785578,53.1607,12.2085,264.9628
STARLINK-32371,6848.87996127048,53.1602,192.6432,267.7283
STARLINK-32369,6849.03008608573,53.1568,191.9884,299.4715
STARLINK-32317,6853.35862628733,53.1591,195.0401,266.2708
STARLINK-32367,6853.37146238719,53.1599,192.5675,265.9178
STARLINK-32345,6853.37397348051,53.1599,195.0452,265.7661
STARLINK-32356,6848.89539667923,53.1599,194.7096,274.8777
STARLINK-32274,6853.41619363422,53.1584,192.8008,275.4418
STARLINK-32373,6853.37972123548,53.1592,194.9816,279.2083
STARLINK-11239 [DTC],6737.86634018461,53.1575,222.4602,296.37
STARLINK-11245 [DTC],6737.86898718438,53.1593,224.5583,290.5823
STARLINK-11244 [DTC],6737.87711706696,53.1583,222.2951,266.9229
STARLINK-11243 [DTC],6737.86397076432,53.1588,224.529,250.7415
STARLINK-11238 [DTC],6737.87135660909,53.1583,222.2593,300.4503
STARLINK-11240 [DTC],6737.89098743011,53.1588,222.2307,285.5332
STARLINK-11251 [DTC],6737.86277174687,53.1581,224.0812,280.8286
STARLINK-11204 [DTC],6737.87611263452,53.1572,224.0465,305.3097
STARLINK-11246 [DTC],6737.86778244146,53.1582,224.0117,314.4698
STARLINK-11207 [DTC],6737.90025917955,53.159,223.983,284.2112
STARLINK-11237 [DTC],6737.85747490052,53.157,223.9403,303.9979
STARLINK-11253 [DTC],6737.87229236072,53.1588,222.4241,298.8741
STARLINK-11241 [DTC],6737.88030206461,53.1594,222.3896,288.5255
STARLINK-32259,6852.58922995202,53.1608,40.678,228.6143
STARLINK-32262,6689.70359364211,53.1369,351.6114,171.9529
STARLINK-32258,6840.80542097982,53.1611,37.5555,268.461
STARLINK-32251,6840.83295830048,53.163,37.7031,237.1766
STARLINK-32224,6840.95112077526,53.1633,38.0803,329.9145
STARLINK-32184,6840.83886704609,53.1602,37.5883,276.2014
STARLINK-32288,6840.8430073367,53.1623,37.5946,279.8979
STARLINK-32276,6841.29290670309,53.1615,38.1649,337.6198
STARLINK-11289 [DTC],6737.87289330231,53.16,162.8414,281.0873
STARLINK-11282 [DTC],6737.87866807164,53.1572,162.9416,237.856
STARLINK-11283 [DTC],6737.86330114591,53.1583,165.6768,265.2597
STARLINK-11267 [DTC],6737.85654201564,53.1598,165.3334,271.1912
STARLINK-11269 [DTC],6737.8548078808,53.1588,165.2968,284.5445
STARLINK-11281 [DTC],6737.87175723666,53.1589,165.257,308.4996
STARLINK-11260 [DTC],6737.85632167172,53.1599,141.0494,245.0036
STARLINK-11287 [DTC],6737.86734747503,53.1582,163.0349,301.8668
STARLINK-11270 [DTC],6737.74056633686,53.1559,163.0005,287.2422
STARLINK-11290 [DTC],6737.88590515136,53.1588,162.9687,284.2654
STARLINK-11274 [DTC],6737.88899858678,53.1585,162.9044,272.2121
STARLINK-11288 [DTC],6737.87132226958,53.1593,162.8717,243.6811
STARLINK-32279,6840.88734718061,53.1627,334.4348,265.96
STARLINK-32336,6840.8764657514,53.1621,334.4772,287.1184
STARLINK-32284,6840.89093173082,53.164,334.4241,249.0275
STARLINK-32282,6841.00982494577,53.16,333.7726,123.9274
STARLINK-32360,6840.86945125018,53.162,319.1263,270.676
STARLINK-32340,6840.87918536158,53.1628,334.3911,287.5521
STARLINK-32347,6840.9663688767,53.16,333.701,164.0059
STARLINK-11286 [DTC],6737.85523426039,53.1588,194.6747,309.3747
STARLINK-11252 [DTC],6737.86496088414,53.1598,194.6466,237.5594
STARLINK-11230 [DTC],6737.88976836913,53.1584,192.3877,301.3316
STARLINK-11294 [DTC],6737.88666920955,53.1581,192.3531,271.1372
STARLINK-11268 [DTC],6737.87004026177,53.1594,194.5163,279.8308
STARLINK-11156 [DTC],6740.4061252096,53.1589,192.1708,315.7163
STARLINK-11231 [DTC],6737.85725455652,53.1596,195.1855,275.1003
STARLINK-11299 [DTC],6737.87500804544,53.1584,192.9552,305.6699
STARLINK-11154 [DTC],6737.81471991632,53.1587,192.9246,272.5748
STARLINK-11297 [DTC],6737.85782974026,53.1579,195.0876,269.6801
STARLINK-11233 [DTC],6737.85763228911,53.1581,194.7411,271.3992
STARLINK-11236 [DTC],6737.852733216,53.1588,194.7058,281.5811
STARLINK-32350,6848.87166827681,53.1622,359.5975,279.1696
STARLINK-32378,6848.83302659602,53.1615,359.6287,264.0851
STARLINK-32321,6853.35519557438,53.1616,359.8777,273.1009
STARLINK-32381,6853.36592067213,53.162,0.2424,279.8308
STARLINK-32385,6848.87277122564,53.1627,359.6872,258.7917
STARLINK-32380,6848.88806052684,53.1619,359.659,242.0672
STARLINK-32375,6853.33258701469,53.1626,0.1925,265.9677
STARLINK-11209 [DTC],6737.88681229163,53.1598,56.9493,272.8041
STARLINK-11257 [DTC],6737.8750338001,53.1599,56.9091,202.1506
STARLINK-11309 [DTC],6737.87713709838,53.1607,56.8773,272.6893
STARLINK-11292 [DTC],6737.89514254351,53.1604,56.8462,269.7292
STARLINK-11302 [DTC],6737.87763788393,53.1609,56.8075,253.5858
STARLINK-11277 [DTC],6737.88494650188,53.1597,56.7466,266.897
STARLINK-11279 [DTC],6737.79858932177,53.1594,56.7152,251.1751
STARLINK-11091 [DTC],6737.88646030972,53.1588,56.7769,265.5558
STARLINK-11291 [DTC],6737.89540581537,53.16,56.3639,278.3599
STARLINK-11304 [DTC],6737.8915597594,53.1598,56.3296,282.8075
STARLINK-11307 [DTC],6737.90121783448,53.1606,57.0347,273.6917
STARLINK-11298 [DTC],6737.88460596677,53.1587,57.0064,321.0533
STARLINK-11310 [DTC],6737.89517402167,53.1597,56.9711,275.1543
STARLINK-32386,6840.86022839734,53.1619,231.676,258.2712
STARLINK-32392,6840.85608808067,53.1606,229.9144,253.1408
STARLINK-32436,6840.87518471191,53.1591,230.0919,263.7499
STARLINK-32425,6853.35783504332,53.1598,233.0433,252.5939
STARLINK-32342,6853.37454079086,53.1599,232.9716,268.9695
STARLINK-32423,6853.38648120791,53.1594,230.8615,272.3065
STARLINK-32248,6848.8810105655,53.1597,230.8272,272.6979
STARLINK-11300 [DTC],6737.9078969502,53.1582,298.3512,282.8895
STARLINK-11276 [DTC],6737.8874905008,53.1592,298.3163,302.5416
STARLINK-11280 [DTC],6737.8739950289,53.1592,298.2603,291.057
STARLINK-11308 [DTC],6738.05583473559,53.1597,298.2835,281.0947
STARLINK-11305 [DTC],6737.86777671822,53.1591,298.2166,316.442
STARLINK-11317 [DTC],6737.84080320898,53.1597,298.5008,274.8171
STARLINK-11293 [DTC],6737.90404229142,53.157,298.1564,296.7265
STARLINK-11319 [DTC],6737.85897152326,53.1599,298.5056,277.5995
STARLINK-11318 [DTC],6737.86206206615,53.1598,297.5322,315.4202
STARLINK-11311 [DTC],6737.90521271061,53.1603,298.4429,256.6816
STARLINK-11306 [DTC],6737.90890425615,53.1604,298.408,258.796
STARLINK-11313 [DTC],6737.83113390407,53.1592,298.3758,273.0637
STARLINK-32431,6840.86537928103,53.1596,101.7305,275.3826
STARLINK-32432,6840.87525010138,53.1616,105.6549,271.5401
STARLINK-32382,6840.88448192163,53.1615,105.5688,264.0759
STARLINK-32435,6840.90294268328,53.16,105.4818,253.8038
STARLINK-32474,6840.87730392605,53.1606,103.9397,261.4741
STARLINK-32447,6840.83442359687,53.1612,105.7225,311.0686
STARLINK-32446,6840.88542710009,53.161,103.3638,265.7469
STARLINK-32174,6840.84703171708,53.1605,37.6218,284.0089
STARLINK-32139,6848.85961635414,53.1607,50.1283,262.657
STARLINK-32140,6848.8305912017,53.1626,50.0161,266.4869
STARLINK-32201,6840.86217521029,53.1624,37.6755,259.3371
STARLINK-32030,6853.34921199131,53.161,50.7552,265.1563
STARLINK-31837,6853.34108461048,53.1615,50.6627,286.4411
STARLINK-32136,6848.87149538217,53.1613,50.5192,278.7624
STARLINK-32047,6848.87811308136,53.1605,50.365,249.9872
STARLINK-31756,6853.38576161641,53.1605,51.1582,270.1803
STARLINK-32172,6848.86306529123,53.1621,50.0296,275.6399
STARLINK-32338,6796.86668176963,53.1597,45.5918,275.7029
STARLINK-32306,6848.84833654182,53.1605,50.1422,260.4621
STARLINK-32297,6853.37955999959,53.1589,50.5391,289.0524
STARLINK-32260,6847.64691497871,53.1581,50.4175,199.1579
STARLINK-32305,6853.33379327756,53.163,50.7209,250.2026
STARLINK-32296,6848.90080714147,53.1622,49.9678,275.3561
STARLINK-32298,6848.86361378292,53.1616,50.3813,276.8662
STARLINK-32293,6853.39719448459,53.1608,50.856,269.1025
STARLINK-32313,6853.37576797311,53.1626,50.8244,227.0792
STARLINK-32319,6853.33170023267,53.1602,50.8552,249.6053
STARLINK-32351,6853.29802661458,53.162,47.8149,284.6684
STARLINK-32261,6848.87727841572,53.162,50.5434,267.7395
STARLINK-32358,6796.83760771453,53.1598,45.7403,269.1922
STARLINK-11354 [DTC],6737.85262161339,53.1588,118.7218,276.8802
STARLINK-11323 [DTC],6737.83581831884,53.1595,118.6612,286.9989
STARLINK-11338 [DTC],6737.90053962185,53.1591,118.6909,273.8886
STARLINK-11362 [DTC],6737.8514998643,53.159,120.4778,278.0824
STARLINK-11295 [DTC],6737.87228949909,53.1597,120.5089,275.7201
STARLINK-11325 [DTC],6737.9160326735,53.1594,120.4112,308.6735
STARLINK-11332 [DTC],6737.86118355036,53.1584,120.3944,312.3798
STARLINK-11350 [DTC],6737.84073739235,53.16,120.3483,274.1216
STARLINK-11357 [DTC],6737.87612121942,53.1605,121.0492,286.0605
STARLINK-11322 [DTC],6737.85388358167,53.1602,118.8202,274.4125
STARLINK-11364 [DTC],6737.87224371307,53.1603,118.7851,266.7824
STARLINK-11349 [DTC],6737.86695543297,53.1612,118.7543,242.4163
STARLINK-32406,6840.85691733239,53.1603,283.6902,264.5066
STARLINK-32445,6840.82706740081,53.1622,283.2343,250.3508
STARLINK-32411,6840.84887152071,53.1602,282.2185,306.7687
STARLINK-32424,6840.84336103016,53.1608,283.2711,267.1934
STARLINK-32389,6853.35023314079,53.1614,283.8406,275.9222
STARLINK-32476,6840.84178575713,53.1611,283.307,253.4732
STARLINK-32366,6840.88142941355,53.1618,283.1922,297.2861
STARLINK-11356 [DTC],6737.8623825671,53.1591,177.8276,252.5701
STARLINK-11376 [DTC],6737.88039363692,53.1591,177.7976,267.357
STARLINK-11372 [DTC],6737.81898937492,53.1591,177.7642,273.2271
STARLINK-11375 [DTC],6737.86874394646,53.1583,177.7315,303.2915
STARLINK-11285 [DTC],6737.87492219656,53.1579,179.8981,269.8642
STARLINK-11275 [DTC],6737.86101185349,53.1585,179.5499,271.5235
STARLINK-11342 [DTC],6737.86181596723,53.1584,179.5114,302.6886
STARLINK-11374 [DTC],6737.86090597377,53.1585,180.2111,244.8925
STARLINK-11373 [DTC],6737.88159838548,53.1586,180.1857,273.0383
STARLINK-11368 [DTC],6737.86700694214,53.1598,177.9577,289.3176
STARLINK-11370 [DTC],6737.87845058753,53.1575,177.9227,293.271
STARLINK-11361 [DTC],6737.68741475056,53.1565,177.8901,248.9658
STARLINK-11360 [DTC],6737.87260141638,53.1586,177.8569,267.1903
STARLINK-32353,6840.94429333906,53.161,332.7338,5.3061
STARLINK-32325,6840.84651157895,53.1612,332.8607,253.1179
STARLINK-32416,6840.83498534356,53.1596,318.4461,242.4808
STARLINK-32413,6840.87406120213,53.1609,333.5349,270.5692
STARLINK-32409,6840.83823991001,53.1639,318.905,265.9127
STARLINK-32422,6840.87343703023,53.1613,319.1239,270.7493
STARLINK-32397,6840.85490810642,53.1621,331.3295,282.2424
STARLINK-32302,6861.18536242161,43.0023,326.096,88.6709
STARLINK-32364,6861.17312450388,43.0068,335.0367,329.5639
STARLINK-32331,6861.363493633,43.0097,333.0588,96.1881
STARLINK-32398,6861.20744890208,43.0075,329.5821,116.643
STARLINK-32365,6861.22372042779,43.0081,331.6539,251.3268
STARLINK-32333,6861.20715545256,43.0066,330.1896,88.2637
STARLINK-32399,6861.18898859269,43.0075,319.0306,83.6003
STARLINK-32421,6861.199037693,43.005,326.6774,93.0908
STARLINK-32403,6861.2079848967,43.0065,329.5564,88.8568
STARLINK-32390,6861.18832384421,42.9975,332.2705,118.2066
STARLINK-32348,6861.20076245289,43.0053,333.0875,83.487
STARLINK-32455,6861.15243964246,43.0039,329.5081,90.0557
STARLINK-32396,6861.20926349881,43.0073,333.1157,89.1577
STARLINK-32355,6861.18995277772,42.9969,329.1613,65.4956
STARLINK-32370,6861.18114037874,43.0022,326.0629,84.6161
STARLINK-32405,6861.19987611781,43.0044,330.2971,120.5326
STARLINK-32419,6861.18456292789,43.0066,326.7059,100.0307
STARLINK-32320,6861.19390234662,43.0024,330.3239,78.3182
STARLINK-32341,6861.19839689706,43.0041,326.6481,85.5342
STARLINK-32339,6861.19465393316,42.9998,326.0335,82.4427
STARLINK-32327,6861.24269900567,43.0009,326.1416,192.5676
STARLINK-32264,6773.20645429444,42.9923,315.3764,311.3438
STARLINK-32337,6861.19320765327,42.9955,335.0616,101.9472
STARLINK-32238,6853.38362374403,53.1622,0.0809,251.3475
STARLINK-32310,6848.83514601682,53.1616,359.4475,261.2543
STARLINK-32308,6840.83312474384,53.1594,358.1843,280.0294
STARLINK-32301,6848.85452195112,53.1623,359.5356,266.9003
STARLINK-32439,6853.32733500011,53.1634,0.159,265.9417
STARLINK-32428,6853.33523243347,53.1609,359.576,254.4391
STARLINK-32414,6853.35996095228,53.1635,0.0885,267.8523
STARLINK-32441,6853.35674820286,53.1629,0.0344,253.752
STARLINK-32400,6853.34499900728,53.1614,357.489,273.6299
STARLINK-32449,6853.32282347089,53.1615,359.6918,274.8666
STARLINK-32453,6853.37253131843,53.1619,359.9137,260.4449
STARLINK-32443,6853.35004503428,53.1601,359.5998,243.6404
STARLINK-32417,6848.85544603757,53.1626,359.4974,280.7016
STARLINK-32326,6848.88337744267,53.1635,359.4726,265.4683
STARLINK-32294,6848.85409567909,53.1615,359.3833,278.2303
STARLINK-32309,6840.84555749729,53.1619,358.5743,278.615
STARLINK-32323,6840.87292580383,53.1608,358.0618,255.834
STARLINK-32363,6840.82859213801,53.1617,358.0236,259.3205
STARLINK-32395,6853.38659467049,53.1629,0.1646,256.9418
STARLINK-32412,6848.88392593843,53.1605,359.5588,234.9182
STARLINK-32426,6853.33435460799,53.1636,0.1439,273.6801
STARLINK-32429,6851.02283604443,53.16,18.0167,191.2027
STARLINK-11335 [DTC],6737.89313938887,53.1582,269.0702,275.1437
STARLINK-11344 [DTC],6737.86824602418,53.1601,269.0379,265.203
STARLINK-11312 [DTC],6737.85923192998,53.1595,269.009,230.5892
STARLINK-11340 [DTC],6737.86490651339,53.1588,268.9698,297.6077
STARLINK-11339 [DTC],6737.8569683955,53.1587,268.9081,308.8594
STARLINK-11315 [DTC],6737.88420819893,53.1582,268.9383,292.6413
STARLINK-11366 [DTC],6737.87297056624,53.1577,268.8716,248.7796
STARLINK-11348 [DTC],6737.86794269227,53.1586,268.8403,296.6475
STARLINK-11327 [DTC],6737.8768738283,53.1598,268.4963,290.1809
STARLINK-11341 [DTC],6737.88419961401,53.1582,268.4592,323.9407
STARLINK-11346 [DTC],6737.84441740318,53.1599,268.4304,304.0333
STARLINK-11296 [DTC],6737.8868380464,53.1592,268.3663,271.9937
STARLINK-32349,6853.38783678743,53.1606,63.9002,257.3292
STARLINK-32461,6840.90759133135,53.1608,62.0762,333.3823
STARLINK-32299,6840.85909597701,53.1626,62.0274,237.6172
STARLINK-32387,6840.86325413165,53.1612,61.5576,269.5693
STARLINK-32515,6853.41092354416,53.1616,63.7209,268.324
STARLINK-32533,6840.84759346636,53.1609,61.5732,280.4109
STARLINK-32376,6853.33863624919,53.1616,9.8141,276.6478
STARLINK-32402,6840.9190227591,53.1598,9.6071,295.669
STARLINK-32314,6853.36369025442,53.1616,9.8968,257.7536
STARLINK-32404,6852.27008157464,53.1602,14.3672,321.1888
STARLINK-32312,6853.37314341611,53.1612,9.8497,258.1128
STARLINK-32343,6853.36449045762,53.1627,10.3591,250.8078
STARLINK-32467,6840.8978125348,53.1628,9.9722,230.8881
STARLINK-32440,6840.89234652971,53.1621,9.9022,244.3096
STARLINK-32459,6853.33768377752,53.1619,9.9309,287.6239
STARLINK-32465,6840.79554149487,53.1612,10.0485,225.9809
STARLINK-32457,6853.38650808063,53.1611,9.9125,256.4165
STARLINK-32591,6840.8641933583,53.1629,356.1241,260.2224
STARLINK-32344,6853.37189831999,53.1613,10.0976,249.8258
STARLINK-32322,6840.83776732889,53.1618,10.0108,241.2971
STARLINK-32469,6853.34882084936,53.1629,9.8727,275.5792
STARLINK-32438,6840.94755398017,53.159,9.8782,158.1822
STARLINK-32540,6840.8680780745,53.1626,334.1691,303.8706
STARLINK-32528,6840.8852636258,53.1626,9.9562,304.5084
STARLINK-32573,6853.31793574046,53.1618,10.0747,270.5538
STARLINK-32478,6853.33720903471,53.1609,10.0352,245.936
STARLINK-32511,6852.53578723091,53.1629,12.7238,168.4768
STARLINK-32475,6853.33494878235,53.1641,9.9591,240.0163
STARLINK-32442,6853.33450986962,53.16,9.9732,273.4069
STARLINK-32362,6861.2085059195,42.9972,40.7545,95.3311
STARLINK-32472,6861.36366132799,42.9977,38.1033,55.525
STARLINK-32352,6861.21272501008,43.0062,37.3915,83.6388
STARLINK-32427,6861.20607148623,43.0088,40.8313,89.1327
STARLINK-32346,6861.19854362135,43.0025,37.9031,116.1522
STARLINK-32330,6861.21126075435,43.0072,51.4191,86.2398
STARLINK-32379,6861.26874161306,43.0044,37.3621,169.8904
STARLINK-32433,6861.19996894343,43.0015,56.9823,103.1534
STARLINK-32394,6861.17677461359,43.0203,51.4731,70.3398
STARLINK-32486,6861.17761003725,43.0046,48.5401,92.9516
STARLINK-32391,6861.1955851821,43.0131,48.5762,73.7564
STARLINK-32483,6861.20319388707,43.0018,48.5964,90.3449
STARLINK-32451,6861.17722676041,43.0035,48.6563,92.8253
STARLINK-32556,6861.20836817783,43.0059,48.6284,101.2539
STARLINK-32466,6861.22656211561,43.0031,48.6745,95.8168
STARLINK-32316,6861.1963158085,43.0074,50.6299,110.9499
STARLINK-32415,6861.20941022368,43.0045,48.7418,98.2482
STARLINK-32393,6861.19576484431,43.0018,48.7034,89.0666
STARLINK-32324,6861.20254410704,43.0045,48.7939,85.9408
STARLINK-32318,6861.1906175266,43.0093,48.8403,71.0866
STARLINK-32401,6861.1974836134,43.0179,48.8698,80.9658
STARLINK-32588,6861.17626257986,43.0057,48.8204,52.8983
STARLINK-32569,6861.22410371111,42.9921,52.2185,78.6443
STARLINK-11402 [DTC],6737.89423253879,53.1592,239.4349,295.8219
STARLINK-11316 [DTC],6737.86541588152,53.1589,238.7107,281.2154
STARLINK-11321 [DTC],6737.88404794716,53.158,237.1484,278.4462
STARLINK-11314 [DTC],6737.89271300329,53.1591,237.1186,294.0438
STARLINK-11324 [DTC],6737.89328819459,53.1595,237.0844,286.9519
STARLINK-11328 [DTC],6737.87248981294,53.1584,239.2459,308.8813
STARLINK-11329 [DTC],6737.93654808339,53.159,237.0131,301.2646
STARLINK-11398 [DTC],6737.8665948688,53.1572,236.984,274.1442
STARLINK-11383 [DTC],6737.84748789818,53.1574,239.116,274.8466
STARLINK-11359 [DTC],6737.87794407857,53.1579,236.9507,267.8492
STARLINK-11301 [DTC],6737.83863412247,53.1569,239.0822,199.1947
STARLINK-11351 [DTC],6737.85908598775,53.1581,238.7344,296.5063
STARLINK-32410,6840.84904093726,53.1613,33.9677,297.3877
STARLINK-32377,6840.835122065,53.1608,33.9555,287.1644
STARLINK-32292,6840.89282506479,53.1634,34.0385,245.4602
STARLINK-32501,6840.85335957676,53.1603,34.1274,274.9946
STARLINK-32383,6840.8287674977,53.1609,34.086,263.2131
STARLINK-32239,6840.87209357501,53.163,35.5325,250.4807
STARLINK-32489,6840.86018975832,53.1598,33.9149,275.165
STARLINK-32303,6861.09781175683,43.0063,94.7722,90.5657
STARLINK-32434,6861.1313596893,43.013,100.8907,233.8107
STARLINK-32460,6861.26477995867,43.0075,94.5609,309.6808
STARLINK-32559,6861.16347973366,43.006,94.6672,92.6495
STARLINK-32541,6861.09765605513,43.0073,101.0016,116.8509
STARLINK-32544,6861.14282488806,43.0016,94.7247,94.5946
STARLINK-32555,6861.15700299454,42.9936,98.8642,101.7019
STARLINK-32547,6861.17544212835,42.999,94.573,102.1165
STARLINK-32616,6860.96001621904,42.9918,97.4055,242.422
STARLINK-32605,6861.1520114543,43.0023,94.6933,97.6597
STARLINK-32579,6861.09275744482,43.0011,100.9659,82.76
STARLINK-32537,6861.15906309298,42.9943,98.8824,81.2424
STARLINK-32564,6861.12924272,42.9958,98.8343,75.7148
STARLINK-32536,6860.98174158962,42.9852,98.9119,86.2913
STARLINK-32624,6861.1882609626,42.9909,94.5208,103.8754
STARLINK-32622,6861.13577029678,42.9995,94.5803,98.7276
STARLINK-32620,6861.17469953011,43.002,97.3822,183.8505
STARLINK-32609,6861.15349065004,43.0003,94.7395,98.856
STARLINK-32567,6861.11715177244,43.002,91.7428,86.8587
STARLINK-32420,6861.22144168972,43.0058,94.6364,89.5259
STARLINK-32354,6861.15228094334,42.9953,99.9108,277.2947
STARLINK-32361,6861.2328473766,42.9972,95.341,72.6496
STARLINK-32500,6861.09768599776,43.0108,100.9396,78.4562
STARLINK-11407 [DTC],6737.92769115342,53.1577,253.5617,324.9649
STARLINK-11337 [DTC],6737.87525700719,53.1579,253.5281,257.9856
STARLINK-11353 [DTC],6737.81585309636,53.1577,253.4948,262.7471
STARLINK-11320 [DTC],6737.86527566219,53.1578,254.197,268.7722
STARLINK-11425 [DTC],6738.03933924882,53.1576,254.166,285.641
STARLINK-11422 [DTC],6737.83133135327,53.1576,253.8188,326.929
STARLINK-11421 [DTC],6737.88380470787,53.1575,254.1001,294.4074
STARLINK-11410 [DTC],6737.71511925818,53.1572,251.8689,291.4968
STARLINK-11390 [DTC],6737.8137183687,53.1584,254.0354,287.2798
STARLINK-11414 [DTC],6737.89608116505,53.1574,253.5905,330.6309
STARLINK-11424 [DTC],6737.88354143714,53.1568,253.9361,330.1509
STARLINK-11423 [DTC],6737.69275418422,53.1577,251.8086,281.7266
STARLINK-11395 [DTC],6737.87278742211,53.1571,251.7719,279.8543
STARLINK-32572,6853.32744846024,53.1594,50.3541,262.3847
STARLINK-32585,6796.81370176835,53.16,46.458,288.4927
STARLINK-32574,6796.83852020404,53.1602,46.4437,249.9849
STARLINK-32583,6796.84526737155,53.1602,45.8919,301.8285
STARLINK-32273,6853.34980915471,53.1581,50.6821,282.7296
STARLINK-32359,6796.68062020814,53.1598,45.8209,331.602
STARLINK-32566,6796.92519932977,53.1594,45.3555,253.3573
STARLINK-32499,6861.1476157923,43.0002,351.098,84.4795
STARLINK-32372,6861.10468958853,43.0032,351.159,81.4138
STARLINK-32452,6861.05341617209,43.0034,344.3118,290.1229
STARLINK-32458,6861.151460499,42.9991,337.1979,102.1684
STARLINK-32487,6861.23374569997,43.0067,351.3734,74.9595
STARLINK-32513,6861.16209934554,43.0011,337.1148,85.8692
STARLINK-32514,6861.1025157487,42.9967,347.6653,92.192
STARLINK-32498,6861.17672969834,42.9979,337.0022,122.8627
STARLINK-32518,6861.10971098548,43.004,344.7084,94.1616
STARLINK-32471,6861.14841826958,43.0022,344.266,94.9191
STARLINK-32450,6861.13408450368,43.0032,344.2919,74.4897
STARLINK-32613,6861.15882354657,43.0026,354.836,94.0957
STARLINK-32610,6861.1729747866,42.991,354.7769,69.9766
STARLINK-32612,6861.12927865157,43.0041,354.8066,93.1254
STARLINK-32601,6861.15785338383,43.0029,351.1258,159.5219
STARLINK-32593,6861.17716687341,43.0058,354.8857,77.3685
STARLINK-32586,6861.16769875502,43.0092,351.3443,91.5745
STARLINK-32611,6861.14756189458,42.9995,354.6413,75.4503
STARLINK-32607,6861.16868988163,43.0049,351.4218,112.2034
STARLINK-32606,6861.12429315033,43.005,351.203,84.9148
STARLINK-32578,6861.12298763919,43.0041,351.2174,206.77
STARLINK-32517,6861.16709689281,43.0107,354.8672,73.3415
STARLINK-32522,6861.16659683824,42.9938,351.2884,85.1676
STARLINK-32560,6861.1506101117,42.9909,351.1746,173.4881
STARLINK-11433 [DTC],6737.88658049866,53.1578,283.5033,340.983
STARLINK-11262 [DTC],6737.90295199918,53.158,283.7683,260.5844
STARLINK-11326 [DTC],6737.85606985011,53.1583,283.6336,320.6153
STARLINK-11330 [DTC],6737.75703996458,53.1578,282.1637,278.5728
STARLINK-11363 [DTC],6737.85405241647,53.1574,283.571,336.8214
STARLINK-11377 [DTC],6738.0215675067,53.1572,283.5427,347.9179
STARLINK-11385 [DTC],6737.73778783497,53.1576,282.1319,311.7525
STARLINK-11396 [DTC],6737.58192447545,53.1582,283.1574,313.2197
STARLINK-11393 [DTC],6737.92775124881,53.1584,283.1259,324.5427
STARLINK-11343 [DTC],6737.86975123777,53.1586,283.6695,279.5477
STARLINK-11411 [DTC],6737.74968877104,53.1576,282.3493,320.1049
STARLINK-11404 [DTC],6737.78587263231,53.158,282.8559,301.9733
STARLINK-11378 [DTC],6737.77889049709,53.1589,283.0935,268.8008
STARLINK-32520,6853.34675167951,53.1609,76.611,278.6852
STARLINK-32539,6853.33756135955,53.1618,63.7156,263.4526
STARLINK-32334,6853.34184300576,53.1595,76.2597,255.7153
STARLINK-32504,6853.29496322562,53.1598,76.3682,276.8528
STARLINK-32493,6840.77650783441,53.1606,75.6854,250.8707
STARLINK-32561,6853.3350950866,53.1599,76.4061,275.918
STARLINK-32512,6853.35055859495,53.1578,76.3033,261.7712
STARLINK-32637,6861.04575398663,42.9991,69.6567,89.6021
STARLINK-32582,6861.17620269288,43.0226,76.8531,287.7541
STARLINK-32615,6861.13563255877,43.0018,69.2097,101.7132
STARLINK-32592,6861.07250735327,43.0024,88.1216,94.1967
STARLINK-32225,6861.14977469626,43.0051,69.9783,307.0934
STARLINK-32595,6861.10894145655,43.0093,88.0358,91.1874
STARLINK-32477,6706.34209390902,42.984,38.0508,316.9026
STARLINK-32480,6861.17860715614,42.9975,69.9922,255.4869
STARLINK-32510,6861.11134586088,43.0002,85.2719,86.2689
STARLINK-32456,6861.19548337352,42.9972,72.6057,194.952
STARLINK-32509,6861.19348313509,43.0065,69.8999,96.3054
STARLINK-32491,6861.15687423844,43.003,79.7061,93.7858
STARLINK-32577,6861.08474482234,43.0029,76.9031,95.9759
STARLINK-32618,6861.15679339159,42.9999,69.9587,102.6743
STARLINK-32598,6861.19344420831,43.0002,71.8195,86.3566
STARLINK-32630,6861.11502583125,43.0047,88.0622,99.0654
STARLINK-32599,6861.03019313888,43.0089,77.013,90.7115
STARLINK-32473,6861.12999728313,43.0075,75.455,93.6851
STARLINK-32492,6861.1887550324,42.9951,76.8227,85.8281
STARLINK-32496,6861.09847648339,43.0067,77.0932,83.327
STARLINK-32495,6861.19738180475,43.0056,78.902,82.6788
STARLINK-32494,6861.15010407149,43.0047,76.8825,89.4931
STARLINK-32408,6861.15007412828,43.0036,67.2525,145.4723
STARLINK-32571,6861.14963396321,43.0044,71.7929,226.4638
STARLINK-11465 [DTC],6737.77745114933,53.1582,311.8637,265.9862
STARLINK-11426 [DTC],6737.83527747884,53.1582,312.7711,268.3365
STARLINK-11454 [DTC],6737.73182164852,53.1578,312.0534,292.116
STARLINK-11473 [DTC],6737.77958584827,53.1573,312.1185,286.7962
STARLINK-11429 [DTC],6737.71899081554,53.1573,312.0214,280.0549
STARLINK-11470 [DTC],6737.6861700288,53.1566,311.9931,307.7711
STARLINK-11427 [DTC],6737.79478346557,53.158,312.0856,303.9934
STARLINK-11456 [DTC],6737.71925120874,53.1582,311.888,253.8231
STARLINK-11474 [DTC],6737.83276214505,53.1566,312.7354,274.0561
STARLINK-11463 [DTC],6737.72320003167,53.1582,311.9588,230.4263
STARLINK-11472 [DTC],6737.72538905557,53.1577,312.495,245.5835
STARLINK-11467 [DTC],6737.68023829368,53.1568,311.9234,241.5445
STARLINK-11460 [DTC],6737.91982725421,53.1578,312.1474,256.6158
STARLINK-32604,6840.8109105887,53.1594,101.4132,287.8603
STARLINK-32553,6840.78444049161,53.1592,101.4539,275.9536
STARLINK-32603,6840.86428846988,53.1594,103.6606,264.7636
STARLINK-32444,6840.85530044037,53.1597,103.2051,278.5064
STARLINK-32619,6840.86471944426,53.1594,105.3336,285.3459
STARLINK-32580,6853.30567913041,53.1604,91.5358,264.8171
STARLINK-32617,6853.34566782926,53.1586,89.246,259.1575
STARLINK-11384 [DTC],6734.6226009857,42.9989,177.2662,108.438
STARLINK-11379 [DTC],6734.03282354239,43.0001,178.375,303.5292
STARLINK-11387 [DTC],6734.44669164424,43.0048,178.3309,85.3029
STARLINK-11389 [DTC],6734.28010738817,42.9963,178.2948,99.8156
STARLINK-11388 [DTC],6734.61537552364,42.9997,177.0976,97.668
STARLINK-11345 [DTC],6734.34167683108,42.9984,180.5019,146.1245
STARLINK-11381 [DTC],6734.23147069516,42.9988,177.0132,103.7607
STARLINK-11369 [DTC],6734.36375689523,42.9984,180.4174,114.7757
STARLINK-11303 [DTC],6734.48357426387,42.9994,180.3187,148.4756
STARLINK-11367 [DTC],6734.48766982341,42.9991,176.5001,89.8697
STARLINK-11386 [DTC],6734.61504969234,42.9999,177.6072,105.292
STARLINK-11380 [DTC],6734.61349199063,42.9986,176.4142,120.8077
STARLINK-33566,6861.16178793487,43.0001,7.1708,112.5569
STARLINK-33545,6861.10243789772,42.9899,16.5681,138.4134
STARLINK-33562,6861.14986452586,43.0047,16.666,76.8995
STARLINK-33554,6861.15838637443,42.9915,19.5106,81.4967
STARLINK-33555,6861.13626435713,43.0112,16.803,143.5724
STARLINK-33559,6861.14565451486,42.9928,16.7694,89.5372
STARLINK-33553,6861.09500613343,43.0075,20.0383,95.1588
STARLINK-33556,6861.16603989134,43.0168,16.6166,76.8364
STARLINK-33551,6861.16270420099,42.9984,20.0602,61.9638
STARLINK-32311,6861.08148708118,43.0076,296.8481,86.7302
STARLINK-32470,6861.14604976455,43.0041,308.298,80.3676
STARLINK-32502,6861.23249703056,43.0022,308.4485,88.3472
STARLINK-32521,6861.12313136516,43.0113,304.7769,155.7308
STARLINK-32549,6861.15149343654,42.9999,308.1824,124.9345
STARLINK-32535,6861.227379588,43.003,305.2757,236.1433
STARLINK-32548,6861.14676540618,43.0056,311.8804,80.2236
STARLINK-32525,6861.16718372865,43.0012,308.2309,84.7631
STARLINK-32628,6861.14614258835,42.9995,311.6881,76.4589
STARLINK-32626,6861.13986650886,43.0024,308.506,75.3949
STARLINK-32608,6861.142642235,43.0005,308.3179,77.1779
STARLINK-32488,6861.2602553551,43.0032,307.4459,108.8094
STARLINK-32490,6861.16222810189,43.0015,308.1974,99.8445
STARLINK-32557,6861.22810722846,43.0029,299.7873,324.248
STARLINK-32568,6861.16049138889,43.003,311.8014,91.9048
STARLINK-32462,6861.12737427886,43.0031,305.0061,73.0045
STARLINK-32463,6861.17077693794,43.0028,308.2599,89.5124
STARLINK-32550,6861.13305745794,43.0034,308.5261,81.0973
STARLINK-32507,6861.17035772994,42.9972,311.1038,267.5177
STARLINK-32245,6861.12790127495,42.9993,308.4161,98.0481
STARLINK-32546,6861.17950246741,42.9981,308.3583,79.5856
STARLINK-32545,6861.1536463549,42.9987,311.9344,99.7971
STARLINK-32554,6861.06787527436,43.0101,308.3466,91.9635
STARLINK-32570,6861.09196097233,43.0181,308.3928,115.188
STARLINK-32529,6861.13476720485,43.0157,335.6624,318.5698
STARLINK-32464,6861.11584925898,43.0026,333.4851,92.5673
STARLINK-32482,6861.16709689281,42.9973,329.8688,105.5174
STARLINK-32454,6861.17136682358,43.0032,340.5706,74.9168
STARLINK-32485,6861.075842934,43.0046,341.7707,92.2999
STARLINK-32388,6861.14973876441,43.0111,340.5415,95.468
STARLINK-32374,6861.13922572674,43.0035,330.0327,83.6352
STARLINK-32384,6861.14613061109,43.0012,330.0443,78.5307
STARLINK-32295,6861.21998940693,42.9986,330.1186,72.6505
STARLINK-32479,6861.1717980091,43.005,329.972,100.8197
STARLINK-32468,6861.03991229571,43.0129,329.9649,234.9465
STARLINK-32629,6861.16987564083,43.0058,332.7058,107.3694
STARLINK-32644,6861.14830747979,43.0025,330.1064,88.37
STARLINK-32623,6861.15102033371,43.0009,333.3524,86.3616
STARLINK-32639,6861.20279563478,43.0009,334.8917,98.3234
STARLINK-32625,6861.16653994581,43.0017,333.471,99.4506
STARLINK-32635,6861.12020594436,43.0064,340.5976,94.0724
STARLINK-32532,6861.15751801901,43.0051,329.9013,81.5323
STARLINK-32503,6861.13348863745,43.003,337.1869,80.4048
STARLINK-32508,6861.13336287675,43.0009,329.9816,77.2489
STARLINK-32524,6861.08446336293,43.0116,333.4504,260.2703
STARLINK-32484,6861.12649395607,43.0009,330.1352,108.1729
STARLINK-32497,6861.15773959933,43.0029,333.3825,94.1256
STARLINK-32526,6861.13506064663,42.998,333.4155,68.1485
STARLINK-32523,6950.1848815946,70.0019,280.1135,95.2478
STARLINK-32551,6950.17530442166,70.0021,280.0334,92.5027
STARLINK-32506,6950.17315211353,70.0012,280.1738,91.0828
STARLINK-32562,6950.13283066031,70.0018,280.0689,82.2464
STARLINK-32558,6950.11631446428,70.0025,280.0985,95.7563
STARLINK-32538,6950.2297311583,70.0017,280.1441,87.6702
STARLINK-32257,6950.17900602447,70.0015,279.8182,89.8785
STARLINK-32407,6950.17640531555,70.0018,280.0384,90.7089
STARLINK-32575,6950.17357577175,70.0018,269.7859,89.0208
STARLINK-32552,6950.17735468226,70.0012,279.8331,92.7056
STARLINK-32534,6950.17808139641,70.0014,280.1588,91.6057
STARLINK-32516,6950.09620819217,70.0021,280.1288,94.0242
STARLINK-32542,6950.17595691771,70.0018,280.0825,92.4773
STARLINK-32600,6950.17641768515,70.0016,270.1275,90.8469
STARLINK-32584,6950.17420662061,70.0016,279.9916,90.2524
STARLINK-32587,6950.17876790952,70.0017,279.7579,91.1343
STARLINK-32602,6950.09645557698,70.0021,270.0717,93.1707
STARLINK-32565,6950.18527433052,70.002,279.7903,91.7345
STARLINK-32589,6950.17819581525,70.0021,280.1878,92.3308
STARLINK-32581,6950.18205822699,70.0017,269.8446,92.0411
STARLINK-32686,6861.1633030679,43.0031,80.5674,89.7506
STARLINK-32688,6861.08444240319,42.9925,84.1559,92.0288
STARLINK-32684,6861.13593498356,43.0086,91.7167,116.7105
STARLINK-32672,6861.13530617957,42.9906,86.2825,235.859
STARLINK-32682,6861.14931057668,43.0056,48.6007,85.8764
STARLINK-32663,6861.09465879925,43.0038,84.3111,101.6567
STARLINK-32640,6861.22879594183,43,84.0065,219.3422
STARLINK-32653,6861.1792389644,42.9995,77.1992,257.0918
STARLINK-32647,6861.17074699451,43.004,84.1715,91.4201
STARLINK-32667,6861.12837437379,42.9989,86.1144,83.8268
STARLINK-32655,6861.13880652357,43.0067,89.7912,90.213
STARLINK-32665,6861.09955142443,43.0033,86.3395,256.6747
STARLINK-32664,6768.10246085338,42.9923,66.7167,94.1846
STARLINK-32660,6861.15384996896,43.0038,70.0605,87.0219
STARLINK-32448,6861.1101571327,43.0054,86.1473,121.1988
STARLINK-32430,6861.15520040968,43.0014,80.755,103.6134
STARLINK-32675,6861.07020778112,43.0027,86.3095,229.5635
STARLINK-32671,6861.12279301029,43.0079,91.3767,75.0228
STARLINK-32670,6861.1776549525,43.0157,84.0363,210.4052
STARLINK-32642,6861.14884645718,43.0022,83.9855,102.5464
STARLINK-32668,6861.1919590023,42.9966,80.7834,265.9065
STARLINK-32669,6861.18286812174,42.9921,84.2781,252.0755
STARLINK-32666,6861.13781241345,43.0035,86.9106,96.4936
STARLINK-32662,6861.14787330364,43.0123,89.7614,92.6567
STARLINK-11394 [DTC],6737.88167278802,53.157,342.56,319.6954
STARLINK-11490 [DTC],6737.35603574797,53.1572,343.2193,345.8128
STARLINK-11466 [DTC],6737.88073989477,53.1574,342.6554,297.2878
STARLINK-11468 [DTC],6737.25192312425,53.1562,343.0319,222.0329
STARLINK-11488 [DTC],6737.43125168176,53.1569,343.2474,285.3451
STARLINK-11483 [DTC],6737.83567523946,53.1575,342.3949,265.6189
STARLINK-11492 [DTC],6737.87757778966,53.1583,343.0119,309.4924
STARLINK-11471 [DTC],6737.83960706343,53.1563,342.4371,280.3001
STARLINK-11475 [DTC],6737.89753774609,53.1576,342.4573,266.5748
STARLINK-11469 [DTC],6737.89410376456,53.1573,342.5207,309.1609
STARLINK-11476 [DTC],6737.88051954886,53.1574,342.3609,243.5892
STARLINK-11485 [DTC],6737.90548456845,53.1576,342.4901,311.9722
STARLINK-11481 [DTC],6737.91024637744,53.1567,343.0614,268.314
STARLINK-32650,6848.8967142674,53.1583,129.6024,274.1102
STARLINK-32636,6853.35673327374,53.1588,129.109,275.5897
STARLINK-32643,6848.86188484209,53.1586,118.3082,283.0163
STARLINK-32652,6853.32565399928,53.1562,131.673,281.0252
STARLINK-32631,6848.86576005581,53.1578,116.0673,269.5039
STARLINK-32641,6853.30576273195,53.1596,116.7864,274.7592
STARLINK-32632,6848.83486879291,53.157,131.3927,280.6833
STARLINK-11496 [DTC],6734.63590869122,42.9982,194.1996,102.9883
STARLINK-11501 [DTC],6734.63727776517,42.9998,190.4481,143.0249
STARLINK-11491 [DTC],6734.12542408725,42.9992,191.2175,300.4341
STARLINK-11479 [DTC],6733.58333106579,43.0008,191.3445,31.275
STARLINK-11489 [DTC],6734.43860068535,42.9965,192.0293,89.859
STARLINK-11494 [DTC],6734.37338232801,42.9988,194.1544,136.1552
STARLINK-11333 [DTC],6734.60059311181,43.0014,194.2398,101.2274
STARLINK-11504 [DTC],6734.34377165725,42.9985,194.1111,97.2886
STARLINK-11495 [DTC],6734.65148587849,43.0003,190.9184,100.998
STARLINK-11498 [DTC],6734.33995638844,43.001,191.2995,89.5892
STARLINK-11484 [DTC],6734.31212080795,42.9987,194.0662,119.1938
STARLINK-11487 [DTC],6734.34226555424,42.9981,194.2789,117.0679
STARLINK-11499 [DTC],6734.42399643745,43.0016,192.0726,93.4195
STARLINK-33548,6861.12293973054,43.0032,16.5422,88.153
STARLINK-33544,6861.18367659804,43.0036,27.7022,84.037
STARLINK-33560,6861.16206940221,43.0039,30.518,79.1589
STARLINK-33547,6861.32092339342,43.0025,16.366,219.5729
STARLINK-33563,6861.02882180036,43.0069,30.5644,90.6876
STARLINK-33550,6861.08813431449,43.0154,27.1634,297.4058
STARLINK-33564,6861.17222021166,42.9988,30.5972,108.5577
STARLINK-33546,6861.17351975753,43.0061,30.5356,95.3006
STARLINK-33565,6861.14460949891,42.9985,16.2861,84.0981
STARLINK-33549,6861.19092594618,43.0031,30.6258,86.6914
STARLINK-32648,6840.78992708625,53.1597,89.412,262.7667
STARLINK-32594,6840.78545993929,53.1593,99.3483,272.4657
STARLINK-32621,6853.39227676292,53.1597,93.2483,251.4324
STARLINK-32597,6853.34569768739,53.1599,89.468,237.0973
STARLINK-32649,6840.79080387244,53.1622,103.3314,275.5174
STARLINK-32633,6840.76983835697,53.16,103.879,261.345
STARLINK-32646,6853.37158480667,53.1609,91.0986,281.4436
STARLINK-32706,6840.86649684276,53.1615,106.0797,269.8308
STARLINK-32678,6842.29748993232,53.1586,89.2571,228.7989
STARLINK-32696,6840.83265513581,53.1604,103.2786,271.3525
STARLINK-32700,6852.78564926208,53.1583,89.4724,296.0234
STARLINK-32698,6840.81094328267,53.1607,105.4984,193.2592
STARLINK-32634,6853.3610268932,53.1597,91.1168,285.189
STARLINK-32651,6843.32434620074,53.1594,102.1245,211.6039
STARLINK-32627,6840.84224347788,53.1597,103.8629,277.7048
STARLINK-32596,6840.78180716786,53.1605,103.3026,279.6523
STARLINK-32519,6848.71178116665,53.1618,91.009,269.4185
STARLINK-32527,6852.85785331442,53.1612,91.0351,236.814
STARLINK-32481,6853.3694051436,53.1603,91.0796,291.2375
STARLINK-32645,6853.36042076988,53.1597,91.1035,289.5283
STARLINK-32654,6840.84496899848,53.1614,103.2856,266.3633
STARLINK-11444 [DTC],6734.57686196563,43.0015,309.3828,86.9883
STARLINK-11493 [DTC],6734.20843723076,42.999,304.4404,68.7622
STARLINK-11453 [DTC],6734.52178639078,43,303.0355,101.6502
STARLINK-11441 [DTC],6734.52229512732,43.0022,301.7557,88.3906
STARLINK-11445 [DTC],6734.51540146963,42.9972,302.9913,111.3235
STARLINK-11355 [DTC],6734.49298005574,43.0013,303.3211,88.8118
STARLINK-11446 [DTC],6734.21190652657,42.9998,303.5861,65.4624
STARLINK-11428 [DTC],6734.46688342265,42.9992,303.1697,114.0155
STARLINK-11447 [DTC],6734.37731196084,42.999,308.61,100.4924
STARLINK-11434 [DTC],6734.38800059114,42.9999,306.6538,80.7723
STARLINK-11461 [DTC],6734.40810904908,42.9984,303.115,99.0523
STARLINK-32692,6861.09436236753,42.9959,134.6963,83.6418
STARLINK-32680,6861.19064747024,43.0017,126.9186,88.9636
STARLINK-32638,6861.16175799154,43.0142,140.5043,251.2787
STARLINK-32283,6861.11261244085,43.0124,123.2965,278.6713
STARLINK-32676,6861.13931555601,43.0031,135.2235,119.0227
STARLINK-32659,6861.16678847591,43.0042,126.9945,95.9015
STARLINK-32614,6861.15963501012,43.0096,136.9,190.4271
STARLINK-32418,6861.17603201499,43.0034,126.7794,41.4346
STARLINK-32702,6853.34947175737,53.1586,242.9875,251.7159
STARLINK-32712,6853.32681547221,53.1585,243.7846,266.6157
STARLINK-32674,6853.33924236769,53.1591,243.2487,274.7331
STARLINK-32711,6853.31566654665,53.1587,243.766,278.8081
STARLINK-32697,6853.32279958459,53.158,243.6891,289.4955
STARLINK-32693,6853.36461287679,53.1602,240.9239,278.107
STARLINK-32721,6853.31788199638,53.1584,245.4598,275.133
STARLINK-32709,6840.81351124646,53.1596,243.7669,283.4691
STARLINK-32689,6853.37627258105,53.1586,243.2142,252.9027
STARLINK-32724,6843.92908124208,53.159,243.5802,10.6017
STARLINK-32291,6853.35557775977,53.1591,245.5242,268.7798
STARLINK-32736,6853.34939412613,53.1588,243.7508,280.751
STARLINK-32737,6853.33274227622,53.1591,243.31,241.3916
STARLINK-32683,6840.81412054378,53.1588,245.4984,270.4971
STARLINK-32726,6853.34048744898,53.1587,245.4646,279.5814
STARLINK-32719,6843.46843081998,53.1603,243.9523,97.9414
STARLINK-32723,6840.8457388025,53.1593,243.529,25.8438
STARLINK-32722,6853.31836867897,53.1585,245.4439,277.5462
STARLINK-32720,6840.82848513888,53.1592,245.5405,265.5063
STARLINK-32656,6840.79685816303,53.1565,243.7213,296.773
STARLINK-32690,6853.31123266679,53.1586,245.4274,275.3821
STARLINK-11518 [DTC],6734.49852751629,42.9998,359.4106,92.7376
STARLINK-11455 [DTC],6734.43926373723,42.9986,357.9183,104.0439
STARLINK-11178 [DTC],6734.5668356692,42.9971,357.7935,90.033
STARLINK-11506 [DTC],6734.42157002507,42.9999,357.0624,109.4647
STARLINK-11486 [DTC],6734.43352491428,42.9989,357.8318,98.5872
STARLINK-11511 [DTC],6734.41898642701,43.0013,3.4086,97.5538
STARLINK-11505 [DTC],6734.57708489966,43.0005,3.325,85.5366
STARLINK-11497 [DTC],6734.06646570514,43.0001,357.7027,122.6908
STARLINK-11477 [DTC],6734.56571814532,42.9997,3.2789,94.9266
STARLINK-11500 [DTC],6734.5774821796,42.9997,358.6383,40.3754
STARLINK-11464 [DTC],6734.58742848773,43.0003,356.9753,107.9413
STARLINK-11502 [DTC],6734.63175860074,42.9989,3.3646,51.8154
STARLINK-32657,6861.17914913383,43.0025,191.3564,91.9028
STARLINK-32734,6861.1431871999,42.9981,190.6505,85.81
STARLINK-32733,6861.12390089806,42.9814,187.7641,91.4558
STARLINK-32707,6861.13573137082,43.0019,190.5721,93.1451
STARLINK-32705,6861.11358258761,42.9848,180.6863,94.0403
STARLINK-32743,6861.16555780299,42.9975,187.706,84.9695
STARLINK-32753,6861.08655933794,43.0004,187.8251,89.6644
STARLINK-32699,6861.16256945595,42.9956,191.3027,90.6667
STARLINK-32713,6861.15337686572,43.0035,99.8396,53.0955
STARLINK-32732,6861.17840952894,42.9985,101.791,128.1614
STARLINK-32328,6861.1314435297,42.9999,115.8222,101.162
STARLINK-32332,6861.18105653682,43.0106,102.0776,83.4428
STARLINK-32717,6861.1314016095,42.9955,101.9381,92.643
STARLINK-32757,6861.14976870761,43.0026,104.7035,84.2089
STARLINK-32731,6861.26176754805,42.9963,104.7999,123.6051
STARLINK-32694,6861.22822700469,43,101.8512,77.3676
STARLINK-32708,6861.13657576491,43.0053,102.0925,117.6459
STARLINK-32718,6861.05141004878,43.0037,104.0418,242.8499
STARLINK-32729,6861.16767779465,43.0004,101.8769,95.8384
STARLINK-32739,6861.15753897931,43.0098,107.5354,94.4691
STARLINK-32714,6861.09970413196,43.0015,104.7952,173.05
STARLINK-32685,6861.10860310343,43.0044,104.737,92.328
STARLINK-32691,6861.10960019725,43.0059,107.5239,94.4833
STARLINK-32788,6861.40669639351,43.0033,104.1762,83.913
STARLINK-32768,6861.16296470808,42.9952,101.8253,88.6063
STARLINK-32792,6861.16750412295,42.9923,101.7541,83.491
STARLINK-32725,6861.15875467699,42.9961,101.7523,80.0536
STARLINK-32681,6861.10720777154,43.002,86.0242,108.668
STARLINK-32679,6861.05843148678,42.9988,104.7811,97.8817
STARLINK-32749,6861.18871910005,43,101.9091,89.5366
STARLINK-32744,6861.08187034464,43.0076,104.7705,80.3055
STARLINK-32701,6861.15735333094,43.007,102.0163,94.6968
STARLINK-11452 [DTC],6733.75121514285,42.9978,205.283,66.1597
STARLINK-11443 [DTC],6734.40922364964,43.0039,208.2218,93.9705
STARLINK-11440 [DTC],6733.95149599971,42.9944,205.4112,72.5725
STARLINK-11514 [DTC],6734.18737578619,43.0075,205.2496,98.5138
STARLINK-11508 [DTC],6734.43852066185,42.9964,205.1973,90.4523
STARLINK-11510 [DTC],6734.44463389188,42.9979,205.4525,92.6401
STARLINK-11512 [DTC],6734.38423956024,42.9941,207.3649,127.8946
STARLINK-11450 [DTC],6734.07372112853,42.9994,205.3224,313.8819
STARLINK-11507 [DTC],6734.13864932225,42.999,205.3662,303.6172
STARLINK-11482 [DTC],6734.4497897077,42.9986,207.4074,100.6094
STARLINK-11528 [DTC],6734.43847779213,43.0001,208.1711,107.0988
STARLINK-11516 [DTC],6734.12501830103,42.9986,205.2389,99.0331
STARLINK-11527 [DTC],6734.47940154387,42.9958,210.8989,90.2187
STARLINK-32748,6861.16950434244,43.0053,33.8111,97.0009
STARLINK-32777,6861.15192761326,42.9951,31.1531,87.4319
STARLINK-32741,6861.08673899301,42.9964,30.9285,84.1729
STARLINK-32754,6861.14778946273,43.0018,30.9699,109.4095
STARLINK-32786,6861.1656865595,43.0005,30.3536,115.1876
STARLINK-32789,6861.15041548083,43.0023,31.0151,78.3442
STARLINK-32791,6861.17981687444,43.0057,33.8637,89.7852
STARLINK-32785,6861.17488218531,43.0027,31.0809,101.5523
STARLINK-11538 [DTC],6734.43277612454,42.9983,281.3027,95.288
STARLINK-11534 [DTC],6734.67066166262,43.0001,275.5939,103.2639
STARLINK-11515 [DTC],6734.51081713987,43.0017,280.9221,88.3841
STARLINK-11478 [DTC],6734.41768891299,43,275.7668,104.2823
STARLINK-11358 [DTC],6734.46289078299,42.9963,275.7235,141.6895
STARLINK-11517 [DTC],6734.39318773584,42.9987,275.8087,99.8541
STARLINK-11519 [DTC],6734.5695480245,43.0019,282.1195,103.3531
STARLINK-11451 [DTC],6734.38696030547,43,275.6389,104.719
STARLINK-11530 [DTC],6734.59997289251,43.0007,282.1111,90.0796
STARLINK-11536 [DTC],6734.4744371587,42.9957,275.6794,194.3365
STARLINK-11540 [DTC],6734.55528318123,42.9994,275.8499,78.8264
STARLINK-11523 [DTC],6734.28735767139,42.9989,277.4261,51.5095
STARLINK-11525 [DTC],6734.68825983056,42.9985,282.1515,85.3296
STARLINK-32752,6861.19369274085,43.0023,107.9235,98.9179
STARLINK-32760,6861.13210527011,43.0025,105.7322,96.8093
STARLINK-32715,6861.15433205526,43.0073,105.8107,95.7806
STARLINK-32764,6861.1282815506,43.0031,105.8617,95.7568
STARLINK-32773,6861.16123697761,42.9971,105.5631,83.2788
STARLINK-32750,6861.09069739615,43.0013,107.6374,101.8621
STARLINK-32771,6861.02942962063,42.9974,107.7178,93.3137
STARLINK-32766,6861.1484062923,43.0061,107.857,247.37
STARLINK-11547 [DTC],6734.53338160634,42.9988,268.3538,105.916
STARLINK-11185 [DTC],6734.41540254619,42.9991,259.6644,46.9195
STARLINK-11513 [DTC],6734.57652184835,43.001,267.1202,59.8685
STARLINK-11397 [DTC],6734.39285335761,42.9964,261.834,103.8647
STARLINK-11420 [DTC],6734.13171378145,43.0018,261.4119,93.931
STARLINK-11415 [DTC],6734.47747809361,42.9974,266.1351,78.17
STARLINK-11413 [DTC],6734.46088446235,43.0021,261.4956,94.8725
STARLINK-11416 [DTC],6676.90548436807,42.9875,253.955,330.4875
STARLINK-11535 [DTC],6734.57139722931,43.0001,261.8752,126.1731
STARLINK-11521 [DTC],6734.14990282529,42.9993,259.7081,93.5659
STARLINK-11258 [DTC],6734.43383643374,43.0011,268.1782,104.203
STARLINK-11529 [DTC],6734.55960749861,42.9957,268.2215,206.6172
STARLINK-32747,6861.09766503792,42.9948,91.6205,82.8162
STARLINK-32767,6861.09999158147,43.0043,90.9792,81.0286
STARLINK-32769,6861.16579435565,43.0043,91.0046,89.2857
STARLINK-32778,6861.24840338456,43.0025,91.7117,67.1517
STARLINK-32710,6861.19390833535,43.0004,90.8722,89.9985
STARLINK-32742,6861.18616490993,43.0066,90.8999,84.284
STARLINK-32783,6861.18433236233,43.0099,91.0387,82.5279
STARLINK-32784,6799.65363005084,42.9925,77.3645,232.117
STARLINK-32806,6861.06856993599,43.0104,337.7268,83.0738
STARLINK-32329,6861.12538606724,43.0039,334.9859,80.2429
STARLINK-32774,6861.15963501012,43.0082,329.4982,98.7601
STARLINK-32802,6861.13998328693,43.0086,325.9683,112.7108
STARLINK-32796,6861.13092551583,43.0069,325.9536,185.684
STARLINK-32805,6860.99845491208,42.9944,326.7581,212.9282
STARLINK-32770,6861.13706084247,43.0093,326.0504,72.1797
STARLINK-32775,6861.14652885516,43.0027,334.9961,95.3517
STARLINK-32800,6861.14671150848,43.0037,333.6986,79.8707
STARLINK-32758,6861.09103574706,43.0031,329.5932,76.8398
STARLINK-32746,6861.0811457372,42.9964,329.2397,72.5677
STARLINK-32780,6861.10277625008,42.9939,326.7441,252.458
STARLINK-32765,6861.14780443432,43.0097,329.5336,91.4308
STARLINK-32762,6861.06605178843,43.0128,329.5141,117.4572
STARLINK-32761,6861.13802800356,43.0018,329.5304,75.2107
STARLINK-32763,6861.12717665535,43.0007,326.0231,76.7727
STARLINK-32759,6861.17859218438,42.9992,333.1,263.2363
STARLINK-32756,6861.10901331916,43.0034,326.7647,105.5929
STARLINK-32751,6861.16831558907,43.0004,326.7157,87.9523
STARLINK-32740,6861.15763779215,43.0145,325.9459,94.4208
STARLINK-32745,6861.13557866128,43.0025,326.6251,84.2649
STARLINK-33596,6848.84805633566,53.1586,232.6275,271.3298
STARLINK-33589,6848.84160862091,53.1586,232.6586,274.6101
STARLINK-33575,6840.87279799725,53.1585,231.8188,283.0613
STARLINK-33584,6840.84536727544,53.1579,231.887,279.904
STARLINK-33577,6848.90575556257,53.158,230.175,257.4862
STARLINK-33597,6848.80153952898,53.157,230.8646,258.5382
STARLINK-33579,6848.87042820515,53.158,232.036,268.5248
STARLINK-33592,6840.86175612524,53.1582,229.5961,267.7154
STARLINK-33595,6840.83588592183,53.1585,229.6128,266.8428
STARLINK-33572,6840.86646712037,53.1594,232.0556,257.4224
STARLINK-33601,6840.82361371074,53.1589,231.8349,270.9668
STARLINK-33569,6840.84190167341,53.1589,230.2436,284.0566
STARLINK-33594,6848.84849751133,53.159,230.2382,278.6045
STARLINK-33598,6840.85259868727,53.1594,230.1582,283.7682
STARLINK-33600,6848.85378268219,53.1587,230.8865,276.2474
STARLINK-33567,6840.85119579783,53.1565,230.1382,253.0592
STARLINK-33574,6840.93649694493,53.1591,229.6516,275.2056
STARLINK-33576,6840.84604196862,53.1597,231.774,271.2892
STARLINK-33570,6840.73501705343,53.159,231.8208,276.8813
STARLINK-33591,6840.86963255698,53.1586,231.8584,288.5229
STARLINK-33573,6840.94919470533,53.159,230.2768,278.8681
STARLINK-33568,6840.83974087575,53.1592,230.27,284.0091
STARLINK-33593,6840.80661876576,53.1576,230.1207,270.9401
STARLINK-33588,6840.85296427087,53.1593,227.9115,288.5173
STARLINK-33585,6848.85611674567,53.1574,230.1454,279.5923
STARLINK-33582,6822.49226458378,53.1547,228.0221,23.1065
STARLINK-33581,6848.82139812932,53.1579,232.5909,272.1966
STARLINK-32883,6840.86781948955,53.1572,217.7491,260.8489
STARLINK-32886,6840.85390349399,53.1591,217.7887,277.4757
STARLINK-32848,6848.84951996604,53.1591,219.5205,289.8482
STARLINK-32787,6853.35512391463,53.1567,220.0629,266.9719
STARLINK-32851,6853.34621721886,53.1566,220.0956,285.1874
STARLINK-32847,6853.31564564619,53.1587,219.9874,279.5401
STARLINK-32837,6853.37194012177,53.1572,220.054,272.8917
STARLINK-32855,6840.85662605398,53.1597,217.6239,123.2109
STARLINK-32843,6848.84159371636,53.1579,217.7811,258.8834
STARLINK-32845,6853.32998339961,53.1582,220.0021,283.1651
STARLINK-32854,6853.16922690155,53.1571,218.3293,272.4931
STARLINK-32824,6853.32964301892,53.1579,220.0151,265.543
STARLINK-32853,6851.2854312667,53.1586,223.0107,271.289
STARLINK-32856,6840.89908466806,53.1587,217.7849,27.486
STARLINK-32844,6848.84407979597,53.1587,217.7226,280.1112
STARLINK-32782,6853.35860240072,53.1566,220.0528,271.1458
STARLINK-32842,6840.8074717799,53.1587,217.7622,288.0289
STARLINK-32852,6853.25713393848,53.158,218.362,267.6918
STARLINK-32825,6853.32403570104,53.1585,215.6134,313.296
STARLINK-32704,6824.79261072082,53.1536,216.121,7.513
STARLINK-32727,6840.86029973092,53.159,214.08,284.7001
STARLINK-11548 [DTC],6734.38925522192,43.0012,79.6418,144.0708
STARLINK-11480 [DTC],6733.80376053187,43.0012,82.5559,61.7011
STARLINK-11559 [DTC],6734.70201089091,43.0005,87.0278,102.246
STARLINK-11549 [DTC],6734.34457472201,43.0011,85.3671,118.4708
STARLINK-11554 [DTC],6734.39489963867,42.9998,85.4072,102.1
STARLINK-11520 [DTC],6734.15327488462,43.005,82.4307,94.8407
STARLINK-11546 [DTC],6734.03477525071,42.9998,80.5547,101.2549
STARLINK-11533 [DTC],6733.99804165129,43.0014,82.597,77.6073
STARLINK-11557 [DTC],6734.66951551339,42.9992,79.7856,124.1688
STARLINK-11556 [DTC],6734.25676486665,43.0005,82.4316,32.6216
STARLINK-11524 [DTC],6734.55196206446,42.9977,86.2167,171.4489
STARLINK-11551 [DTC],6734.88120697259,42.9989,79.8216,134.6384
STARLINK-11531 [DTC],6734.3445604326,43.0009,82.637,88.9126
STARLINK-32755,6861.18624575764,42.9927,252.7864,62.7903
STARLINK-32797,6861.11115123281,43.0009,267.5007,91.6535
STARLINK-32794,6861.15589209908,42.9987,259.9342,60.7273
STARLINK-32807,6861.16319826618,43.0026,257.7298,94.9649
STARLINK-32804,6861.14574434433,42.998,262.0196,132.6524
STARLINK-32799,6861.14619049741,43.0006,261.8974,87.4897
STARLINK-32781,6861.14851708209,42.9992,262.008,137.2077
STARLINK-32809,6861.14472927149,43.0046,264.7771,94.4655
STARLINK-32868,6840.81420079271,53.1593,36.1122,269.9294
STARLINK-32867,6853.22238937752,53.1589,37.5812,283.1004
STARLINK-32860,6840.83829638197,53.1596,37.5664,268.0289
STARLINK-32873,6840.80518023382,53.159,37.9156,282.3632
STARLINK-32866,6840.81281278385,53.158,36.1583,277.2222
STARLINK-32869,6843.36350521739,53.1589,37.8337,85.1605
STARLINK-32831,6840.82197306087,53.1616,37.5064,269.6063
STARLINK-32859,6840.80507323561,53.1618,38.0768,275.0628
STARLINK-32864,6840.79027780069,53.1608,37.5679,246.1576
STARLINK-32808,6840.695865907,53.161,37.7221,280.9303
STARLINK-32862,6840.8165399013,53.159,37.6483,275.7582
STARLINK-32841,6840.82713576133,53.1601,37.6354,266.2695
STARLINK-32695,6840.77583910265,53.1592,36.1362,288.3394
STARLINK-32846,6840.86646117589,53.159,37.7873,106.6179
STARLINK-32822,6840.82047804925,53.1608,37.5563,266.0362
STARLINK-32813,6840.86836043741,53.1599,37.6859,278.0217
STARLINK-32861,6840.81399571212,53.1588,36.1504,274.8647
STARLINK-32814,6840.82192253362,53.1604,37.5199,260.8048
STARLINK-32849,6840.80658607185,53.1594,37.533,269.8091
STARLINK-32833,6840.89303312355,53.1595,37.737,138.7851
STARLINK-32793,6841.3312340242,53.1608,38.0596,55.4376
STARLINK-32834,6840.83460490134,53.1595,37.5407,266.2447
STARLINK-11371 [DTC],6734.45472546746,42.9992,316.8847,99.6991
STARLINK-11352 [DTC],6734.60849877672,42.9992,316.9693,67.658
STARLINK-11382 [DTC],6733.90430537654,42.9995,320.2059,56.8158
STARLINK-11432 [DTC],6734.48960185506,42.9999,316.8412,95.2818
STARLINK-11419 [DTC],6734.55260513752,42.9986,316.713,83.3864
STARLINK-11437 [DTC],6734.50685301563,42.9998,316.7976,94.7867
STARLINK-11442 [DTC],6734.45372516799,42.9993,322.2473,89.4975
STARLINK-11365 [DTC],6734.31529016292,42.9987,317.6906,39.975
STARLINK-11436 [DTC],6734.54287617299,43.0052,316.6707,87.4213
STARLINK-11438 [DTC],6733.9731185251,42.9996,315.3973,45.1541
STARLINK-11391 [DTC],6734.22200580357,43.0005,316.617,253.0374
STARLINK-11431 [DTC],6734.5196799939,43.0002,317.3523,90.8326
STARLINK-11435 [DTC],6734.27429174348,43.0032,316.1599,76.9913
STARLINK-32878,6861.18642242488,42.9951,137.8957,217.6124
STARLINK-32892,6861.13550080936,43.0036,146.0496,84.5824
STARLINK-32909,6861.16623152897,42.9999,146.0987,89.1298
STARLINK-32901,6861.1363601749,43.0033,143.3007,95.5601
STARLINK-32890,6861.13649491865,42.9964,139.7533,119.1765
STARLINK-32893,6861.19330347303,42.9994,137.6234,103.1048
STARLINK-32902,6861.17362156529,43.0147,137.593,232.9855
STARLINK-32661,6861.16903722519,43.0043,137.7925,92.8939
STARLINK-11552 [DTC],6734.35901563917,43.0004,123.5844,90.525
STARLINK-11561 [DTC],6734.52857431594,43.0011,121.4494,114.4504
STARLINK-11567 [DTC],6734.37777780133,42.999,126.3929,126.8859
STARLINK-11569 [DTC],6734.60100468598,43.0015,121.5354,107.9917
STARLINK-11537 [DTC],6734.56019341128,42.9999,121.6225,76.2577
STARLINK-11565 [DTC],6734.28388827841,42.9993,125.5803,143.2764
STARLINK-11564 [DTC],6734.51859392831,42.9988,126.3066,112.8967
STARLINK-11566 [DTC],6734.58978073781,42.9989,126.348,116.8713
STARLINK-11555 [DTC],6734.52531039358,43.0016,127.8873,111.554
STARLINK-11430 [DTC],6734.36657764646,42.9999,126.4323,123.831
STARLINK-11560 [DTC],6734.48934748987,42.9998,121.5787,91.8056
STARLINK-11562 [DTC],6734.82407570817,42.9999,130.9649,200.8794
STARLINK-11457 [DTC],6734.36498293567,42.9995,123.3205,59.503
STARLINK-32921,6861.13916584057,43.001,301.1274,81.7256
STARLINK-32917,6861.21970493925,43.0005,304.5496,33.7135
STARLINK-32916,6861.13816873601,42.9984,301.1481,86.3436
STARLINK-32905,6861.14329798948,42.9978,301.3152,136.4617
STARLINK-32871,6861.10314753944,42.9988,301.191,67.7019
STARLINK-32920,6861.15233184683,42.9966,301.1661,98.8999
STARLINK-32922,6861.098233948,43.0004,301.2819,110.8476
STARLINK-32891,6861.11618761299,43.0053,301.3308,297.2547
STARLINK-32728,6840.86529308612,53.1594,141.4357,279.3433
STARLINK-32857,6840.83741958057,53.1582,140.7947,304.4924
STARLINK-32850,6848.87284574922,53.1572,143.6227,275.9692
STARLINK-32875,6840.85432852228,53.1568,140.7747,292.178
STARLINK-32865,6848.86502376478,53.1582,143.5943,268.0511
STARLINK-32884,6840.91278986083,53.1577,139.0283,280.0578
STARLINK-32874,6840.8640477187,53.158,140.8007,276.4007
STARLINK-32880,6848.76428193995,53.1582,143.5334,260.3804
STARLINK-32815,6840.86189582025,53.1593,139.1447,276.4992
STARLINK-32879,6848.84393373127,53.1571,143.7371,270.883
STARLINK-32885,6840.85180213131,53.1583,139.062,282.0031
STARLINK-32896,6853.3841761271,53.1566,144.3683,280.3521
STARLINK-32877,6853.36334091205,53.1586,144.3341,264.8948
STARLINK-32889,6853.37970033453,53.1569,144.3527,277.2465
STARLINK-32858,6853.36221823944,53.1568,141.8624,268.374
STARLINK-32882,6840.84685041178,53.1584,138.9831,283.47
STARLINK-32887,6840.85194182581,53.16,139.2214,278.108
STARLINK-32836,6840.82457372914,53.1586,141.4456,264.9495
STARLINK-32888,6853.3702680511,53.1575,144.3222,249.6891
STARLINK-32897,6840.67384307605,53.1581,142.8596,253.3231
STARLINK-32863,6848.85453685574,53.1564,143.6467,287.7368
STARLINK-32894,6853.35948321979,53.1586,141.9391,277.299
STARLINK-32826,6853.38448665601,53.1559,141.8998,265.8699
STARLINK-11543 [DTC],6734.70023305293,42.9999,134.8294,114.3038
STARLINK-11458 [DTC],6734.52804557169,43.0002,139.5562,115.261
STARLINK-11417 [DTC],6734.49182826603,43.0006,135.6383,100.2316
STARLINK-11544 [DTC],6734.54993852888,43.0019,134.9112,50.1195
STARLINK-11582 [DTC],6734.05371232414,43.0006,139.6361,91.0698
STARLINK-11571 [DTC],6734.41042684716,43.0013,136.7039,83.2547
STARLINK-11539 [DTC],6734.40597130367,42.9983,139.5964,113.0854
STARLINK-11542 [DTC],6733.99737870801,43.0013,136.7868,323.8213
STARLINK-11573 [DTC],6734.48279116387,42.9995,137.4239,78.0286
STARLINK-11572 [DTC],6734.56327731471,42.9988,134.9175,150.3877
STARLINK-11583 [DTC],6734.45008122308,42.9983,137.4657,69.5952
STARLINK-11570 [DTC],6734.47025302079,42.9968,135.5926,122.795
STARLINK-11576 [DTC],6734.40977809214,42.998,139.6799,136.7464
STARLINK-32899,6861.18005342833,42.9998,318.9473,112.984
STARLINK-32819,6861.12177794593,43.0037,315.3704,105.6276
STARLINK-32703,6861.17633444423,43.0033,318.9098,93.7092
STARLINK-32881,6861.1874644624,43.0018,315.2907,95.0179
STARLINK-32898,6861.08187333889,43.0043,318.8595,95.1641
STARLINK-32658,6861.15583221254,43.0013,318.6434,76.8031
STARLINK-32673,6861.15690717605,43.0057,315.4543,76.8379
STARLINK-32437,6861.13157228461,42.999,316.0226,86.8454
STARLINK-11448 [DTC],6734.46366816118,42.9983,329.9037,99.4934
STARLINK-11553 [DTC],6734.2961597758,42.998,330.7133,104.342
STARLINK-11526 [DTC],6734.66112948874,42.9987,329.8611,133.4733
STARLINK-11405 [DTC],6734.45275344887,42.9946,330.6364,86.929
STARLINK-11586 [DTC],6734.4851633288,42.997,336.2473,90.7154
STARLINK-11574 [DTC],6734.17887695411,42.9968,330.5874,241.0279
STARLINK-11580 [DTC],6733.83767699616,43.0014,333.4388,346.6053
STARLINK-11449 [DTC],6734.39065846569,42.999,336.2035,99.2163
STARLINK-11577 [DTC],6734.24885166059,42.9989,329.3903,340.7096
STARLINK-11578 [DTC],6734.58983790066,42.9995,329.5188,81.3392
STARLINK-11541 [DTC],6734.42915792972,42.9982,329.9414,94.3782
STARLINK-11545 [DTC],6734.59751774011,42.9979,331.1784,98.394
STARLINK-11400 [DTC],6734.13779773861,42.9994,330.6265,248.4558
STARLINK-32870,6861.02003087802,43.0054,155.3473,81.436
STARLINK-32872,6861.15223902282,42.9963,148.8663,82.5617
STARLINK-32677,6861.17258851607,43.0006,150.9463,82.2787
STARLINK-32929,6861.15821569765,42.9965,150.9727,98.6192
STARLINK-32944,6861.13807591248,42.9983,148.8979,84.9449
STARLINK-32943,6861.15362240031,43.0012,148.2008,96.2768
STARLINK-32803,6861.16703101736,43.0037,148.1666,79.1378
STARLINK-32926,6861.14731336622,42.9789,148.1108,89.652
STARLINK-32798,6853.35440433136,53.1579,179.7886,288.0857
STARLINK-32779,6840.84690688392,53.1596,179.4272,265.3166
STARLINK-32716,6840.91664789538,53.1566,166.5651,277.261
STARLINK-32776,6840.87143968111,53.1567,166.704,257.3743
STARLINK-32772,6853.35448196274,53.1579,167.3518,276.3695
STARLINK-32830,6848.87198127576,53.1572,168.9431,277.2151
STARLINK-32801,6840.83546386861,53.1566,166.6196,269.5388
STARLINK-32818,6853.36232274352,53.1581,167.4376,292.6995
STARLINK-32810,6840.86270129586,53.1576,168.9608,267.2941
STARLINK-32812,6853.36354693447,53.1576,167.4545,267.2489
STARLINK-32811,6840.93516832031,53.1575,167.2093,286.814
STARLINK-32832,6848.83252878574,53.1579,168.9145,284.0399
STARLINK-32820,6853.49405181096,53.158,167.4248,275.4578
STARLINK-32795,6840.87215599216,53.1583,166.6018,268.0647
STARLINK-32827,6840.86052264837,53.1568,178.9666,291.1594
STARLINK-32735,6840.87695914496,53.1582,178.848,280.1378
STARLINK-32828,6853.35894875666,53.1553,180.2022,285.4197
STARLINK-32738,6840.816245655,53.1577,169.2463,281.7174
STARLINK-32590,6853.29603511279,53.157,167.4429,331.7575
STARLINK-32790,6840.81738102978,53.1558,167.1775,289.9053
STARLINK-32829,6840.85376974384,53.1592,178.9538,280.6041
STARLINK-32816,6840.84106053739,53.1574,178.9369,275.4522
STARLINK-32835,6840.84161931324,53.1571,178.8665,277.9464
STARLINK-11550 [DTC],6734.60765561902,43.002,149.1114,109.1561
STARLINK-11563 [DTC],6734.61466383954,43,149.1564,86.7964
STARLINK-11347 [DTC],6734.58304410485,42.998,153.6241,118.4028
STARLINK-11558 [DTC],6734.46005849888,42.9981,152.8158,135.8605
STARLINK-11392 [DTC],6734.66675446762,43.0003,149.4473,339.8244
STARLINK-11406 [DTC],6734.52915450571,42.9984,149.1935,95.3542
STARLINK-11418 [DTC],6734.31207794024,43.0012,149.4499,92.5583
STARLINK-11509 [DTC],6734.41554544406,42.999,153.5787,104.7296
STARLINK-11403 [DTC],6734.56685567603,43.0028,159.2423,93.8731
STARLINK-11409 [DTC],6734.56178823764,43.0012,149.3281,91.0776
STARLINK-11412 [DTC],6734.7112888233,43.0001,149.2925,47.8008
STARLINK-11399 [DTC],6734.45750058592,42.9952,150.5937,74.4937
STARLINK-11408 [DTC],6734.2856172587,42.9982,152.8489,157.4631
STARLINK-33635,6861.13406953216,43.0079,322.2523,93.2132
STARLINK-33622,6861.20510130678,43.0037,318.7841,103.642
STARLINK-33628,6861.20808071698,43.003,319.4308,91.6063
STARLINK-33627,6861.11369337599,43.005,319.3724,78.5736
STARLINK-33620,6861.07569621627,42.9998,321.5587,100.2197
STARLINK-33604,6861.13986052024,42.9958,319.5413,81.882
STARLINK-33624,6859.94648952907,42.9999,315.96,73.4724
STARLINK-33623,6861.1109625933,43.0026,318.3836,77.5293
STARLINK-33586,6861.12836239661,43.0024,312.2902,105.7953
STARLINK-33605,6861.12020295007,43.0001,318.8331,78.867
STARLINK-32839,6950.17546831876,70.0011,109.4001,94.2247
STARLINK-32821,6950.18103464097,70.0012,109.3955,95.7358
STARLINK-32817,6950.18401262792,70.0006,109.1221,100.4533
STARLINK-32906,6950.17745363907,70.0008,109.4518,91.0574
STARLINK-32895,6950.13416655614,70.0012,109.4417,102.0606
STARLINK-32933,6950.18078106382,70.0017,109.349,97.9465
STARLINK-32932,6950.1859546606,70.0008,109.3685,92.2341
STARLINK-32908,6950.11529090246,70.0015,109.1661,94.4397
STARLINK-32505,6950.17943277599,70.0007,109.4392,96.611
STARLINK-32914,6950.18450432078,70.0013,109.1792,92.5575
STARLINK-32918,6950.18441773335,70.0011,109.4103,101.7767
STARLINK-32912,6950.21197122593,70.0011,109.0844,86.0109
STARLINK-32910,6950.1892759107,70.0013,109.3639,93.5777
STARLINK-32903,6950.19529684628,70.0006,109.0715,92.5456
STARLINK-32925,6950.17492714914,70.0007,109.0817,95.838
STARLINK-32924,6950.18340033128,70.0011,109.1131,94.4393
STARLINK-32900,6950.20999825072,70.0012,109.1542,96.1083
STARLINK-32927,6950.18565469686,70.0014,109.4282,98.8425
STARLINK-32907,6950.17812469002,70.0011,109.3777,94.4309
STARLINK-32911,6950.17379533188,70.0015,109.4527,89.3932
STARLINK-32923,6950.21149189797,70.0009,109.0973,87.4479
STARLINK-32913,6950.23066508092,70.0004,109.1326,89.499
STARLINK-11629 [DTC],6734.20783710591,42.9983,16.9171,86.9729
STARLINK-11624 [DTC],6733.20435250162,42.9995,11.5108,136.1397
STARLINK-11584 [DTC],6734.27935006763,42.9989,13.0378,32.8029
STARLINK-11627 [DTC],6734.58436742175,43.0024,16.997,89.495
STARLINK-11632 [DTC],6733.88077180889,43.0022,11.3748,108.5243
STARLINK-11625 [DTC],6734.23442562284,42.9986,11.4219,96.1355
STARLINK-11601 [DTC],6734.61355201215,43.0006,16.3105,53.1202
STARLINK-11630 [DTC],6734.54380505322,43.0006,11.4593,110.735
STARLINK-11590 [DTC],6734.53010338776,42.9998,11.5441,85.4313
STARLINK-11598 [DTC],6734.20686833322,43.0016,13.6337,81.5503
STARLINK-11600 [DTC],6734.53779448927,42.9995,16.9507,112.1846
STARLINK-11597 [DTC],6734.3489987272,42.9999,10.7297,225.3983
STARLINK-11591 [DTC],6734.48725540852,43.0017,12.2206,64.8631
STARLINK-32955,6746.29908614571,42.9874,163.8548,245.8248
STARLINK-32945,6861.13032965028,42.9947,184.442,96.0401
STARLINK-32941,6861.1819308884,43.0005,175.7948,88.8955
STARLINK-32942,6861.14080971646,42.9952,184.4893,93.1026
STARLINK-32947,6861.11420539805,42.9993,186.4612,88.7234
STARLINK-32961,6861.15278698395,43.0041,184.5801,93.2281
STARLINK-32948,6861.16089262938,43.0121,184.5171,95.0005
STARLINK-32957,6861.15663768655,42.9998,184.631,88.9957
STARLINK-11609 [DTC],6734.47778676013,42.998,30.8502,123.8277
STARLINK-11604 [DTC],6734.38821207784,42.9991,25.2727,105.1136
STARLINK-11605 [DTC],6734.46291650505,42.997,30.8938,138.6209
STARLINK-11610 [DTC],6734.39391936697,42.9981,30.9349,108.3956
STARLINK-11613 [DTC],6734.16883785042,42.9991,25.2313,234.2318
STARLINK-11616 [DTC],6734.4595554901,43.0007,24.4676,105.782
STARLINK-11611 [DTC],6734.55614347118,43.0014,24.5882,86.3611
STARLINK-11628 [DTC],6734.69596853315,43.0008,24.6233,90.0577
STARLINK-11607 [DTC],6734.53757155848,42.9999,24.5015,117.031
STARLINK-11522 [DTC],6734.44131291153,42.9997,24.5431,104.3939
STARLINK-11503 [DTC],6734.59613725377,43.0004,24.2485,264.2224
STARLINK-11579 [DTC],6734.48802707768,43.0005,24.4579,120.7863
STARLINK-11581 [DTC],6734.15653549854,42.9985,25.8192,73.8498
STARLINK-32949,6861.15248755162,42.9952,188.3456,85.8249
STARLINK-32952,6861.13279395939,43.0007,194.6673,91.2078
STARLINK-32936,6861.18289806531,42.9998,194.7082,89.3301
STARLINK-32937,6861.0950690129,43.0022,187.7911,80.8122
STARLINK-32939,6861.29206548258,43.0051,187.7109,93.6154
STARLINK-32919,6861.14242963883,43.0031,190.4001,84.1803
STARLINK-32876,6861.12566753085,42.9857,187.5571,85.436
STARLINK-32915,6861.23391937585,43.0003,193.9672,59.9954
STARLINK-11602 [DTC],6734.41052687548,43.0003,96.6599,61.2117
STARLINK-11617 [DTC],6734.50846495874,43.0008,98.9182,107.8751
STARLINK-11618 [DTC],6734.22073981969,43.0006,95.978,87.4981
STARLINK-11646 [DTC],6734.54431379392,43.0005,99.7296,37.3891
STARLINK-11622 [DTC],6734.17508192275,43.001,96.7081,97.5728
STARLINK-11642 [DTC],6734.59858383046,42.9987,93.8475,126.9125
STARLINK-11639 [DTC],6734.36592890199,42.9998,98.7451,119.5536
STARLINK-11637 [DTC],6734.59784642744,43.0008,94.2437,247.8312
STARLINK-11647 [DTC],6734.39056986983,43.0006,96.0151,86.3527
STARLINK-11643 [DTC],6734.30551918784,43,97.636,95.7351
STARLINK-11635 [DTC],6734.44857791862,42.9983,95.9349,307.8527
STARLINK-11636 [DTC],6734.53749153205,43.0004,98.8711,94.3468
STARLINK-11631 [DTC],6734.2815505845,42.9995,96.743,68.1441
STARLINK-32946,6861.17695726892,43.0033,262.171,41.1384
STARLINK-32960,6861.14700794586,42.9991,256.2556,298.3251
STARLINK-32904,6861.12615560078,43.0057,261.1341,87.0888
STARLINK-32931,6861.0903171257,43.0065,258.3743,84.0915
STARLINK-32934,6861.09991672482,43.0058,261.1849,92.7041
STARLINK-32938,6861.12895526743,42.9992,258.394,106.4751
STARLINK-32935,6861.12124795673,43.0036,256.3518,85.754
STARLINK-32930,6861.17132789711,42.9973,256.3122,89.1305
STARLINK-11654 [DTC],6734.59748915861,42.9988,247.965,33.5202
STARLINK-11659 [DTC],6734.42074407365,43.0019,246.0023,91.6908
STARLINK-11653 [DTC],6734.51014835426,42.9991,252.3459,83.3328
STARLINK-11641 [DTC],6734.48141645238,42.9982,248.1749,148.8871
STARLINK-11638 [DTC],6734.55484589109,42.9966,248.2181,166.9123
STARLINK-11614 [DTC],6734.2514493844,42.9988,248.8613,62.6137
STARLINK-11620 [DTC],6734.44095852144,43.0012,250.5161,102.3812
STARLINK-11619 [DTC],6733.69429355675,42.9984,246.0887,26.7646
STARLINK-11621 [DTC],6734.52144342238,42.998,248.1307,147.0081
STARLINK-11615 [DTC],6734.25899108519,43.0008,249.5834,70.6821
STARLINK-11608 [DTC],6734.44941245255,43.0001,245.9621,67.5277
STARLINK-11623 [DTC],6734.49620964241,43.0061,248.9437,100.806
STARLINK-33660,6861.11193273947,43.0072,55.7732,91.9766
STARLINK-33611,6861.14221404837,43.0027,48.7379,89.7018
STARLINK-33646,6861.13374015885,43.0014,52.1754,86.8615
STARLINK-33665,6861.16918993659,43.0042,52.0053,83.0845
STARLINK-33603,6861.12356853168,43.0024,55.7819,98.6015
STARLINK-33669,6861.13841127493,43.0026,52.0635,79.2448
STARLINK-33673,6861.15376612788,43.0068,47.8291,79.1284
STARLINK-33662,6861.16056924152,43.0053,52.2341,104.0175
STARLINK-33613,6861.155928031,43.004,55.7248,82.8799
STARLINK-33680,6861.09352098069,43.0102,52.1222,246.1898
STARLINK-11568 [DTC],6734.39379647579,43.0098,38.1125,126.9393
STARLINK-11575 [DTC],6734.38924664813,43.0006,38.3223,215.4334
STARLINK-11585 [DTC],6734.45209896766,43.0002,38.1947,99.9941
STARLINK-11587 [DTC],6734.64250826287,43.0021,46.5422,105.5116
STARLINK-11589 [DTC],6734.14659935431,42.9978,39.3011,68.1339
STARLINK-11650 [DTC],6734.39097569605,42.9997,44.5469,112.5939
STARLINK-11648 [DTC],6734.40712305667,42.9987,44.5399,106.707
STARLINK-11640 [DTC],6734.25563889803,42.9995,41.8133,90.6055
STARLINK-11652 [DTC],6734.43861211728,42.9999,38.2775,137.8369
STARLINK-11645 [DTC],6734.60617795006,43.0008,44.2737,22.0922
STARLINK-11633 [DTC],6734.42877210354,43.0007,41.5109,73.5687
STARLINK-11593 [DTC],6734.51395243188,42.9984,38.1501,130.8549
STARLINK-11588 [DTC],6733.90926871108,43.0026,41.6817,80.5572
STARLINK-33671,6861.1119566937,42.9964,199.8551,94.877
STARLINK-33650,6861.14522033913,43.0051,207.6727,92.1656
STARLINK-33689,6861.14604677024,43.0007,202.0741,103.0365
STARLINK-33607,6861.13064405169,43.0065,202.2422,102.3602
STARLINK-33619,6861.1825237708,42.9975,201.9997,80.3477
STARLINK-33612,6861.16641118926,43,205.0054,90.7865
STARLINK-33672,6861.16310244747,42.999,202.1069,93.6889
STARLINK-33625,6861.16115014196,42.9974,194.9433,81.848
STARLINK-33699,6861.15591006504,42.9978,194.8512,86.0751
STARLINK-33674,6861.05426652928,42.9989,204.8801,99.9448
STARLINK-32840,6840.82543863765,53.1605,318.7106,322.2189
STARLINK-32543,6840.93947223416,53.1605,317.7365,133.2458
STARLINK-33741,6840.82421706592,53.1603,318.9995,271.4435
STARLINK-33742,6853.31947939049,53.1622,321.7335,275.687
STARLINK-33734,6853.32027958078,53.1631,331.4617,279.7837
STARLINK-33578,6840.78681226844,53.1602,318.9876,264.0521
STARLINK-33626,6840.79704243718,53.1614,318.8664,280.1963
STARLINK-33657,6840.83662600123,53.16,319.2655,271.295
STARLINK-33648,6848.78340400112,53.1609,321.8578,269.2998
STARLINK-33614,6840.94678117518,53.1592,318.0898,300.3872
STARLINK-33617,6840.95651853401,53.159,318.1535,259.089
STARLINK-33618,6840.82358101662,53.1603,318.732,291.9737
STARLINK-33621,6840.79073848498,53.1624,319.0766,263.8656
STARLINK-33539,6853.30388169793,53.1628,331.8123,272.6482
STARLINK-33634,6853.31470811141,53.1616,321.7098,268.206
STARLINK-33640,6853.2941361709,53.1623,321.7419,269.8769
STARLINK-33636,6829.93459094202,53.1622,320.3111,330.9378
STARLINK-33653,6853.32029450971,53.1616,321.8111,273.9777
STARLINK-33643,6853.29579923786,53.1624,321.7756,272.911
STARLINK-33748,6853.33606248638,53.1612,332.1646,272.3571
STARLINK-33658,6840.81492600532,53.1605,318.9684,260.6587
STARLINK-33616,6853.35104826916,53.1597,332.1645,270.5402
STARLINK-33571,6840.7762700631,53.1595,330.635,283.5462
STARLINK-33533,6840.78538563551,53.1599,318.9421,270.1607
STARLINK-33629,6841.02302835597,53.1603,318.9004,302.8025
STARLINK-33656,6848.72126002591,53.1596,321.2236,320.9615
STARLINK-33531,6861.15267319966,43.0019,282.966,77.0582
STARLINK-33652,6861.13803399218,43.0012,279.4508,112.093
STARLINK-33707,6861.19760937703,43.0209,282.9492,243.1163
STARLINK-33668,6861.13813280432,42.9997,285.2898,271.2063
STARLINK-33676,6861.12964395592,43.0051,282.9296,85.3215
STARLINK-33711,6861.14364832413,43.0029,279.4459,88.0437
STARLINK-33708,6861.14805296273,42.9932,279.6278,235.423
STARLINK-33690,6861.14683726979,43.0028,275.9491,90.2568
STARLINK-33694,6861.12806895554,43.0038,279.5707,74.9735
STARLINK-33692,6861.01759361775,43.0013,286.6765,78.641
STARLINK-33693,6861.17478337184,43.0015,279.7042,86.5128
STARLINK-33677,6861.18053252488,42.9925,279.6428,89.0456
STARLINK-33647,6861.03939130491,43.0036,288.044,91.6668
STARLINK-33645,6861.14851109345,42.9981,288.5154,79.2765
STARLINK-33670,6861.14260330894,43.0011,282.907,97.3878
STARLINK-33644,6861.17864907706,43.001,280.2898,92.514
STARLINK-33664,6861.1413846241,43.001,279.6367,64.8964
STARLINK-33649,6861.15249653459,43.0064,279.5258,116.657
STARLINK-33535,6861.13373716455,43,279.5993,99.2668
STARLINK-33703,6861.16987863517,43.0082,288.6342,93.0046
STARLINK-33709,6861.18723988531,43.0033,281.5266,215.2663
STARLINK-33698,6861.14351657434,42.9965,279.4557,95.7306
STARLINK-33606,6861.04138544263,42.996,279.5988,107.7071
STARLINK-33686,6861.1536703095,43.0058,285.2183,98.2895
STARLINK-33675,6861.1486937469,43.0113,284.9824,243.1148
STARLINK-33655,6861.15047237293,43.0048,285.7557,91.6104
STARLINK-33608,6861.20384666164,42.9985,279.6417,89.7593
STARLINK-33615,6861.14704687198,43.0088,283.1495,92.352
STARLINK-33682,6796.89657212929,53.1611,46.3749,297.9222
STARLINK-33710,6796.86800079912,53.1599,45.8821,272.3648
STARLINK-33733,6796.92557369647,53.1602,45.8963,259.6676
STARLINK-33638,6796.83228194052,53.1602,45.8894,267.7255
STARLINK-33726,6796.65155106716,53.1608,45.8032,291.1169
STARLINK-33681,6796.90554222599,53.1601,45.8176,289.1135
STARLINK-33730,6796.93922056757,53.1589,46.2912,325.492
STARLINK-33743,6796.73956659547,53.1604,46.4768,288.2529
STARLINK-33715,6796.65517738166,53.1597,45.7738,255.4491
STARLINK-33762,6796.85970057544,53.1606,45.7801,244.8307
STARLINK-33753,6795.87925922511,53.1596,55.5808,255.4479
STARLINK-33747,6795.45564586793,53.1593,46.2679,4.2688
STARLINK-33659,6796.85083006841,53.159,45.9184,268.5107
STARLINK-33746,6827.502313489,53.1596,45.9536,130.8056
STARLINK-33799,6853.31098783323,53.1601,50.9347,274.6381
STARLINK-33797,6806.45478467566,53.1598,46.2881,314.0868
STARLINK-33798,6810.11973897935,53.1591,46.2163,334.2684
STARLINK-33736,6796.83927768755,53.1594,45.99,306.4202
STARLINK-33740,6796.8496689788,53.16,45.8126,311.5752
STARLINK-33763,6840.87813615646,53.1597,46.0164,91.9985
STARLINK-33784,6853.3443152564,53.16,50.923,264.2926
STARLINK-33768,6840.76625396539,53.1594,46.0374,25.4592
STARLINK-33761,6831.08752589233,53.1604,45.8429,181.8977
STARLINK-33737,6796.68252111853,53.16,46.3262,263.1205
STARLINK-33795,6796.80035091241,53.161,46.4189,273.1725
STARLINK-33756,6807.81254686702,53.1591,46.0626,68.3967
STARLINK-33780,6801.94498281905,53.1599,46.314,334.8545
STARLINK-33679,6861.16037460995,43.008,73.5831,78.1984
STARLINK-33706,6861.05151484623,43.0055,84.659,93.6091
STARLINK-33691,6861.11008227578,43.0032,80.9456,84.2325
STARLINK-33696,6861.17875687372,42.9996,73.3892,91.4176
STARLINK-33701,6861.09087705149,43.0037,84.6857,87.6087
STARLINK-33685,6861.13802800356,43.0019,73.4749,94.5736
STARLINK-33654,6861.18429643003,42.9991,73.3942,84.4488
STARLINK-33697,6861.17280710326,43.0003,73.4286,92.145
STARLINK-33720,6861.15068796404,42.9991,73.4257,91.2359
STARLINK-33587,6861.12372124056,42.9891,73.2994,77.6117
STARLINK-33637,6861.13857895616,43.0038,76.2195,81.5636
STARLINK-33744,6861.12664367081,43.0032,73.5163,85.1681
STARLINK-33766,6861.12996135154,42.9885,84.6615,198.4449
STARLINK-33765,6861.13633622046,43.0086,75.6661,337.4483
STARLINK-33735,6861.14218111094,42.9994,73.3087,88.3238
STARLINK-33731,6861.08636471162,43.0002,81.7344,227.6401
STARLINK-33718,6861.1975375121,42.9824,75.4138,107.4892
STARLINK-33630,6861.16756400974,42.9955,69.8465,88.3987
STARLINK-33695,6861.12918882264,42.9994,69.7428,87.9436
STARLINK-33713,6861.16427323257,42.9948,69.7728,78.7701
STARLINK-33721,6861.21317416844,43.0009,69.7973,87.5142
STARLINK-33639,6861.16530328433,43.0077,69.9377,97.4282
STARLINK-33688,6861.23250002497,43.0028,70.8597,103.0355
STARLINK-33700,6861.15565255294,42.9938,73.3112,82.8313
STARLINK-33687,6861.18289806531,43.0008,75.399,83.7164
STARLINK-33716,6861.17019603545,42.9983,73.2754,80.8443
STARLINK-33754,6861.15777253695,42.997,73.4251,104.0225
STARLINK-33828,6837.83335901454,53.1634,46.4244,265.7355
STARLINK-33819,6817.79646638119,53.1584,64.5949,289.2379
STARLINK-33845,6853.2354129381,53.1591,47.987,269.584
STARLINK-33829,6848.8162829312,53.1596,48.0642,255.0067
STARLINK-33815,6848.81523366097,53.1613,48.0362,271.5068
STARLINK-33833,6848.95610476492,53.1597,48.086,254.9212
STARLINK-33534,6848.88742856339,53.161,47.8308,287.2874
STARLINK-33838,6853.26927985949,53.159,48.013,263.3985
STARLINK-33837,6848.81318579666,53.1596,48.423,264.0173
STARLINK-33818,6853.35111694299,53.1594,47.9921,272.5841
STARLINK-33583,6796.97560475927,53.1598,55.1599,178.0764
STARLINK-33811,6853.31971825324,53.1613,48.5703,294.3769
STARLINK-33825,6853.34646205557,53.1612,47.9293,254.8141
STARLINK-33792,6853.28780338836,53.1609,47.9635,284.0649
STARLINK-33843,6853.31322716539,53.1596,48.0423,269.7986
STARLINK-33809,6853.33388583736,53.1589,47.9682,269.6533
STARLINK-33678,6848.91900306643,53.1608,47.7626,306.5869
STARLINK-33764,6853.31546052783,53.1613,48.5534,272.5484
STARLINK-33804,6848.83281197122,53.1597,47.9634,268.2778
STARLINK-33751,6848.77510235723,53.1611,47.9084,290.8479
STARLINK-33750,6848.83204289915,53.161,47.8483,261.317
STARLINK-33786,6853.34985095615,53.1618,48.5033,276.8239
STARLINK-33796,6853.29194164064,53.16,47.9323,260.3141
STARLINK-33785,6848.81921015879,53.16,47.9329,283.4769
STARLINK-33803,6853.31451403577,53.1593,47.9731,268.8666
STARLINK-33807,6809.79973503095,53.161,46.2463,345.8647
STARLINK-33787,6853.33538769514,53.159,50.2484,267.0182
STARLINK-11669 [DTC],6734.38621152867,43.0046,293.8725,94.6484
STARLINK-11665 [DTC],6734.24361906943,43.0037,289.4875,103.5489
STARLINK-11667 [DTC],6734.44307628871,42.9966,291.9598,72.6252
STARLINK-11695 [DTC],6734.3671863804,43.0016,295.0306,104.6259
STARLINK-11685 [DTC],6734.58477041903,42.9985,290.1272,85.424
STARLINK-11697 [DTC],6734.37018146768,42.9986,295.1498,116.7958
STARLINK-11680 [DTC],6734.4640025482,42.9992,289.6145,98.075
STARLINK-11626 [DTC],6734.55368264251,43.0011,289.7426,98.1369
STARLINK-11668 [DTC],6734.55003856239,42.9994,289.6983,96.6362
STARLINK-11657 [DTC],6734.45692326959,43.0015,289.5709,101.4938
STARLINK-11606 [DTC],6734.61378924006,43.0003,294.9232,219.8322
STARLINK-11592 [DTC],6734.17340445201,43,289.4444,272.387
STARLINK-32953,6861.10237501808,43.0025,86.5717,171.0394
STARLINK-32951,6861.10363560537,43.0035,86.5163,108.8952
STARLINK-32958,6861.09417073491,43.0022,83.8794,97.6203
STARLINK-32928,6861.16710587583,43.0071,83.7576,99.4839
STARLINK-32687,6861.07513329934,42.9956,86.5016,225.6923
STARLINK-32950,6861.09565888227,43.003,85.8754,90.7661
STARLINK-32954,6861.15373917896,43.0054,83.7837,96.1263
STARLINK-32940,6861.09378447547,42.9936,83.8225,95.763
STARLINK-32959,6861.06048851701,43.0034,138.1088,92.6351
STARLINK-32956,6861.07119887252,43.0075,145.4272,79.9615
STARLINK-33722,6861.15302652983,43.0032,136.4697,118.0942
STARLINK-33739,6861.17224117207,43.0083,134.5197,82.048
STARLINK-33683,6861.14328301791,43.0108,134.5073,90.5572
STARLINK-33732,6861.12390988094,43.0079,139.9527,94.5777
STARLINK-33800,6861.16524938626,43.0066,134.2146,214.1684
STARLINK-33632,6861.1373542845,43.0056,134.4865,94.5941
STARLINK-33719,6861.16904920255,42.9981,134.2784,89.6241
STARLINK-33755,6861.16302459477,42.9929,134.2039,93.6448
STARLINK-33752,6861.23474882808,42.9997,134.3884,95.9987
STARLINK-33714,6861.10218637918,42.9939,139.7547,80.8324
STARLINK-33814,6861.1313357349,43.0045,141.9258,108.7371
STARLINK-33817,6861.17012417123,42.9996,136.7049,96.1824
STARLINK-33820,6861.12366434902,43.005,136.2764,176.5253
STARLINK-33813,6861.14514847557,43.0044,136.2862,96.506
STARLINK-33834,6861.1326143013,43.005,136.5482,20.5133
STARLINK-33830,6861.20652663226,42.9968,134.3148,96.8112
STARLINK-33651,6861.04971532486,42.9984,134.3236,81.0191
STARLINK-33788,6861.15534413733,42.9934,134.4568,93.6487
STARLINK-33805,6861.15113411793,42.9984,134.5199,86.9659
STARLINK-33702,6861.14899617313,43.0045,139.7143,91.3584
STARLINK-33666,6861.11613671017,43.0059,134.4126,93.4406
STARLINK-33723,6861.15464945374,42.9978,134.2204,86.8301
STARLINK-33791,6861.23268867283,43.0033,134.4312,89.2567
STARLINK-33831,6861.16320126052,42.994,134.1895,83.8007
STARLINK-33879,6861.16880666093,42.9928,177.5321,83.5596
STARLINK-33854,6861.17162433715,43.0017,176.8538,83.2965
STARLINK-33864,6861.11916393238,43.0015,179.7738,65.335
STARLINK-33832,6861.15361341733,43.0054,176.793,95.3343
STARLINK-33856,6861.1614465809,43.0034,176.8641,94.3609
STARLINK-33876,6861.14113310199,42.9986,185.0966,81.209
STARLINK-33859,6861.16268922932,42.9926,177.5567,90.4266
STARLINK-33826,6861.15826061259,43.0007,176.8897,91.7559
STARLINK-33836,6861.12362841752,42.9929,177.483,84.3586
STARLINK-33558,6861.17098055327,43.0089,176.8139,98.1087
STARLINK-33852,6861.08385553048,42.9897,177.4706,77.1904
STARLINK-33835,6861.12640113293,42.9999,179.5873,225.6128
STARLINK-33661,6861.196408634,43.0021,176.897,101.4951
STARLINK-33729,6861.14354052885,42.994,177.5224,89.0879
STARLINK-33717,6861.14938543467,43.0071,176.834,90.0915
STARLINK-33684,6861.11404969542,43.004,176.7763,91.5914
STARLINK-33704,6861.30784042416,43,176.0779,227.8397
STARLINK-33705,6861.15068796404,42.9969,176.9043,97.9324
STARLINK-33663,6861.1691330441,43.0008,176.8446,90.4635
STARLINK-33866,6861.17701116721,42.9987,177.4506,85.8627
STARLINK-33849,6861.06735727249,42.9937,179.6458,29.1372
STARLINK-33873,6861.17643325776,43.0011,177.4414,89.8797
STARLINK-33772,6861.12507166644,42.9995,179.5301,85.996
STARLINK-33789,6861.1778495853,43.001,176.8874,134.4806
STARLINK-33822,6861.13530019097,43.001,185.1757,86.0631
STARLINK-33771,6861.1674322588,43.0011,180.4226,91.2149
STARLINK-33810,6861.17204055099,43.0019,176.8222,88.8655
STARLINK-33823,6861.11702601249,43.0107,185.1565,86.3728
STARLINK-11651 [DTC],6734.52149200957,43.0031,51.764,96.1264
STARLINK-11672 [DTC],6734.2336483108,43.0024,51.7216,82.2043
STARLINK-11666 [DTC],6734.46634611647,43.0007,58.3186,98.4783
STARLINK-11663 [DTC],6734.56547806352,43.0014,58.2755,93.2419
STARLINK-11595 [DTC],6734.47065028497,42.9984,58.2316,166.7205
STARLINK-11599 [DTC],6734.55080453333,42.998,53.207,127.4394
STARLINK-11603 [DTC],6734.61734766128,43.0024,55.4626,63.586
STARLINK-11644 [DTC],6734.52920595111,43.0002,51.9714,122.6363
STARLINK-11634 [DTC],6734.52914878955,43.0002,51.9269,109.7781
STARLINK-11656 [DTC],6733.99898748876,43.0012,55.3331,74.8544
STARLINK-11655 [DTC],6734.35363136574,42.9991,51.8408,107.6933
STARLINK-11661 [DTC],6734.52826278553,42.9999,51.7971,110.3304
STARLINK-33816,6861.10712093761,42.998,201.7634,89.3584
STARLINK-33861,6861.14402860196,43.0004,202.5446,83.2031
STARLINK-33850,6861.14431006748,43.0135,204.6155,84.6543
STARLINK-33887,6861.15499978984,42.9988,204.3735,83.3764
STARLINK-33886,6861.15509560827,42.9997,204.344,92.5594
STARLINK-33840,6861.12684428857,42.9991,202.5102,94.1854
STARLINK-33853,6861.16346775632,43.0079,202.2297,233.049
STARLINK-33847,6861.16169211621,43.0064,202.4308,96.918
STARLINK-33880,6861.11750210375,42.9986,202.528,73.6193
STARLINK-33894,6840.84742999433,53.1589,127.6426,280.735
STARLINK-33922,6853.36873631583,53.1595,129.0769,268.7361
STARLINK-33919,6853.4111206125,53.1589,131.8526,263.5831
STARLINK-33908,6853.33496968295,53.1587,129.1789,274.121
STARLINK-33950,6848.7959504112,53.1594,129.1689,267.4264
STARLINK-33939,6848.85360680776,53.1582,128.9931,264.4106
STARLINK-33868,6853.29243727589,53.1582,131.3275,272.2896
STARLINK-33937,6853.34241628107,53.1593,129.0542,270.9659
STARLINK-33848,6853.34154442491,53.1586,129.1259,258.8144
STARLINK-33995,6853.33761211822,53.1579,129.6844,287.4882
STARLINK-33982,6853.35968028443,53.159,129.1626,280.7245
STARLINK-33915,6853.34738467214,53.1567,131.3618,284.0822
STARLINK-33862,6853.46366073202,53.1573,131.3222,266.6964
STARLINK-33920,6848.8599889703,53.1594,129.1111,277.3866
STARLINK-33580,6848.82687104418,53.1586,129.1383,308.1888
STARLINK-33783,6848.88496331114,53.1588,131.1749,287.2346
STARLINK-33773,6848.85907680603,53.1571,130.6386,274.2674
STARLINK-33745,6853.36900504125,53.1604,131.2134,262.0389
STARLINK-33728,6853.3631587763,53.159,129.1333,257.2882
STARLINK-33749,6848.85352632285,53.1588,129.0758,272.421
STARLINK-33725,6853.28912607582,53.1585,131.2803,281.2304
STARLINK-33641,6848.82053069121,53.1582,128.9549,282.1207
STARLINK-33727,6840.85956558958,53.1594,129.7549,260.5118
STARLINK-33757,6853.35149315617,53.1579,131.3437,262.5226
STARLINK-33774,6848.91288011226,53.1589,129.0213,260.8932
STARLINK-33767,6853.36035209582,53.1585,129.1426,290.4864
STARLINK-33806,6853.38157843472,53.1577,131.3047,273.0535
STARLINK-11677 [DTC],6734.59140987941,43.0016,73.3909,101.7782
STARLINK-11702 [DTC],6734.64354578902,43.002,67.8128,87.8559
STARLINK-11706 [DTC],6734.51280634933,43.0014,66.9158,97.531
STARLINK-11662 [DTC],6734.44984400959,43.0002,65.9816,108.0279
STARLINK-11681 [DTC],6734.34482049989,43.0001,71.815,107.5814
STARLINK-11688 [DTC],6734.52745394985,43.0024,67.0844,110.4415
STARLINK-11676 [DTC],6734.42537111964,43.0002,68.7474,79.4334
STARLINK-11705 [DTC],6734.57124574881,42.9981,66.7911,77.1981
STARLINK-11703 [DTC],6734.67360563918,43.0029,67.3828,74.9299
STARLINK-11701 [DTC],6734.38276772967,42.9898,68.7879,88.0722
STARLINK-11660 [DTC],6734.70232244142,43.0017,66.1924,103.7345
STARLINK-11699 [DTC],6734.27738103524,42.9978,71.8979,106.9151
STARLINK-11693 [DTC],6733.81039806747,42.9985,68.9232,63.8601
STARLINK-33760,6861.18461383198,42.9935,216.7167,81.6163
STARLINK-33941,6861.17543015096,42.9955,216.7366,85.4702
STARLINK-33824,6861.18686559022,43.0029,216.8663,86.299
STARLINK-33808,6861.16621955162,42.995,216.6456,85.0391
STARLINK-33844,6861.15756293394,43.0039,235.341,136.4632
STARLINK-33907,6861.18813819376,42.9946,216.689,84.8843
STARLINK-33884,6861.12829652208,43.002,218.7308,199.2336
STARLINK-33841,6861.09834473577,42.9996,218.7842,74.0689
STARLINK-33769,6861.16054828119,43.001,217.6028,101.0027
STARLINK-33914,6861.13026377571,43.0015,212.5342,91.0677
STARLINK-33932,6861.15442487934,43.0047,223.6577,129.8665
STARLINK-33930,6861.15328104736,43.0066,223.9264,85.523
STARLINK-33911,6861.13100935622,42.9968,216.6711,92.2035
STARLINK-33938,6861.23844393601,43.0034,223.7851,99.5059
STARLINK-33881,6861.13615955644,43.0004,232.099,87.6738
STARLINK-33846,6861.07067488156,43.0025,229.43,100.2071
STARLINK-33883,6861.15277500665,43.0035,223.8625,96.0272
STARLINK-33842,6861.14638512797,42.9931,223.7567,91.9558
STARLINK-33892,6861.16317730584,43.0019,223.7472,99.7417
STARLINK-33933,6861.18124518115,43.0016,216.7981,120.0657
STARLINK-33923,6861.16577040095,43.0053,223.7944,90.0967
STARLINK-33947,6861.05256880938,43.0115,223.9684,75.249
STARLINK-33882,6861.17073202279,42.9963,223.7301,87.0875
STARLINK-33875,6861.16653994581,42.9973,223.6416,79.5894
STARLINK-33869,6861.15806897552,42.9981,223.5925,76.0979
STARLINK-33935,6861.22615787112,43.0025,223.9334,68.7135
STARLINK-33916,6861.11033080077,43.0084,223.903,80.4082
STARLINK-33925,6861.16909711201,42.9966,223.6219,81.9436
STARLINK-33870,6861.13622842546,42.9955,225.7886,84.8194
STARLINK-33867,6861.17559184576,43.001,229.3782,90.4012
STARLINK-33918,6861.10180011861,43.0166,223.8514,92.5602
STARLINK-33712,6861.15104129396,42.9951,227.331,86.2085
STARLINK-33827,6861.15096943024,43.0006,223.7642,92.4176
STARLINK-33899,6861.09708714517,42.9964,223.6985,81.5608
STARLINK-33900,6861.16854615328,42.9981,223.6674,81.177
STARLINK-33975,6861.0684471725,43.0026,225.7815,174.0564
STARLINK-33951,6861.15617955447,42.9948,225.8174,200.05
STARLINK-33909,6861.18692847179,43.0034,347.7929,86.6475
STARLINK-34029,6861.12800308102,43.0058,347.7498,95.431
STARLINK-34102,6861.12084073346,43.0119,344.417,19.5636
STARLINK-34109,6861.13599187535,43.0008,344.0938,78.507
STARLINK-34091,6861.04390356755,42.9979,344.2858,242.295
STARLINK-34095,6861.16032370631,43.0037,347.7839,85.9716
STARLINK-34127,6861.16360849007,43.0011,343.4149,85.1662
STARLINK-34101,6861.17548105488,42.9847,346.9505,161.0427
STARLINK-34065,6861.14870572418,43.0039,340.5202,84.2234
STARLINK-34057,6861.14401662471,43.0091,344.0546,83.6802
STARLINK-34060,6861.16976485018,43.0035,344.0637,88.4359
STARLINK-34048,6861.16933965366,43.0015,344.4056,96.1572
STARLINK-33959,6861.16485113947,43.0075,346.9346,82.7307
STARLINK-34058,6861.18792559407,43.0071,346.9875,68.2905
STARLINK-34055,6848.63927493982,43.0058,344.08,70.2067
STARLINK-33794,6861.14358544355,43.0111,344.3294,97.5654
STARLINK-34047,6861.1638390539,43.0077,347.6207,250.4953
STARLINK-34094,6861.15063107194,43.0038,344.2135,81.4164
STARLINK-34043,6861.15300257524,43.0081,343.3655,92.8295
STARLINK-34025,6861.1349618346,43.004,352.5074,82.8275
STARLINK-33874,6861.13650090726,43.004,344.2591,78.0097
STARLINK-33781,6861.13530917388,43.0033,344.3909,86.4574
STARLINK-33891,6861.17907128067,42.9984,347.7604,98.3825
STARLINK-33903,6861.12514951807,43.0069,344.2162,159.045
STARLINK-33889,6861.09245801904,43.0006,344.1114,100.3468
STARLINK-33984,6861.1252692898,43.0009,344.1605,88.8763
STARLINK-33940,6861.19281239679,42.9995,347.5749,93.7144
STARLINK-33978,6861.10850129808,42.9994,344.132,84.2341
STARLINK-34018,6861.07443264757,43.0015,248.8291,90.2341
STARLINK-34053,6861.12405360695,42.9935,248.8052,91.7835
STARLINK-34042,6861.05568578799,43.0104,258.3708,247.7453
STARLINK-34040,6861.06037473655,42.9965,248.7053,83.0358
STARLINK-33990,6861.22902651113,42.9952,248.7127,80.4877
STARLINK-34056,6861.16931270458,42.9985,254.4128,88.0123
STARLINK-34026,6861.17576252362,43.0043,254.4211,93.4835
STARLINK-33777,6861.04443354182,43.0043,250.8139,229.2948
STARLINK-34041,6861.16644412699,43.0025,248.9178,89.5428
STARLINK-34011,6861.17273224463,43.003,248.9844,68.4303
STARLINK-34044,6861.14356448335,42.994,250.8178,208.5384
STARLINK-34037,6861.11485515717,42.9928,248.6846,74.8442
STARLINK-34010,6861.17716387906,43.0017,248.7313,87.8812
STARLINK-34009,6861.18097868361,42.9969,245.422,271.9766
STARLINK-33958,6861.12956011557,43.0016,248.9276,92.9302
STARLINK-33776,6861.22034873456,43.0004,248.634,82.4093
STARLINK-34032,6861.16448882477,42.9977,248.6352,78.6654
STARLINK-34015,6861.17767291861,42.9962,248.9263,119.1062
STARLINK-33969,6861.15207433507,42.9961,248.6924,89.2402
STARLINK-34002,6861.16265629164,42.9932,248.7639,92.994
STARLINK-33999,6861.18090981347,43.0033,248.6384,80.7565
STARLINK-33976,6861.17247473096,42.9991,248.7073,90.1283
STARLINK-33821,6861.12975474495,42.99,252.4956,283.8874
STARLINK-33888,6861.16743525314,42.999,250.9834,53.1538
STARLINK-33896,6861.16354560903,42.9985,248.8115,91.3232
STARLINK-33878,6861.16239877891,42.9941,252.4828,290.5794
STARLINK-33954,6861.14198348636,43.0022,248.873,92.6396
STARLINK-33863,6950.15547603674,70.0015,349.4888,94.127
STARLINK-33897,6950.17226768854,70.0014,349.3833,92.3911
STARLINK-34022,6950.17130904639,70.0017,349.4215,92.7316
STARLINK-33979,6950.14500836405,70.0014,349.3983,94.6124
STARLINK-34007,6950.16928043699,70.0011,349.4716,91.5237
STARLINK-34006,6950.17619194002,70.0015,349.1548,89.6077
STARLINK-33986,6950.1795595645,70.0015,349.3492,93.9751
STARLINK-34013,6950.16680652509,70.001,349.1458,93.2459
STARLINK-34059,6950.19693273704,70.0016,349.4585,89.9931
STARLINK-33987,6950.16953401308,70.0012,349.3392,89.8688
STARLINK-34052,6950.17412931069,70.0016,349.4403,98.6779
STARLINK-34023,6950.14902225574,70.0014,349.3236,90.4618
STARLINK-33778,6950.18019659952,70.002,349.3926,95.5055
STARLINK-33901,6950.19238997282,70.0015,349.4485,91.9603
STARLINK-33812,6950.1798873592,70.0017,349.3621,91.0226
STARLINK-33779,6950.17394995169,70.0018,349.4273,93.7771
STARLINK-33905,6950.14497434805,70.0015,349.1125,96.7658
STARLINK-34003,6793.57135858896,69.9998,303.1651,243.5456
STARLINK-33968,6950.16950308917,70.0018,349.4662,94.4347
STARLINK-33943,6950.17068747536,70.0016,349.0968,92.4461
STARLINK-33858,6950.17924104704,70.0014,349.3506,90.8636
STARLINK-33885,6950.17486530119,70.0014,349.1232,90.8671
STARLINK-33904,6950.17606205926,70.0017,349.1074,90.6357
STARLINK-33981,6950.18210152066,70.0015,349.4076,91.1954
STARLINK-33738,6950.17844939216,70.0018,349.34,90.9163
STARLINK-34116,6861.13559962141,43.0041,348.1084,83.7291
STARLINK-34123,6861.15108022014,43.0088,348.224,81.2876
STARLINK-33972,6861.1349678232,43.003,351.0023,96.5766
STARLINK-33973,6861.04180163672,43.0044,347.4076,241.5136
STARLINK-34119,6861.14688817318,43.0002,348.1526,79.9058
STARLINK-34143,6861.15357748544,43.0066,350.9136,95.3323
STARLINK-33957,6861.14557965697,43.0015,348.1839,94.2125
STARLINK-34120,6861.11498091702,42.9995,347.3747,94.2959
STARLINK-34134,6861.10476444531,43.0091,348.0781,81.984
STARLINK-34118,6861.15022084999,43.0041,348.1245,87.2145
STARLINK-34125,6861.22876000896,43.0037,350.9717,99.3872
STARLINK-33955,6861.13053026832,43.0066,347.4241,102.4116
STARLINK-34097,6861.14445080025,42.9984,350.8933,96.6196
STARLINK-34092,6861.1569550853,43.0044,353.7039,150.9497
STARLINK-34114,6861.12891634156,43.0019,348.2246,80.6897
STARLINK-33770,6861.15424521984,43.0104,350.8097,338.7513
STARLINK-34106,6861.15534413733,43.0084,347.4566,90.5047
STARLINK-34083,6861.13549182645,43.0033,348.1939,88.1638
STARLINK-34066,6861.06200359412,43.0066,348.0861,87.5353
STARLINK-34071,6861.16583927071,42.9989,348.1295,106.7864
STARLINK-34038,6861.16195561753,43.0059,350.9793,92.4649
STARLINK-34031,6861.15218811933,43.002,351.008,89.4103
STARLINK-34070,6861.14696901974,43.0038,350.9491,79.9005
STARLINK-34068,6861.17806517856,43.0247,347.542,299.9342
STARLINK-34076,6861.16304854945,43.0022,350.918,70.9046
STARLINK-33910,6861.13403360053,43.0007,347.431,92.8327
STARLINK-34075,6861.14470831129,43.0045,347.5154,80.329
STARLINK-34012,6950.15889929896,70.0019,29.431,90.6303
STARLINK-33956,6950.17734231266,70.0024,29.0961,93.9226
STARLINK-33997,6950.18010691982,70.002,29.4661,91.0078
STARLINK-33989,6950.16748375826,70.002,29.3849,90.0583
STARLINK-33980,6950.16207517472,70.0022,29.4596,82.7195
STARLINK-33994,6950.1626812819,70.0021,29.3699,91.0646
STARLINK-33971,6950.17447256674,70.0021,29.4455,89.4986
STARLINK-33877,6950.17875553991,70.0016,29.1019,90.4641
STARLINK-33895,6950.17515289417,70.0022,29.1414,92.4192
STARLINK-34005,6950.16394297482,70.0019,29.4511,91.4097
STARLINK-34027,6950.20044573066,70.0023,29.0819,88.7746
STARLINK-34035,6950.20589149802,70.0019,29.3527,92.9864
STARLINK-33988,6950.17535699243,70.0019,29.3997,92.0991
STARLINK-34020,6950.21193411666,70.0032,29.1245,94.714
STARLINK-34021,6950.17607442886,70.0019,29.4648,90.7058
STARLINK-34004,6950.13049593652,70.0019,29.1482,94.0212
STARLINK-34014,6950.16890007289,70.0018,29.1674,90.0459
STARLINK-33985,6950.19182406058,70.0021,29.1053,92.535
STARLINK-33996,6950.11718031746,70.005,29.402,108.2806
STARLINK-34036,6950.21733351986,70.0018,29.4298,89.8058
STARLINK-34039,6950.1878379388,70.002,29.4146,90.6513
STARLINK-34034,6950.1728366892,70.0018,29.4133,94.173
STARLINK-33983,6950.17414786507,70.0017,29.1678,90.7038
STARLINK-33993,6950.18168095354,70.002,29.0855,92.821
STARLINK-33962,6950.20035605031,70.0018,29.1231,87.5474
STARLINK-33998,6950.19546074456,70.0022,29.1395,89.6583
STARLINK-34159,6861.14230088341,42.9995,351.451,77.8436
STARLINK-34137,6861.1314525126,43.0037,347.9881,81.6795
STARLINK-33974,6861.14551677635,43.013,348.1877,95.4473
STARLINK-34170,6861.13945628852,43.0073,351.4833,219.86
STARLINK-34187,6861.12201449482,43.0053,348.1103,89.2732
STARLINK-34142,6861.11750210375,43.0098,348.0836,72.1196
STARLINK-34144,6861.10640530631,43.0015,359.1231,73.1539
STARLINK-34099,6861.13549482075,43,348.1371,79.356
STARLINK-34107,6861.16703700604,43.0076,350.2347,81.3487
STARLINK-34121,6861.15253845512,43.001,347.9709,63.4689
STARLINK-34103,6861.24389378011,43.001,350.8908,101.9186
STARLINK-33801,6861.09748238787,43.0082,350.8324,106.1904
STARLINK-34135,6861.15310737657,43.0031,350.8638,89.8447
STARLINK-34147,6861.17625060246,43.0074,356.3419,92.0529
STARLINK-33960,6861.10089584989,43.0029,350.7728,78.2346
STARLINK-34153,6861.15069694701,43.0078,347.3982,68.7114
STARLINK-33963,6861.13615356783,43.0022,347.4251,97.0033
STARLINK-34112,6861.13470731877,43.0086,347.3678,60.7831
STARLINK-34084,6861.1456814637,42.9997,350.6619,94.5222
STARLINK-34138,6861.09976401727,42.9945,355.5428,201.0079
STARLINK-34115,6861.05286224237,43.0028,347.352,80.0453
STARLINK-34028,6861.1841077855,43.0046,344.6181,89.9631
STARLINK-33942,6861.16539610878,42.998,344.5882,90.726
STARLINK-34139,6861.1258382056,43.0056,344.5615,92.2699
STARLINK-34090,6861.13036558187,42.9978,350.0653,89.556
STARLINK-34105,6861.14554073087,43.0007,344.5065,83.0089
STARLINK-33642,6861.16507870906,43.0084,344.4487,84.0285
STARLINK-34045,6861.10048563537,43.0039,344.4164,81.3159
STARLINK-33871,6861.11627444722,43.0023,170.2135,92.1017
STARLINK-34154,6861.10561781268,43.0036,170.0038,217.1935
STARLINK-34158,6861.07990911419,42.9906,169.9769,78.0297
STARLINK-34165,6861.13402761192,43.0037,172.0711,199.4311
STARLINK-34150,6861.17045354891,43.0013,170.1605,70.1201
STARLINK-34169,6861.12675146543,42.9925,169.9276,78.7347
STARLINK-34152,6861.16280900269,42.993,169.9768,86.9988
STARLINK-33927,6861.09197893787,43.0004,172.8672,85.9721
STARLINK-33898,6861.16820479847,43.0061,170.2257,90.6653
STARLINK-33928,6861.13374015885,43.002,177.5697,85.224
STARLINK-33758,6861.15796716833,42.9949,170.0857,101.5172
STARLINK-33936,6861.19039294926,43.0013,169.9606,106.7052
STARLINK-33931,6861.22315448609,43.0033,172.0381,86.2487
STARLINK-33759,6861.19014441702,43.0088,169.9023,225.0384
STARLINK-34163,6861.17928986839,43.0036,170.1256,91.2043
STARLINK-34077,6861.15002023052,42.9947,171.7313,80.6194
STARLINK-34113,6861.17363953137,43.0021,170.1835,86.1243
STARLINK-34193,6861.1741575533,43.0035,170.1727,92.8093
STARLINK-34078,6861.19163561078,42.9982,169.865,95.8735
STARLINK-34182,6861.07639986259,42.999,173.7514,80.5119
STARLINK-34192,6861.15815581107,43.0026,170.239,85.1372
STARLINK-34093,6861.14683427547,43.009,169.9178,215.1707
STARLINK-34016,6861.22859831102,42.999,168.7649,76.9128
STARLINK-34161,6861.17058529999,42.9917,169.9396,81.5301
STARLINK-34162,6861.22826593196,43.002,170.0375,102.6302
STARLINK-34155,6861.17578947275,43.005,170.1006,85.8757
STARLINK-34141,6861.13837534323,42.9917,170.0676,92.7864
STARLINK-34062,6860.98764004544,43.0025,169.9031,99.7592
STARLINK-34051,6950.18300450322,69.9999,229.3485,91.1933
STARLINK-34087,6950.20954057015,70.0002,229.4048,90.5178
STARLINK-34184,6950.17838445173,70.0002,229.2841,89.5718
STARLINK-34088,6950.17686917547,70.0005,229.4294,92.4995
STARLINK-33992,6950.17797316237,70.0003,230.3046,90.7142
STARLINK-33967,6950.18131914218,70.0001,229.3435,91.2087
STARLINK-33953,6950.18057696516,70.0003,229.239,90.2006
STARLINK-33790,6950.18181083456,70.0004,229.385,91.0586
STARLINK-34030,6950.22217938493,70.0005,229.4338,95.1118
STARLINK-34024,6950.18657314262,70.0005,230.2162,94.6466
STARLINK-34019,6950.18444865743,70.0003,229.2684,90.7323
STARLINK-33860,6950.17825457087,69.9999,229.3128,89.0876
STARLINK-33946,6950.16609218344,70.0006,229.3321,90.6761
STARLINK-34046,6950.17570024863,70.0003,230.1694,90.4287
STARLINK-34085,6950.23396782966,70.0006,232.5542,178.238
STARLINK-34008,6950.21292678966,70.0006,229.3537,88.8778
STARLINK-34079,6950.18010382742,70.0004,229.2523,90.4718
STARLINK-34089,6950.17654756592,70.0002,230.2986,90.1829
STARLINK-34117,6950.17688772987,70.0004,229.4126,90.4913
STARLINK-34111,6950.20038388214,70.0009,230.209,93.8088
STARLINK-34049,6950.14800486662,70,230.2878,91.8007
STARLINK-34096,6950.18239220679,70.0006,230.2293,91.5523
STARLINK-34081,6950.17907096492,70.0004,229.4175,91.1791
STARLINK-34033,6950.22863333575,70.0021,230.1708,100.1817
STARLINK-33952,6950.20385667853,70.0001,229.2961,91.1988
STARLINK-33961,6950.19446189296,70.0002,229.3575,90.1807
STARLINK-11741 [DTC],6734.477278032,42.9985,235.3905,131.4287
STARLINK-11709 [DTC],6734.41878065382,43.0004,232.4204,205.9579
STARLINK-11737 [DTC],6734.30768543196,42.9987,232.41,106.2964
STARLINK-11726 [DTC],6734.56780742948,43.0002,234.6225,120.9596
STARLINK-11700 [DTC],6734.44014113803,43.0008,232.6299,89.9149
STARLINK-11649 [DTC],6734.26917055718,42.9984,235.4311,126.4238
STARLINK-11713 [DTC],6733.85849854515,42.9986,232.4933,338.1412
STARLINK-11719 [DTC],6734.42854346583,42.9998,232.6198,94.6691
STARLINK-11733 [DTC],6734.5103084055,42.9973,232.3627,59.4082
STARLINK-11729 [DTC],6734.40351632808,42.9972,235.3481,104.6443
STARLINK-11730 [DTC],6733.80734074168,42.9989,232.5773,350.5415
STARLINK-11723 [DTC],6734.00268225884,42.9981,232.4489,308.9252
STARLINK-11715 [DTC],6734.48147647095,43.0018,234.5746,101.8981
STARLINK-34201,6861.29061915136,43.0032,12.7527,192.8266
STARLINK-34190,6861.17609489632,43.0015,15.9916,43.6226
STARLINK-34168,6861.11676251548,43.0082,12.5359,76.839
STARLINK-34098,6861.14567846939,43.0028,12.5886,82.0327
STARLINK-34180,6861.17905930327,43.0134,12.7558,306.6769
STARLINK-34171,6861.09808124055,42.9984,12.4933,92.6596
STARLINK-34126,6861.15311935387,43.0059,16.1583,95.0638
STARLINK-34157,6861.12710479226,43.0053,12.5673,80.4793
STARLINK-34140,6861.11851716653,42.9994,12.722,80.934
STARLINK-34132,6861.15714073363,43.0035,16.1264,97.7031
STARLINK-34178,6853.25869248285,53.1599,296.6338,279.6088
STARLINK-34174,6840.81223915299,53.16,295.2567,267.0761
STARLINK-34146,6840.81326158321,53.1617,295.0928,262.5449
STARLINK-34074,6853.33936478573,53.159,296.6714,278.6781
STARLINK-34082,6853.31807905803,53.1602,296.661,268.6209
STARLINK-34072,6848.85014893982,53.1599,296.0047,315.6795
STARLINK-34104,6840.80776899743,53.1607,295.3405,266.1719
STARLINK-34179,6853.34359269016,53.1597,296.9962,256.5805
STARLINK-34176,6853.49306345361,53.1594,296.6513,280.76
STARLINK-33949,6848.8008986429,53.1596,296.037,283.593
STARLINK-33970,6840.81405812795,53.1611,295.6831,262.5912
STARLINK-33912,6848.83772151773,53.1596,295.9824,260.7997
STARLINK-34156,6848.84162948728,53.1596,295.9482,280.2287
STARLINK-34124,6848.81857523034,53.1605,295.9224,260.6746
STARLINK-34145,6840.8015422969,53.1619,295.1299,264.8141
STARLINK-34148,6848.80861015193,53.1603,295.8629,271.0042
STARLINK-34136,6848.80367681064,53.16,295.8954,275.7028
STARLINK-33839,6848.80934046605,53.1602,295.9517,265.6038
STARLINK-34064,6848.80535503994,53.1596,296.3713,277.388
STARLINK-34067,6843.72048111574,53.1625,295.342,307.6589
STARLINK-34080,6848.71106280161,53.1613,295.8022,250.6426
STARLINK-34122,6848.91936972867,53.1608,295.8313,291.6021
STARLINK-33964,6848.93079590278,53.1595,296.0044,328.9254
STARLINK-34160,6825.51884311048,53.1601,290.2624,57.0909
STARLINK-34151,6852.20644080478,53.1603,296.6836,288.4715
STARLINK-34189,6853.31397360986,53.1595,296.6701,268.7269
STARLINK-33991,6848.95923485246,53.1616,294.558,292.0101
STARLINK-11727 [DTC],6734.39962952613,42.9963,112.8399,110.3795
STARLINK-11724 [DTC],6734.53185253266,42.9979,113.3498,83.5621
STARLINK-11725 [DTC],6734.55075022941,43.0005,108.1114,93.2807
STARLINK-11717 [DTC],6734.29109570443,43,108.1524,65.1111
STARLINK-11721 [DTC],6734.58406731743,42.9999,107.8553,95.8003
STARLINK-11722 [DTC],6734.5131950456,42.9983,113.3958,36.0505
STARLINK-11679 [DTC],6734.48960185506,42.9966,112.1135,171.138
STARLINK-11735 [DTC],6734.5092480662,43.0019,108.0618,104.6513
STARLINK-11720 [DTC],6734.62484179749,43.0012,113.6866,97.0059
STARLINK-11718 [DTC],6734.44690027756,42.9971,112.8429,165.2184
STARLINK-11716 [DTC],6734.44371933578,42.9965,107.8086,178.5365
STARLINK-11714 [DTC],6734.54445384053,43.0002,112.0245,110.8287
STARLINK-11712 [DTC],6734.92373249126,43.0001,107.8968,106.3206
STARLINK-34254,6861.16427922124,43.0052,250.8041,84.8215
STARLINK-34230,6692.65945937007,42.9815,212.6267,8.487
STARLINK-34129,6861.17116620256,42.9975,248.884,94.7459
STARLINK-34212,6861.14610066793,43.0068,256.4186,241.3959
STARLINK-34149,6861.17258252738,42.9987,248.7353,80.8184
STARLINK-34054,6861.14022882031,42.9962,250.9305,112.291
STARLINK-34195,6861.13856099032,42.9955,250.8465,242.0452
STARLINK-34133,6861.1405881375,42.9834,261.8816,227.3245
STARLINK-34181,6861.0605933148,42.9885,248.7651,88.8156
STARLINK-34186,6861.18369156983,42.997,248.832,86.1954
STARLINK-34314,6927.73630027211,97.3624,216.4024,282.9284
STARLINK-33926,6927.63101345613,97.3602,216.4351,220.2283
STARLINK-34213,6927.60654812621,97.3567,216.2612,287.7432
STARLINK-33924,6927.63236923925,97.3603,216.1254,248.6078
STARLINK-34209,6927.62440018867,97.3596,216.2549,214.2537
STARLINK-34338,6927.65230116817,97.3594,216.4577,234.216
STARLINK-34348,6927.61614282865,97.3613,216.159,248.8424
STARLINK-34345,6927.61998010545,97.36,216.4251,266.8242
STARLINK-33945,6927.62438178443,97.3593,224.918,253.0427
STARLINK-34346,6927.63051960769,97.3589,216.2589,256.045
STARLINK-34277,6927.62138802849,97.3597,216.4038,226.9352
STARLINK-34166,6927.62614552535,97.36,216.3182,236.6409
STARLINK-34344,6927.62594614589,97.3618,216.1396,229.3653
STARLINK-34339,6927.61507538569,97.3616,216.4169,229.9145
STARLINK-34341,6927.60715239517,97.3597,216.1878,254.1517
STARLINK-34317,6927.62889696343,97.3588,216.4604,262.7047
STARLINK-34340,6927.62840618275,97.3594,216.1468,255.2141
STARLINK-34263,6927.64182293097,97.3613,216.4144,229.5202
STARLINK-33793,6927.61784828435,97.3602,216.4252,259.4996
STARLINK-34313,6927.61580541847,97.3593,216.4381,249.9993
STARLINK-34309,6927.62833870041,97.3598,216.4486,258.6501
STARLINK-34303,6927.62378671383,97.3599,216.4601,264.301
STARLINK-34175,6927.6174894024,97.3615,216.1333,241.727
STARLINK-34177,6848.81660188558,53.1613,359.3849,331.8888
STARLINK-34228,6848.83314881292,53.1618,358.9878,284.028
STARLINK-34233,6848.80746251585,53.1592,359.5805,276.4802
STARLINK-34172,6848.83234098907,53.1612,358.9551,262.2742
STARLINK-34202,6853.32313399285,53.1625,0.0236,279.0673
STARLINK-34231,6848.82362485317,53.16,359.5497,265.3073
STARLINK-34191,6840.77166324803,53.1614,358.6307,267.0756
STARLINK-34164,6853.30819016347,53.1608,0.1741,275.2023
STARLINK-34227,6853.27675016507,53.1613,0.0433,272.4892
STARLINK-34194,6840.79700974338,53.1598,358.4629,268.7608
STARLINK-34000,6853.31593825265,53.1604,359.6476,285.5714
STARLINK-33917,6853.30645543052,53.1611,0.1163,275.7181
STARLINK-34131,6853.37135489692,53.1623,0.0273,273.8945
STARLINK-34188,6848.80887544969,53.1594,359.5186,276.0832
STARLINK-34197,6853.3101577879,53.1605,0.1524,271.4285
STARLINK-34063,6848.8188345673,53.1592,359.4611,271.2611
STARLINK-34200,6848.74962526105,53.1613,359.3156,272.4065
STARLINK-33934,6853.30074664409,53.1617,0.0903,287.3594
STARLINK-33929,6853.30222161183,53.1617,0.074,286.0896
STARLINK-33872,6840.75486775761,53.1593,358.1112,273.2291
STARLINK-34214,6853.30524917968,53.1599,0.1543,269.1206
STARLINK-34222,6853.31237920473,53.16,0.1839,274.521
STARLINK-34265,6853.29360769203,53.1608,0.1103,285.8998
STARLINK-34245,6840.79537802595,53.1605,358.2483,281.7985
STARLINK-34237,6848.79354485841,53.1598,359.4023,271.0357
STARLINK-33857,6853.3160218545,53.16,359.639,268.8308
STARLINK-34173,6848.81013934049,53.1593,359.4908,266.5688
STARLINK-33966,6853.31175517751,53.163,309.1115,282.778
STARLINK-34331,6840.81540155468,53.1598,308.951,258.4685
STARLINK-34251,6840.79426346542,53.1598,308.6058,256.6425
STARLINK-34311,6840.8242705654,53.162,309.0424,274.0167
STARLINK-34324,6853.3350861292,53.1627,309.0878,272.4854
STARLINK-34327,6853.27838634982,53.1606,308.9963,234.1189
STARLINK-33944,6853.33047904174,53.1619,309.0608,266.7423
STARLINK-34310,6853.416551941,53.1612,309.0112,280.8787
STARLINK-34258,6843.51647856249,53.159,307.5245,89.1828
STARLINK-34284,6853.33942151605,53.1603,308.973,276.6877
STARLINK-34332,6840.79961930443,53.1602,308.6199,268.0945
STARLINK-34283,6840.88614638706,53.1598,307.5318,310.0533
STARLINK-34349,6840.80710025803,53.1605,308.6303,259.1547
STARLINK-34296,6853.30657187555,53.1616,309.0676,265.1344
STARLINK-34320,6840.7901202764,53.1608,308.9642,262.3104
STARLINK-34300,6853.31235531852,53.1606,309.014,283.7066
STARLINK-34323,6853.35035257351,53.1589,309.0483,208.9174
STARLINK-34328,6840.84058498357,53.1637,307.8332,257.9596
STARLINK-34326,6841.02316508681,53.1621,309.0146,317.4189
STARLINK-34318,6840.7992150898,53.1596,308.5896,270.3236
STARLINK-34337,6840.83246788706,53.1606,308.9878,264.1598
STARLINK-34304,6853.26714207794,53.1624,309.09,290.8032
STARLINK-34289,6840.81862340378,53.1621,308.9719,264.2451
STARLINK-34347,6840.82986721128,53.1623,309.0608,263.2058
STARLINK-34330,6853.32117233068,53.1624,309.1112,274.2493
STARLINK-34167,6840.81261364774,53.1583,307.1842,262.2356
STARLINK-34241,6840.85265515953,53.1609,308.6298,256.4617
STARLINK-11686 [DTC],6734.52082322131,42.9982,344.0916,93.0666
STARLINK-11682 [DTC],6734.35349704483,43.0016,350.3428,101.3157
STARLINK-11675 [DTC],6734.34196833477,43.0022,347.4046,86.9206
STARLINK-11691 [DTC],6734.5080533987,42.999,349.5745,100.3123
STARLINK-11670 [DTC],6734.45532850532,43.0002,344.0792,97.5291
STARLINK-11708 [DTC],6734.43596848531,42.9993,344.1219,106.2693
STARLINK-11683 [DTC],6734.27729530091,43.0005,344.5075,101.4726
STARLINK-11684 [DTC],6734.57629891435,43.0008,343.2286,93.9431
STARLINK-11689 [DTC],6734.44493112268,42.9997,343.9102,102.9728
STARLINK-11690 [DTC],6734.48496898268,43.001,343.8656,99.8659
STARLINK-11694 [DTC],6727.66873611406,42.9977,343.3747,20.8387
STARLINK-11710 [DTC],6734.49672123216,42.9983,344.0358,119.5545
STARLINK-11704 [DTC],6734.54110701429,42.9996,350.3571,27.5263
STARLINK-34203,6861.18509592368,43.0025,122.1721,81.2147
STARLINK-33865,6861.11981369268,43.0126,125.0039,88.6079
STARLINK-34234,6861.16774666446,43.008,120.0295,232.6565
STARLINK-34256,6861.15847021566,43.0037,122.1072,113.1096
STARLINK-34229,6861.11913398951,42.9993,120.1704,92.6418
STARLINK-34224,6861.10377034751,43.006,119.4978,85.2631
STARLINK-34215,6861.21634822292,42.9999,122.216,85.0213
STARLINK-33893,6861.18596428783,43.0001,120.114,80.1348
STARLINK-34183,6861.15335889978,43.0009,120.1951,93.8909
STARLINK-34211,6861.14914289478,42.9999,120.2262,94.0324
STARLINK-34329,6840.81145746967,53.1592,22.1281,264.0165
STARLINK-34352,6853.30622254046,53.1602,25.06,287.6185
STARLINK-34308,6840.86185718121,53.1603,22.1684,289.12
STARLINK-34306,6840.82090010016,53.1585,22.0722,261.0569
STARLINK-34281,6840.5425092501,53.1589,22.1773,273.3268
STARLINK-34297,6840.83977951448,53.16,22.1937,273.7072
STARLINK-34325,6853.3299266695,53.1601,25.4768,245.6327
STARLINK-34276,6848.81376110627,53.1592,24.8597,279.0082
STARLINK-34333,6840.81229265223,53.1582,22.3653,248.3338
STARLINK-34240,6853.30114972224,53.1601,25.547,272.738
STARLINK-34315,6853.26099745815,53.1604,25.4481,305.9829
STARLINK-34321,6840.81744344569,53.1587,22.0945,259.5147
STARLINK-34319,6840.82516816795,53.16,22.5038,265.31
STARLINK-34298,6840.83382023944,53.159,22.1115,265.9516
STARLINK-34219,6853.30986816783,53.1607,25.496,268.3608
STARLINK-34342,6853.2393331554,53.1597,25.0793,270.2954
STARLINK-34001,6853.29733391814,53.1612,25.5302,276.5228
STARLINK-34334,6853.34339264087,53.1613,24.857,251.2599
STARLINK-34272,6853.35172903589,53.1609,25.4859,285.3331
STARLINK-34293,6853.29580819514,53.1609,25.5075,286.83
STARLINK-34350,6840.88830127685,53.1586,22.1341,302.082
STARLINK-34264,6853.33315133067,53.1607,25.4056,273.5216
STARLINK-34353,6853.29751903527,53.1607,25.4668,278.31
STARLINK-34377,6840.74249783041,53.1599,22.1451,274.6277
STARLINK-34359,6853.3015229428,53.1607,25.434,264.5747
STARLINK-34366,6853.3302043485,53.1607,25.0339,260.1194
STARLINK-34381,6853.33408887177,53.1622,25.387,249.0631
STARLINK-34448,6950.16421201236,70.0011,309.636,91.7603
STARLINK-34362,6950.17658467471,70.0019,310.0118,90.891
STARLINK-34428,6950.17351701623,70.0011,309.558,88.7181
STARLINK-34388,6950.22411835181,70.0018,309.7009,90.1275
STARLINK-34424,6950.19623075733,70.0019,309.7231,94.7094
STARLINK-34443,6950.17835971251,70.0005,309.616,97.1442
STARLINK-34369,6950.17632800557,70.0012,309.9924,91.8075
STARLINK-34391,6950.17243158546,70.002,309.344,91.1993
STARLINK-34378,6950.18118616878,70.0006,309.6189,92.0297
STARLINK-34376,6950.24550892629,70.0022,309.7059,94.6327
STARLINK-34372,6950.18186340545,70.0009,309.6451,91.0297
STARLINK-34379,6787.83057253104,69.9998,262.7961,47.4454
STARLINK-34356,6950.18186959026,70.0008,309.3585,87.2613
STARLINK-34360,6950.21574709619,70.0015,310.0214,89.2611
STARLINK-34383,6950.17259548238,70.0021,309.7417,90.7848
STARLINK-34355,6950.20283308449,70.002,309.7287,91.4057
STARLINK-34380,6950.17728355706,70.0016,309.7148,93.1339
STARLINK-34374,6950.17489004037,70.0013,310.0059,90.3619
STARLINK-34370,6950.18073467776,70.0012,309.6391,90.9017
STARLINK-34357,6950.17155334549,70.0017,309.7192,91.2061
STARLINK-34368,6950.13747846731,70.002,310.1841,89.975
STARLINK-34384,6950.18226541816,70.0013,309.9952,91.4228
STARLINK-34358,6950.15520700005,70.001,309.6292,97.7962
STARLINK-34354,6950.19723270199,70.0009,309.6,94.6582
STARLINK-34387,6950.20891899057,70.0013,309.57,87.9411
STARLINK-33590,6950.21881789371,70.0014,309.5929,91.1477
STARLINK-11736 [DTC],6734.40001534813,42.9984,167.2402,122.6231
STARLINK-11673 [DTC],6734.33097695312,42.9985,167.8375,68.718
STARLINK-11671 [DTC],6733.91916683329,42.9986,164.3018,74.0297
STARLINK-11594 [DTC],6734.50289175527,42.9983,166.1334,88.1604
STARLINK-11596 [DTC],6734.20562236059,42.9952,167.1993,238.4466
STARLINK-11747 [DTC],6734.64435180136,43.0014,164.4275,116.6367
STARLINK-11728 [DTC],6734.45828653657,42.9976,164.1739,82.8671
STARLINK-11696 [DTC],6734.27911001136,43.0045,164.2587,90.6142
STARLINK-11698 [DTC],6734.48458600654,42.9973,164.308,92.7331
STARLINK-11678 [DTC],6702.81130396066,42.9951,162.7459,109.6947
STARLINK-11674 [DTC],6734.40832625326,42.9948,164.2117,83.3918
STARLINK-11707 [DTC],6734.48492611221,42.999,167.0247,93.9373
STARLINK-11734 [DTC],6734.42373922049,42.9971,166.4263,160.6547
STARLINK-34252,6861.11916992095,43.009,305.5237,76.6896
STARLINK-34050,6861.21966002331,43.0057,297.3146,86.2915
STARLINK-33782,6861.17451088624,43.0042,297.2226,91.8869
STARLINK-34207,6861.19044085909,43.0016,294.4095,99.3335
STARLINK-34260,6861.25159245195,43.0017,294.4668,90.2577
STARLINK-33855,6861.15695209097,43.0082,293.8678,60.4178
STARLINK-34223,6861.12767670274,43.0025,290.3226,57.4705
STARLINK-34216,6861.15338884302,43.0035,293.7587,63.7135
STARLINK-34218,6861.14207631002,43.0032,293.7394,78.379
STARLINK-34017,6861.14666359941,43.0058,302.8172,91.3879
STARLINK-33977,6950.14504856479,70.0002,149.3106,101.7147
STARLINK-34426,6950.16556956997,70.0003,149.1211,101.0116
STARLINK-34437,6950.18286225252,69.9998,150.7402,95.6745
STARLINK-34407,6950.18280658921,70.0001,150.077,94.8585
STARLINK-34274,6950.18441154854,69.9998,150.1262,96.9076
STARLINK-34301,6950.18737098464,69.9998,149.136,95.8666
STARLINK-34425,6950.18827706132,69.9998,150.7226,90.4439
STARLINK-34389,6950.17822055446,69.9999,149.1613,93.5539
STARLINK-34385,6950.19347541139,70.0005,150.0961,97.7151
STARLINK-34431,6950.17976984789,69.9996,149.1243,96.9099
STARLINK-34473,6950.17416023466,70.0005,149.1662,91.0661
STARLINK-34270,6950.1602537616,70.0002,149.1792,96.3177
STARLINK-34397,6950.18838220334,70.0002,150.1076,97.8406
STARLINK-34454,6950.18672776315,70.0005,150.1211,99.3531
STARLINK-34436,6950.19243326666,70.0001,149.7608,89.963
STARLINK-34291,6950.18047491584,69.9999,149.1445,98.8311
STARLINK-34458,6950.16768167117,69.9999,149.8495,99.7504
STARLINK-34243,6950.18311273745,69.9999,150.7086,94.0084
STARLINK-34335,6950.16182469169,69.9996,149.7799,95.205
STARLINK-34408,6950.17793605356,69.9988,150.5901,96.8055
STARLINK-34476,6950.22298342207,69.9996,149.8215,92.1678
STARLINK-34479,6950.18036977412,69.9999,150.1341,99.9223
STARLINK-34484,6950.20352578857,69.9997,149.7613,98.2367
STARLINK-34483,6950.14470531237,70.0002,149.7748,101.4821
STARLINK-34457,6950.14269836892,70.0001,150.0754,94.2699
STARLINK-34444,6950.15069832009,70,150.0901,91.8282
STARLINK-11732 [DTC],6734.66272151663,42.9988,227.3351,155.1596
STARLINK-11731 [DTC],6734.29388494346,42.9988,219.0269,101.4225
STARLINK-11746 [DTC],6734.46098735055,42.9986,221.0749,143.3927
STARLINK-11748 [DTC],6734.52134338994,42.9984,220.6592,96.1701
STARLINK-11739 [DTC],6734.37944396767,42.9991,220.9456,112.4585
STARLINK-11738 [DTC],6734.41466233536,42.9973,221.7993,106.3915
STARLINK-11745 [DTC],6733.92914785767,42.9978,218.8605,59.9237
STARLINK-11742 [DTC],6734.33822737326,42.9982,218.9883,84.5218
STARLINK-11711 [DTC],6734.48894164882,42.999,221.0298,136.3718
STARLINK-11743 [DTC],6734.41198728941,42.999,221.7551,103.6119
STARLINK-11744 [DTC],6734.49548655762,42.9999,218.6161,48.9447
STARLINK-11692 [DTC],6734.01386947063,42.9983,218.815,79.5166
STARLINK-11740 [DTC],6734.48454313608,42.9985,220.9849,143.5514
STARLINK-34299,6861.14000125279,43.0006,351.7746,71.1447
STARLINK-34271,6861.14684026411,43.005,351.6784,91.1078
STARLINK-34100,6861.14100135233,42.9943,351.703,83.7894
STARLINK-34269,6861.14443283436,42.9968,350.9888,88.6111
STARLINK-34351,6861.12808093273,43.0001,354.2992,87.3046
STARLINK-34198,6861.1506101117,42.9989,354.2935,91.8525
STARLINK-34279,6861.15935354303,42.997,351.8198,108.9192
STARLINK-34292,6861.16724361543,42.9995,351.6445,101.6003
STARLINK-34278,6861.11876868656,43.0009,351.0051,71.5589
STARLINK-33802,6861.11328016528,43.0003,351.7371,105.9631
STARLINK-34419,6950.19680904016,70,190.5232,96.6488
STARLINK-34275,6950.16719616607,70.0003,189.6184,89.2723
STARLINK-34225,6950.11309844051,70.0006,189.8819,89.2865
STARLINK-34422,6950.17708255105,69.9997,189.6484,97.2694
STARLINK-34514,6950.20273103435,69.9995,189.5195,92.5276
STARLINK-34487,6950.18603197084,69.9999,189.5311,91.8331
STARLINK-34461,6950.17990900602,70,189.8713,91.1664
STARLINK-34512,6950.17910188894,69.9998,190.4985,92.4131
STARLINK-34503,6950.18567943614,69.9997,190.5147,90.2523
STARLINK-34498,6950.1888089563,69.9997,189.6348,94.0834
STARLINK-34434,6950.17863493625,69.9999,189.874,91.7528
STARLINK-34467,6950.26121874895,70.0002,189.5896,89.2285
STARLINK-34468,6950.12829418554,70.0001,189.888,94.3322
STARLINK-34452,6950.15663877032,70,190.3844,86.1621
STARLINK-34432,6950.18510734044,69.9997,189.5983,91.7324
STARLINK-34480,6950.18557738663,69.9999,189.5392,91.9737
STARLINK-34495,6950.18310964504,69.9999,189.5764,92.4632
STARLINK-34501,6950.20843347827,69.9997,190.5177,93.0549
STARLINK-34441,6950.17884212717,69.9998,189.6177,94.0017
STARLINK-34524,6950.18801111387,69.9999,190.4005,94.4669
STARLINK-34506,6950.17939875956,69.9998,189.5002,91.8677
STARLINK-34451,6950.17755878068,69.9998,190.5278,96.7557
STARLINK-34472,6950.17405509317,69.9999,189.6298,93.3802
STARLINK-34478,6950.1831374767,69.9999,189.5719,91.8648
STARLINK-34396,6950.179448238,69.9999,190.4914,91.3545
STARLINK-34507,6950.17558273749,69.9997,189.5275,96.5416
STARLINK-34465,6840.78022301382,53.1601,356.6554,301.8523
STARLINK-34456,6840.79416835628,53.1593,356.0482,272.276
STARLINK-34410,6853.33973502569,53.1635,357.2454,253.0952
STARLINK-34453,6840.81443856731,53.1607,356.2104,285.4909
STARLINK-34404,6840.6773322415,53.1617,356.5745,268.4897
STARLINK-34403,6853.29217452948,53.1618,357.258,262.7823
STARLINK-34399,6840.8252989445,53.1589,356.0319,278.757
STARLINK-34398,6853.33167634629,53.16,357.5371,260.9951
STARLINK-34402,6853.32672291265,53.1609,356.9051,267.4093
STARLINK-34450,6853.33718514828,53.1597,357.825,266.528
STARLINK-34433,6853.34240135203,53.1599,357.5687,299.7266
STARLINK-34459,6840.78422055251,53.1607,356.6254,272.2558
STARLINK-34361,6840.79916456297,53.1602,356.1345,270.0324
STARLINK-34392,6853.24474025793,53.1604,357.545,298.4506
STARLINK-34367,6853.32304143342,53.1627,357.2833,253.3478
STARLINK-34221,6840.84754591086,53.1585,356.0169,283.8858
STARLINK-34282,6848.82820350387,53.1607,1.876,299.2074
STARLINK-34295,6840.77234089518,53.1581,356.0754,254.3957
STARLINK-34430,6853.30502226126,53.162,357.2345,267.9066
STARLINK-34445,6840.77602634752,53.1595,356.052,269.3755
STARLINK-34439,6853.31825223344,53.1624,357.2601,257.482
STARLINK-34421,6840.79789544833,53.1592,355.9894,272.0252
STARLINK-34423,6853.34031725798,53.1617,356.9167,296.7944
STARLINK-34418,6853.33184952256,53.1594,357.503,274.8997
STARLINK-34336,6848.7892375232,53.1595,359.4669,265.6354
STARLINK-34400,6848.79350908813,53.1595,359.6989,271.2785
STARLINK-34429,6840.79483709252,53.1592,355.9974,270.3545
STARLINK-34449,6840.88559354664,53.1606,356.5336,266.6267
STARLINK-34493,6853.34637546698,53.1599,25.342,272.5931
STARLINK-34492,6853.33535186552,53.1609,25.3213,292.5503
STARLINK-34474,6853.32159034077,53.1607,25.3025,281.5943
STARLINK-34523,6840.82486500414,53.1585,22.3131,256.2595
STARLINK-34496,6840.8407781773,53.1589,22.2871,255.1881
STARLINK-34375,6840.72056378657,53.1598,22.2485,264.1674
STARLINK-34490,6853.34742647355,53.16,25.1162,263.1495
STARLINK-34528,6840.82750728592,53.1591,22.2352,273.4865
STARLINK-34518,6853.29697861271,53.1605,25.0992,268.3864
STARLINK-34526,6853.33332749283,53.1602,25.0767,275.7217
STARLINK-34527,6853.38856235119,53.1604,25.0139,278.2116
STARLINK-34420,6853.35012266554,53.1611,24.9741,260.1814
STARLINK-34509,6853.3188284896,53.1613,25.666,281.1337
STARLINK-34409,6853.34793406209,53.1606,25.3503,270.741
STARLINK-34520,6853.38957157189,53.1603,25.3311,296.4727
STARLINK-34477,6853.34632470815,53.1597,25.3081,260.4283
STARLINK-34217,6853.35141552488,53.1605,25.2923,281.3063
STARLINK-34307,6853.35270241318,53.1596,25.2723,272.151
STARLINK-34505,6853.32428949314,53.1596,25.2488,280.2706
STARLINK-34530,6840.59866660984,53.1584,22.294,259.9461
STARLINK-34522,6840.81984200082,53.1585,22.2651,267.5124
STARLINK-34462,6840.81437615148,53.1585,22.251,273.4498
STARLINK-34226,6848.81639024295,53.1602,25.0652,275.8893
STARLINK-34364,6840.82652943331,53.1589,21.6144,268.5252
STARLINK-34363,6840.78856286694,53.1587,22.212,257.3734
STARLINK-34427,6853.32109470024,53.1596,25.1016,265.0331
STARLINK-34280,6853.39935625452,53.1589,245.3596,273.526
STARLINK-34517,6840.84323322496,53.1601,243.5005,279.1851
STARLINK-34510,6843.46118951816,53.1595,243.745,88.1142
STARLINK-34486,6853.32152166768,53.1584,245.8931,258.2577
STARLINK-34463,6840.83941987706,53.1597,243.5112,275.7539
STARLINK-34294,6853.32218152657,53.1596,259.4072,260.5272
STARLINK-34504,6853.33308862889,53.1579,245.8848,265.3289
STARLINK-34508,6853.33454271343,53.1591,243.4742,279.4666
STARLINK-34435,6853.33264374487,53.1605,245.7277,270.2676
STARLINK-34475,6843.31571302636,53.16,245.3296,263.7929
STARLINK-34488,6853.34647997045,53.1587,243.4548,276.1696
STARLINK-34516,6848.83550372514,53.1593,244.5891,255.8148
STARLINK-34073,6853.28064356981,53.1573,243.425,272.7591
STARLINK-34532,6840.77291154554,53.1592,253.4791,265.3836
STARLINK-34519,6853.47951314018,53.1602,243.5157,284.7066
STARLINK-34513,6853.30524320814,53.1594,243.4947,281.1098
STARLINK-34569,6840.85148113121,53.1612,243.5901,263.8535
STARLINK-34494,6843.31409170616,53.1594,243.5868,196.9459
STARLINK-34521,6853.3127942277,53.1582,243.4834,287.2874
STARLINK-34500,6840.78444643591,53.1597,243.6217,195.626
STARLINK-34440,6853.35993407982,53.1597,243.7015,141.1041
STARLINK-34469,6853.3434015983,53.1582,243.3997,261.5859
STARLINK-34413,6840.84469258242,53.1603,243.5504,283.1995
STARLINK-34417,6840.84911227055,53.159,230.1853,300.9463
STARLINK-34415,6853.36490250264,53.1607,243.5208,275.769
STARLINK-34416,6853.34490346129,53.1591,243.502,283.2684
STARLINK-34414,6853.01657039953,53.1594,243.6542,204.3716
STARLINK-34464,6840.82123298543,53.1594,33.9489,268.1185
STARLINK-34555,6840.84692174501,53.1579,33.934,270.4015
STARLINK-34390,6840.80318887886,53.1606,33.729,265.1759
STARLINK-34382,6852.57306031459,53.1605,42.7745,218.6708
STARLINK-34395,6840.90517783789,53.1597,33.9883,290.9479
STARLINK-34394,6840.80904108883,53.1588,34.2124,267.3018
STARLINK-34287,6840.80095380756,53.1591,33.8676,275.6798
STARLINK-34365,6840.81322591703,53.161,34.0119,288.3415
STARLINK-34442,6840.90381950569,53.1601,33.787,282.2654
STARLINK-34288,6840.82900230137,53.1585,33.8264,280.0361
STARLINK-34539,6840.80822671249,53.1594,33.7605,289.5332
STARLINK-34590,6840.82260910979,53.1605,35.401,277.8215
STARLINK-34573,6840.80595894317,53.1601,33.7044,265.6025
STARLINK-34605,6853.30890973461,53.1601,25.0738,262.3576
STARLINK-34525,6840.88521012513,53.1605,35.6399,46.0183
STARLINK-34489,6840.81058364905,53.1598,33.9956,269.3371
STARLINK-34502,6840.80086464252,53.1608,33.7345,283.8828
STARLINK-34553,6840.76597161302,53.1607,33.695,291.6762
STARLINK-34551,6853.33032676614,53.1614,25.0857,252.9611
STARLINK-34550,6840.89065828238,53.1587,33.8497,267.3296
STARLINK-34485,6840.80581330667,53.1604,34.2574,245.8981
STARLINK-34253,6840.8214558997,53.1612,34.3223,262.6177
STARLINK-34565,6840.84389900097,53.1596,33.9152,279.3899
STARLINK-34554,6840.85670333192,53.1593,33.7721,273.3148
STARLINK-34262,6840.80088841987,53.1592,34.1891,258.5235
STARLINK-34538,6840.79943205794,53.1586,33.8738,257.5053
STARLINK-34250,6840.90918447598,53.1601,33.965,270.7794
STARLINK-34497,6950.17839063653,70.0019,69.3063,89.1617
STARLINK-34584,6950.16045476638,70.0018,69.074,90.6088
STARLINK-34535,6950.18348382627,70.0021,69.3853,90.0514
STARLINK-34600,6950.13544988259,70.0024,69.3651,90.0375
STARLINK-34560,6950.07915724731,70.0017,69.4029,91.5122
STARLINK-34576,6950.17584868376,70.0019,69.0606,90.87
STARLINK-34322,6950.17433340888,70.0025,69.0787,92.9054
STARLINK-34470,6950.17612081484,70.0019,69.0346,91.5431
STARLINK-34405,6950.17789585235,70.002,69.2894,88.2794
STARLINK-34406,6950.23447499367,70.0022,69.3768,85.7751
STARLINK-34559,6950.17445091996,70.0018,69.1183,90.4546
STARLINK-34316,6950.1814613928,70.0018,69.3002,99.0631
STARLINK-34563,6950.17130904639,70.0039,69.4493,104.0423
STARLINK-34499,6950.1752580357,70.0021,69.251,94.9042
STARLINK-34447,6950.18454452209,70.0022,69.1409,91.0323
STARLINK-34312,6950.18288699177,70.002,69.1418,90.9236
STARLINK-34515,6950.17653210392,70.0019,69.0503,89.751
STARLINK-34583,6950.17743817707,70.0023,69.3862,92.2764
STARLINK-34574,6950.19371971243,70.0022,69.1882,100.79
STARLINK-34533,6950.18061407401,70.0021,69.1481,90.5613
STARLINK-34548,6950.18830489303,70.0015,69.0883,87.9185
STARLINK-34568,6950.18401262792,70.002,69.1772,89.3544
STARLINK-34546,6950.17235427559,70.0021,69.0587,92.1599
STARLINK-34577,6950.22603567286,70.002,69.1566,97.9951
STARLINK-34572,6950.17916992179,70.0021,69.161,90.3771
STARLINK-34558,6950.20336188982,70.002,69.1569,99.7409
STARLINK-34393,6853.30232312786,53.1595,89.1044,281.2387
STARLINK-34562,6853.35768873785,53.1617,91.4877,274.3973
STARLINK-34557,6853.34303135784,53.1588,89.2292,255.5484
STARLINK-34242,6853.42294175301,53.1611,91.5288,289.1932
STARLINK-34239,6853.35712441682,53.1589,89.177,261.7358
STARLINK-34588,6853.42432720954,53.1594,89.3257,317.443
STARLINK-34606,6853.33843918606,53.1589,89.189,266.8391
STARLINK-34552,6853.33725979337,53.1596,89.1321,278.5238
STARLINK-34596,6853.3553896529,53.1588,89.287,254.5144
STARLINK-34556,6840.79731884843,53.1594,85.5266,265.9616
STARLINK-34591,6853.36331105373,53.1591,89.1626,241.6775
STARLINK-34587,6853.36026849262,53.16,91.4743,271.5188
STARLINK-34130,6853.36443372679,53.158,89.234,261.8133
STARLINK-34619,6853.35598980346,53.16,91.5522,285.3961
STARLINK-34597,6853.34286116668,53.1601,89.0819,236.6093
STARLINK-34471,6853.3359490259,53.1591,89.3247,252.4002
STARLINK-34208,6840.82019866348,53.1588,85.5671,266.5339
STARLINK-34205,6853.29109667232,53.1585,89.259,299.4577
STARLINK-34607,6853.3612986037,53.1598,91.4895,291.1562
STARLINK-34236,6853.33935582831,53.1577,89.2531,265.212
STARLINK-34185,6853.3392961122,53.1589,89.1085,279.8793
STARLINK-34581,6853.36850939216,53.1605,91.5376,292.7818
STARLINK-34592,6853.32419096209,53.1591,76.9026,276.4835
STARLINK-34589,6853.33121354771,53.1582,76.8816,274.4364
STARLINK-34536,6853.33571314754,53.1586,89.2941,264.221
STARLINK-34595,6853.33501148417,53.1589,89.2968,272.6575
STARLINK-34531,6853.33697315624,53.1602,89.202,249.6717
STARLINK-33965,6840.8868983691,53.1583,152.8849,270.0747
STARLINK-34371,6848.87204387555,53.1567,150.7697,270.1253
STARLINK-34401,6840.85857286436,53.1563,153.0236,288.2515
STARLINK-34593,6840.93108733644,53.1581,150.6808,256.5684
STARLINK-34598,6840.82961457434,53.158,151.3373,272.2976
STARLINK-34235,6840.85983309045,53.1588,151.3556,272.1841
STARLINK-34635,6840.83719963721,53.1577,151.2894,273.7087
STARLINK-34638,6840.84657993996,53.1573,150.7644,288.1748
STARLINK-34534,6840.84122400904,53.1568,151.2223,258.5038
STARLINK-34261,6840.88849150168,53.1587,150.7209,278.6113
STARLINK-34566,6840.84970671469,53.1572,152.956,272.1713
STARLINK-34645,6853.33301696972,53.1566,154.4901,285.6417
STARLINK-34639,6840.84150636917,53.1573,152.9939,262.7169
STARLINK-34609,6853.3743885128,53.1573,142.5265,272.3085
STARLINK-34246,6840.86803349089,53.1585,152.9219,278.2579
STARLINK-34618,6840.85766038971,53.1575,150.6686,274.2211
STARLINK-34541,6840.9056920426,53.1579,149.7468,41.3799
STARLINK-34652,6840.86018975832,53.1572,152.9413,276.2041
STARLINK-34612,6840.81725917016,53.1587,150.7318,268.4592
STARLINK-34621,6853.35972507185,53.1567,152.6312,266.862
STARLINK-34657,6840.85213204812,53.1566,153.0039,293.0061
STARLINK-34637,6840.80349798461,53.1564,151.2533,294.193
STARLINK-34547,6840.85347549354,53.1587,150.7042,272.0928
STARLINK-34537,6853.34774296992,53.1581,131.6527,273.6792
STARLINK-34585,6840.8648264448,53.156,151.2463,254.292
STARLINK-34491,6840.84946299258,53.1582,150.6866,270.549
STARLINK-34582,6840.85229552042,53.1575,150.6503,282.1147
STARLINK-34482,6840.86770059992,53.1571,151.2029,268.2432
STARLINK-34629,6950.18182938899,70.0003,249.868,90.0686
STARLINK-34697,6950.17852670219,70.0004,249.876,89.6291
STARLINK-34632,6950.2036340236,70.0008,249.173,93.1907
STARLINK-34693,6950.18835746404,70.0007,250.203,90.3074
STARLINK-34666,6950.18490942628,70.0009,250.2089,90.9076
STARLINK-34567,6950.17816798364,70.0005,249.8339,90.0106
STARLINK-34646,6950.18680816583,70.0005,250.143,91.5959
STARLINK-34641,6950.19889642571,70.0012,249.2328,99.2603
STARLINK-34649,6950.18085837393,70.0014,249.3085,91.0856
STARLINK-34662,6950.18788432498,70.0004,249.8362,90.6817
STARLINK-34660,6950.18199947128,70.0005,249.2183,91.6314
STARLINK-34604,6950.15565848692,70.0004,249.2596,87.5821
STARLINK-34658,6950.21423798444,70.001,250.188,90.2952
STARLINK-34620,6950.18850280743,70.0008,250.1871,91.2949
STARLINK-34633,6950.18310964504,70.0007,249.2429,91.3871
STARLINK-34624,6950.20484934865,70.0008,249.3205,94.3059
STARLINK-34664,6950.17675475668,70.0008,249.8168,89.8796
STARLINK-34663,6950.17313974394,70.0002,250.1184,92.6227
STARLINK-34696,6950.21530487688,70.0005,249.2892,91.81
STARLINK-34675,6950.18253136506,70.0006,249.2481,91.0985
STARLINK-34608,6950.17737942146,70.0005,249.8631,89.9072
STARLINK-34669,6950.17761444389,70.0004,249.8435,90.2561
STARLINK-34644,6950.22352460104,70.0017,249.2715,90.5831
STARLINK-34685,6950.18353639719,70.0008,250.2146,90.9874
STARLINK-34668,6950.20911072157,70.001,249.87,86.3657
STARLINK-34667,6950.18160673582,70.0003,249.254,93.0014
STARLINK-34723,6927.61814581899,97.3607,20.2957,272.2935
STARLINK-34725,6927.61832372632,97.3619,20.3244,270.5119
STARLINK-34709,6927.62609031257,97.3608,20.3148,273.7494
STARLINK-34706,6927.6339366726,97.3605,20.2999,269.5447
STARLINK-34736,6927.6202193603,97.3618,20.3423,278.5011
STARLINK-34746,6927.60785788702,97.3612,20.0889,279.6297
STARLINK-34748,6927.68124228972,97.3616,20.1711,272.809
STARLINK-34756,6927.56367603977,97.3608,20.103,277.5179
STARLINK-34757,6927.62937547468,97.3615,20.3267,281.7774
STARLINK-34722,6927.62032365088,97.3605,20.3109,277.1086
STARLINK-34564,6927.6303539691,97.3613,20.0814,284.7967
STARLINK-34676,6927.62548910686,97.3606,20.3066,274.2269
STARLINK-34682,6927.63013618505,97.3613,20.4405,273.8071
STARLINK-34631,6927.56887206329,97.3619,20.3301,284.7932
STARLINK-34578,6927.62692157171,97.3606,20.4519,273.7413
STARLINK-34683,6927.62790620002,97.3623,20.3507,272.7853
STARLINK-34654,6927.62641852187,97.3619,20.4328,277.2635
STARLINK-34575,6927.74180950477,97.3648,20.4474,269.3475
STARLINK-34570,6927.63570655438,97.3612,20.3137,272.2208
STARLINK-34651,6927.61687592908,97.3631,20.346,279.5589
STARLINK-34684,6927.58355226267,97.3684,20.4315,267.2549
STARLINK-34690,6927.61513366561,97.3612,20.1877,273.395
STARLINK-34628,6927.61867647365,97.3607,20.4186,275.2921
STARLINK-34544,6927.64291799079,97.3599,20.1743,265.3788
STARLINK-34647,6840.83130575621,53.1605,255.5694,276.657
STARLINK-34273,6840.88125107822,53.1608,255.5139,279.2337
STARLINK-34713,6843.38928627518,53.1585,254.0062,157.9758
STARLINK-34712,6840.80454418894,53.16,254.1201,269.03
STARLINK-34702,6848.84558813793,53.1612,255.4581,257.1265
STARLINK-34687,6843.4426817422,53.1587,254.0425,136.3896
STARLINK-34642,6848.8276371339,53.1583,253.1914,294.4398
STARLINK-34718,6840.79792814214,53.16,253.947,263.0751
STARLINK-34711,6840.82667209871,53.1606,255.5516,272.9068
STARLINK-34659,6848.84183517004,53.1598,253.3082,307.6524
STARLINK-34571,6840.83559167346,53.1603,255.6936,266.5761
STARLINK-34636,6840.84298950342,53.1606,255.5357,263.6257
STARLINK-34695,6840.83041706824,53.1591,246.1325,279.9902
STARLINK-34653,6848.86016186421,53.1593,255.6642,274.6195
STARLINK-34611,6840.83164161494,53.1605,255.4867,261.0091
STARLINK-34599,6853.34678452346,53.1575,253.8864,297.0862
STARLINK-34069,6840.81966961389,53.1597,255.6556,255.427
STARLINK-34699,6840.82279041349,53.1598,255.1683,276.5114
STARLINK-34700,6853.33878255364,53.1597,253.9086,234.1917
STARLINK-34643,6840.83698563828,53.1598,255.5993,282.379
STARLINK-34199,6848.83717899303,53.1586,253.2145,291.2182
STARLINK-34579,6840.82852377745,53.1599,255.6155,296.9787
STARLINK-34543,6848.83053754555,53.1599,255.6341,270.2182
STARLINK-34661,6840.86865171707,53.16,255.5782,338.907
STARLINK-34248,6840.79137452665,53.159,254.1356,87.3437
STARLINK-34290,6853.32890851337,53.1595,256.0907,256.2272
STARLINK-34220,6848.83389105719,53.1591,253.2658,274.7116
STARLINK-34715,6840.83321688214,53.1595,255.6633,268.8412
STARLINK-34705,6927.62790313264,97.3609,28.8877,268.5609
STARLINK-34737,6927.61859365471,97.3605,28.6509,275.9958
STARLINK-34775,6927.61010626007,97.3601,28.6621,276.599
STARLINK-34726,6927.57507724464,97.3604,28.7579,271.4032
STARLINK-34529,6927.62416706822,97.3615,28.9035,273.1652
STARLINK-34743,6927.60342249343,97.3609,28.6666,285.9699
STARLINK-34730,6927.62666391203,97.3613,28.7741,274.0368
STARLINK-34714,6927.63780158055,97.3608,28.7799,269.1941
STARLINK-34755,6930.11744093902,97.3608,28.9979,282.0356
STARLINK-34740,6927.62450754679,97.36,28.7598,275.0917
STARLINK-34742,6927.63067911152,97.3608,29.0132,273.015
STARLINK-34719,6927.63299805292,97.3599,29.0067,270.7828
STARLINK-34373,6927.61913657892,97.3604,28.9016,278.0776
STARLINK-34758,6927.64313884325,97.3605,28.9954,285.3524
STARLINK-34753,6927.61799245062,97.3607,28.9976,277.7099
STARLINK-34747,6927.61651704726,97.3611,28.9893,282.355
STARLINK-34630,6927.59379716163,97.3612,29.0287,275.7315
STARLINK-34689,6927.61211538077,97.3606,28.8921,276.7162
STARLINK-34586,6927.6220015028,97.3613,28.6558,283.2925
STARLINK-34738,6927.63366981011,97.3602,29.0187,270.0961
STARLINK-34744,6927.62104448293,97.3604,28.8778,274.3859
STARLINK-34701,6927.63170668452,97.3604,29.0254,272.8118
STARLINK-34761,6927.6295901913,97.3617,28.8901,274.6177
STARLINK-34732,6927.62733566769,97.3605,28.7465,279.1935
STARLINK-34617,6722.02524529517,53.1584,200.3654,25.6989
STARLINK-34627,6853.34262230192,53.1583,205.1296,274.5075
STARLINK-34549,6853.32387745422,53.1575,202.7636,285.7359
STARLINK-34623,6853.35617791038,53.1569,203.4478,271.6544
STARLINK-34232,6853.34471535515,53.1576,205.1796,275.1827
STARLINK-34772,6840.84490063752,53.1584,202.1642,282.5827
STARLINK-34778,6853.3283262835,53.156,203.421,287.5162
STARLINK-34789,6853.37637409982,53.1573,205.2147,272.7588
STARLINK-34858,6853.37216107404,53.1576,205.1545,269.5036
STARLINK-34773,6840.84284683717,53.1594,202.149,277.5253
STARLINK-34727,6840.83614747598,53.1575,202.0585,268.4995
STARLINK-34804,6853.36282734899,53.1583,205.1225,278.5015
STARLINK-34655,6853.39655252285,53.1567,203.4618,262.3624
STARLINK-34807,6840.90962140201,53.1584,202.2096,266.9303
STARLINK-34731,6840.82017488597,53.1587,202.0858,270.8733
STARLINK-34614,6853.3530517542,53.156,203.4386,271.7429
STARLINK-34677,6853.33431280679,53.1568,203.4118,263.4293
STARLINK-34656,6853.37368982538,53.1567,205.2152,270.9189
STARLINK-34610,6853.36374997107,53.1579,205.1334,280.5456
STARLINK-34286,6840.83110067434,53.159,202.1227,279.7778
STARLINK-34770,6853.35443717541,53.1578,205.2006,246.1993
STARLINK-34776,6853.57406514853,53.1573,205.1711,273.3612
STARLINK-34827,6840.88759387836,53.1583,202.1704,272.8557
STARLINK-34721,6853.39754681714,53.1581,202.764,284.2475
STARLINK-34819,6853.32507475589,53.1572,203.4614,291.5343
STARLINK-34820,6840.84038584544,53.157,202.0684,275.0965
STARLINK-34824,6840.86307579751,53.1588,202.1815,265.3433
STARLINK-34788,6927.61573793644,97.3594,242.1732,262.3005
STARLINK-34745,6927.63588139545,97.3591,241.9571,246.1314
STARLINK-34779,6927.63014538719,97.3599,242.1783,246.8551
STARLINK-34803,6927.63239377832,97.3578,242.1857,249.9112
STARLINK-34717,6927.58223331136,97.3664,242.2023,140.2711
STARLINK-34750,6927.65524281156,97.3622,242.0946,240.9172
STARLINK-34708,6927.60742232247,97.3595,241.7278,263.6968
STARLINK-34798,6927.63480167534,97.3594,242.081,231.7942
STARLINK-34793,6927.64070639984,97.3582,242.1959,252.3552
STARLINK-34806,6927.62406891224,97.3631,241.9539,149.6848
STARLINK-34739,6927.64591483739,97.3623,242.2171,257.198
STARLINK-34802,6927.63337840857,97.3604,242.1649,250.5357
STARLINK-34810,6927.6143116121,97.3588,242.156,247.2717
STARLINK-34809,6927.61186078983,97.3606,242.1635,219.3288
STARLINK-34794,6927.63352257564,97.3601,241.9544,235.8812
STARLINK-34805,6927.62176531517,97.3592,242.1537,257.7801
STARLINK-34735,6927.59812825007,97.3579,242.1887,244.9893
STARLINK-34781,6927.61540359368,97.3586,242.096,162.0883
STARLINK-34780,6927.61528703383,97.36,242.1602,206.1462
STARLINK-34771,6853.33873179495,53.159,293.6925,287.1061
STARLINK-34634,6840.75788445905,53.1605,292.8395,255.466
STARLINK-34267,6840.746632031,53.1595,292.8477,266.1704
STARLINK-34561,6853.25814908222,53.1603,293.6463,241.3118
STARLINK-34626,6832.62247445016,53.1591,290.2022,347.5833
STARLINK-34247,6853.36475619679,53.1615,294.0299,255.2726
STARLINK-34601,6802.22394963169,53.1602,290.2279,316.6671
STARLINK-34822,6853.31838360789,53.1607,296.8393,288.2153
STARLINK-34686,6853.38108278336,53.1595,296.8208,262.3753
STARLINK-34594,6853.34314481862,53.16,296.7986,279.3164
STARLINK-34665,6853.31881356068,53.1596,296.4788,260.8247
STARLINK-34673,6853.31623981649,53.1589,296.456,47.7741
STARLINK-34648,6796.83091320951,53.1604,292.1132,307.6928
STARLINK-34640,6853.36798687062,53.16,296.4283,263.5663
STARLINK-34266,6796.93299669673,53.1592,290.968,269.4559
STARLINK-34769,6796.86493866291,53.1604,292.1051,296.5189
STARLINK-34768,6797.26303651647,53.1602,290.3379,331.0362
STARLINK-34759,6796.8043839461,53.1614,291.8672,292.5036
STARLINK-34741,6810.02833315295,53.1588,290.2462,258.2144
STARLINK-34764,6840.80644935184,53.1606,294.9171,268.2876
STARLINK-34815,6840.78484767621,53.1604,294.8782,273.9257
STARLINK-34814,6840.85925944973,53.1596,294.9896,302.7316
STARLINK-34285,6840.92727386611,53.1622,295.4262,274.9221
STARLINK-34857,6840.87396609021,53.1594,290.2428,251.0349
STARLINK-34887,6840.80932047347,53.1619,295.4627,275.1536
STARLINK-34481,6840.8834802706,53.1593,290.0348,20.7659
STARLINK-34545,6840.86158670791,53.1591,290.0573,21.6945
STARLINK-34956,6927.62130214209,97.3613,37.2357,273.232
STARLINK-34949,6927.61367666795,97.3614,37.4897,287.209
STARLINK-34707,6927.62384806131,97.36,37.4937,274.7741
STARLINK-34967,6927.63116989261,97.3611,37.4979,272.6184
STARLINK-34929,6927.62452288366,97.3604,37.5019,273.2045
STARLINK-34932,6927.61918258945,97.3602,37.51,272.4912
STARLINK-34862,6927.6157502059,97.3604,37.5133,282.3259
STARLINK-34942,6927.6627610405,97.3597,37.5059,267.9488
STARLINK-34944,6927.61637288106,97.3607,37.5183,277.938
STARLINK-34939,6927.59902698244,97.3628,37.2707,285.4159
STARLINK-34947,6927.62632036582,97.3604,37.5258,277.23
STARLINK-34945,6927.65013251337,97.3617,37.2766,283.7068
STARLINK-34965,6927.61729309092,97.3613,37.2834,285.3602
STARLINK-34915,6927.6108853693,97.361,37.2802,277.3279
STARLINK-34972,6927.61286074959,97.3613,37.2871,280.4151
STARLINK-34866,6927.60399302084,97.3606,37.2937,279.5937
STARLINK-34917,6927.68402752436,97.3587,37.6006,221.9352
STARLINK-34948,6927.62111809983,97.3617,37.612,279.3407
STARLINK-34955,6927.6277252247,97.3611,37.62,273.9328
STARLINK-34950,6927.62916996023,97.3619,37.6239,271.6407
STARLINK-34926,6927.62549830899,97.3621,37.6372,274.0003
STARLINK-34928,6927.61639128526,97.3606,37.3832,284.8128
STARLINK-34927,6927.64223089438,97.3614,37.6278,273.9966
STARLINK-34952,6927.62541855722,97.361,37.6318,273.2281
STARLINK-34981,6853.33120459032,53.161,64.0528,266.2713
STARLINK-34821,6840.83168322576,53.1606,59.4242,269.5109
STARLINK-34865,6840.82312329899,53.1597,60.0433,265.9699
STARLINK-34843,6840.82515330698,53.1603,59.5073,273.9528
STARLINK-34905,6840.82662157138,53.1601,59.5228,281.3686
STARLINK-34914,6840.82062963091,53.1603,59.4958,262.6682
STARLINK-34787,6840.83936043287,53.16,59.404,254.9235
STARLINK-34796,6840.8472308557,53.1611,59.9542,255.5148
STARLINK-34763,6840.83292857845,53.1603,59.6159,267.1959
STARLINK-34901,6840.77569941203,53.1598,60.0123,259.3028
STARLINK-34841,6840.80372684178,53.1606,59.4894,258.9192
STARLINK-34976,6840.83353193569,53.1594,59.5994,280.8163
STARLINK-34941,6840.83199530693,53.1604,60.003,251.6355
STARLINK-34847,6853.27990609164,53.1607,60.906,280.6198
STARLINK-34897,6840.80662768229,53.1598,59.5648,283.7001
STARLINK-34907,6840.82507305773,53.1599,60.0221,270.3931
STARLINK-34511,6840.81109783598,53.1609,59.9898,293.7843
STARLINK-33913,6840.82773317289,53.1602,61.7442,257.5607
STARLINK-34302,6840.83024765284,53.16,59.8949,217.9719
STARLINK-34871,6840.82887746904,53.1622,59.4437,255.241
STARLINK-34833,6840.82053749304,53.1586,59.9668,272.6848
STARLINK-34960,6840.94478971717,53.1609,60.0876,271.2629
STARLINK-34603,6840.82793528231,53.1615,59.4714,262.9045
STARLINK-34974,6840.82057315931,53.16,59.8344,291.8172
STARLINK-34999,6840.89747369567,53.1602,60.0761,260.6449
STARLINK-34996,6840.81027751468,53.1596,60.0577,276.2129
STARLINK-34975,6840.96754295431,53.16,59.6262,244.4823
STARLINK-34257,6840.83062215005,53.1603,59.9552,245.8936
STARLINK-34842,6927.64386581603,97.3586,207.9014,263.53
STARLINK-34938,6927.64597925276,97.359,207.7903,263.7751
STARLINK-34958,6927.62690316745,97.3608,207.5758,258.6763
STARLINK-34818,6927.6179280359,97.361,207.8821,274.3136
STARLINK-34964,6927.65285636862,97.3598,207.7554,246.5959
STARLINK-34953,6927.64054382803,97.3595,207.7827,232.3501
STARLINK-34969,6927.6392923322,97.3608,207.6123,276.5774
STARLINK-34963,6927.4183170899,97.3626,207.9558,220.9303
STARLINK-34982,6927.59716203641,97.3564,207.5821,229.1675
STARLINK-34990,6927.60859405262,97.3613,207.8745,203.8994
STARLINK-34977,6927.62433270643,97.36,207.7865,269.7077
STARLINK-34959,6927.63096131063,97.3571,207.5724,238.7829
STARLINK-34923,6927.5633447706,97.3598,207.5697,253.6635
STARLINK-34962,6927.72962233607,97.3631,207.6088,238.8059
STARLINK-34925,6927.61314601425,97.3601,207.8907,278.5466
STARLINK-34973,6927.61881143785,97.3594,207.9016,274.3023
STARLINK-34989,6927.61926540841,97.358,207.7066,248.7095
STARLINK-34961,6927.62023162978,97.3614,207.6168,253.3382
STARLINK-34933,6927.62840925013,97.3607,207.5801,264.8124
STARLINK-34979,6927.62155980128,97.3605,207.5712,245.1709
STARLINK-34987,6927.62442779505,97.3594,207.7782,265.3626
STARLINK-34971,6927.62042794146,97.3599,207.8776,228.3477
STARLINK-34966,6927.61061237431,97.3655,207.8873,265.8558
STARLINK-34980,6927.71427572089,97.3639,207.6047,240.0998
STARLINK-34922,6927.64186894188,97.3615,217.5614,236.8422
STARLINK-34904,6927.62618540125,97.3614,217.5241,270.0685
STARLINK-34954,6927.63531699625,97.3595,217.4954,239.4013
STARLINK-34968,6927.62073774586,97.3605,217.2902,265.8308
STARLINK-34935,6927.62723444422,97.3582,217.3827,267.8925
STARLINK-35000,6927.52167878583,97.3629,217.5147,186.9611
STARLINK-35023,6927.65205884316,97.3597,217.5329,263.4132
STARLINK-35001,6927.62787245886,97.3592,217.555,260.9247
STARLINK-35010,6927.62839084586,97.3588,217.5641,257.7535
STARLINK-35021,6927.61763970338,97.3611,217.3879,227.2448
STARLINK-35015,6927.63543355695,97.3596,217.5024,228.6351
STARLINK-35006,6927.62382658969,97.3592,217.5468,267.3833
STARLINK-34995,6927.61428093846,97.3615,217.2749,260.7892
STARLINK-35048,6927.61539439159,97.3598,217.5415,253.7196
STARLINK-35007,6927.61413063766,97.36,217.5163,251.3845
STARLINK-35018,6927.62075615009,97.3608,217.369,257.5482
STARLINK-34845,6927.67074860595,97.3598,217.3779,270.1251
STARLINK-34984,6927.62636024171,97.3593,217.551,261.6338
STARLINK-35002,6927.62030831403,97.3593,217.4993,239.6035
STARLINK-35017,6927.61988194962,97.3601,217.3865,277.6379
STARLINK-34951,6927.62281742385,97.3593,217.5368,251.716
STARLINK-34613,6927.64291799079,97.3595,217.5203,235.6903
STARLINK-34834,6927.64645469956,97.3602,217.2405,249.8653
STARLINK-34872,6927.62080522802,97.359,217.508,201.0532
STARLINK-34899,6848.87799086245,53.1578,118.0986,274.0687
STARLINK-34196,6848.9747273479,53.1591,118.0602,293.3738
STARLINK-34911,6853.30776916966,53.1573,118.882,266.5103
STARLINK-34902,6853.39125559778,53.1583,118.8076,277.8522
STARLINK-34880,6853.44934616683,53.1583,118.8244,291.3637
STARLINK-34885,6848.86845780398,53.1579,118.1758,265.2246
STARLINK-34908,6853.35488504879,53.1594,118.739,264.1321
STARLINK-34864,6848.8215710208,53.1593,118.3251,198.4399
STARLINK-34918,6848.86401024709,53.1586,118.0827,263.4987
STARLINK-33890,6848.86466307168,53.158,118.1103,279.4182
STARLINK-34602,6848.86895562079,53.1595,118.1718,265.6548
STARLINK-34878,6848.88768790686,53.1595,114.9635,285.7656
STARLINK-34874,6853.33327972004,53.1566,121.6439,251.9526
STARLINK-34835,6853.36754198093,53.1573,118.9376,258.1027
STARLINK-34854,6848.85000585573,53.1601,118.2913,261.4985
STARLINK-34751,6848.86395957121,53.158,118.1994,268.558
STARLINK-34777,6848.86012907399,53.1578,118.2322,292.1807
STARLINK-35020,6848.83592403247,53.1599,115.8701,286.0798
STARLINK-35016,6853.39740648129,53.1587,118.7823,265.0873
STARLINK-35092,6848.90719537593,53.1596,115.9041,292.8971
STARLINK-34838,6853.30904110861,53.1583,118.935,274.5365
STARLINK-35088,6853.36664324426,53.1582,118.8975,269.5766
STARLINK-34831,6848.83365854692,53.1575,116.4348,275.0636
STARLINK-34873,6853.4354974784,53.1583,116.4355,281.8356
STARLINK-34881,6848.84164737273,53.1565,116.9854,268.5002
STARLINK-34859,6853.40472784217,53.1577,118.8358,272.08
STARLINK-34895,6848.84298878234,53.1581,118.1421,269.8807
STARLINK-34892,6848.84601440863,53.1594,115.9261,261.2532
STARLINK-34244,6840.81663798341,53.1582,75.6264,228.9875
STARLINK-34716,6853.33760316081,53.1603,76.5028,315.8296
STARLINK-34828,6853.34511545395,53.1612,76.3409,229.9973
STARLINK-34785,6840.81774958086,53.1616,75.8228,268.1104
STARLINK-34823,6853.3350921008,53.1597,76.4383,284.4264
STARLINK-34680,6853.33821226489,53.1609,76.6754,278.1296
STARLINK-34860,6840.69787501619,53.1608,75.9279,214.7438
STARLINK-34782,6853.35475665842,53.1591,76.0063,246.6996
STARLINK-34760,6853.34158025461,53.1596,76.3769,231.2152
STARLINK-34826,6840.84312622526,53.1589,75.6763,270.0163
STARLINK-34800,6853.33747775705,53.1598,75.9872,281.969
STARLINK-34817,6840.84312919747,53.1589,75.607,269.4892
STARLINK-34797,6840.82328379737,53.1606,75.8829,254.8553
STARLINK-34729,6853.32474034739,53.1593,76.4609,306.6859
STARLINK-34710,6853.32977737972,53.1593,76.6821,293.6151
STARLINK-34943,6840.80356634454,53.1609,75.8966,246.1633
STARLINK-34946,6840.83425715343,53.1609,75.8405,265.0606
STARLINK-34259,6840.81126130584,53.1616,75.8053,253.4483
STARLINK-34913,6840.78763555486,53.1612,75.9622,296.4599
STARLINK-34870,6853.31171337665,53.1595,76.4677,307.4084
STARLINK-34869,6853.32556741134,53.1606,76.4787,268.9596
STARLINK-34903,6853.33849293054,53.1583,76.3884,273.4092
STARLINK-34891,6840.8432629471,53.1587,75.6768,258.6389
STARLINK-34900,6853.33617893268,53.159,76.4123,263.2239
STARLINK-34305,6853.32919514966,53.1596,76.3977,260.1119
STARLINK-34249,6840.79240586555,53.1577,75.6284,233.6229
STARLINK-34879,6853.34965986385,53.1579,76.3453,262.3643
STARLINK-34912,6853.36928272422,53.1588,76.3057,270.3869
STARLINK-34985,6928.02583816959,97.363,36.3762,267.791
STARLINK-35051,6927.60535492545,97.3616,36.1723,278.2655
STARLINK-35028,6927.62809024273,97.3612,36.515,270.8858
STARLINK-35032,6927.62021015819,97.3605,36.3994,272.8286
STARLINK-35054,6927.62275914377,97.3611,36.3666,273.9272
STARLINK-35012,6927.6304674622,97.3599,36.3869,272.2429
STARLINK-35073,6927.61779920647,97.3624,36.4092,264.7076
STARLINK-35066,6927.61952306741,97.36,36.5029,276.1401
STARLINK-34703,6927.61839734315,97.361,36.1658,285.1969
STARLINK-34957,6927.62235731797,97.3611,36.5101,279.4226
STARLINK-34993,6927.62262417937,97.3606,36.3829,272.5285
STARLINK-35083,6927.62500446153,97.3612,36.3728,268.9232
STARLINK-34786,6927.60970136875,97.3605,36.1819,278.7654
STARLINK-35082,6927.62659029498,97.36,36.5178,269.4739
STARLINK-35097,6927.63369128181,97.3599,36.403,266.7183
STARLINK-35058,6927.62617619911,97.3604,36.3951,274.0454
STARLINK-35094,6927.62184506684,97.3607,36.1389,264.7442
STARLINK-34811,6927.61167061347,97.3606,36.1222,272.3281
STARLINK-34940,6927.62067026371,97.3617,36.1625,285.1711
STARLINK-34931,6927.62840925013,97.3606,36.382,271.7863
STARLINK-34836,6927.60339181992,97.3606,36.4095,276.3145
STARLINK-34876,6927.59478484551,97.3612,36.5066,277.6437
STARLINK-34909,6927.6130693302,97.3604,36.1699,284.2821
STARLINK-34848,6927.60134283,97.3608,36.1777,300.8739
STARLINK-35031,6840.82784314419,53.1582,151.0588,272.0256
STARLINK-34830,6848.91903883835,53.1565,141.5985,257.1889
STARLINK-35036,6853.36939618608,53.1565,144.0108,287.6413
STARLINK-35035,6853.29281945254,53.1577,143.9949,253.7277
STARLINK-35008,6853.39067932639,53.1576,143.9751,278.804
STARLINK-35022,6848.86688983069,53.1562,143.309,265.868
STARLINK-35024,6848.85156785752,53.1557,143.3352,288.4124
STARLINK-34983,6848.84062194006,53.1574,143.2449,329.6406
STARLINK-34992,6848.8721869608,53.1567,143.2733,274.9107
STARLINK-35003,6853.42524089462,53.1573,141.1193,263.9019
STARLINK-34238,6853.35077058804,53.1569,142.3004,261.1273
STARLINK-34855,6853.33535485133,53.1578,142.3735,269.5346
STARLINK-34255,6853.33403811316,53.1576,142.2592,284.7004
STARLINK-34997,6853.36597740299,53.1576,143.9808,269.6488
STARLINK-35085,6848.86094286789,53.1581,140.9814,274.8885
STARLINK-35138,6848.86604324472,53.1563,143.3687,278.552
STARLINK-35146,6848.83980815219,53.1574,143.3904,269.4468
STARLINK-35074,6853.34664120439,53.1575,143.9926,262.9327
STARLINK-34837,6848.85245617191,53.1572,141.6266,292.5467
STARLINK-34670,6848.81852157443,53.1563,143.3269,283.8949
STARLINK-35095,6848.85899035911,53.1582,141.7697,278.973
STARLINK-34883,6853.36160913002,53.158,143.8265,323.198
STARLINK-34916,6853.34532446081,53.1587,141.7187,275.9124
STARLINK-35004,6853.35541652531,53.1562,142.2779,254.5423
STARLINK-35014,6853.3097576942,53.1579,142.3081,285.6022
STARLINK-35025,6840.8750985167,53.1573,143.2677,273.0514
STARLINK-35034,6853.29386446706,53.1564,144.0604,293.9643
STARLINK-35142,6927.61046820842,97.36,19.1661,273.0797
STARLINK-34978,6927.611121556,97.3601,19.0582,281.3181
STARLINK-35043,6930.1414709894,97.4709,20.0671,274.9205
STARLINK-35080,6927.63795495003,97.3617,19.3023,275.4108
STARLINK-35068,6927.62912701691,97.3597,19.1757,274.5356
STARLINK-35045,6927.61456006854,97.362,19.227,277.1449
STARLINK-35050,6927.62469465665,97.3613,19.319,272.2821
STARLINK-35065,6927.57565083353,97.3593,19.1917,267.9705
STARLINK-34679,6927.62861476453,97.3609,19.0531,269.5818
STARLINK-34678,6927.61931755368,97.3602,19.1985,273.9399
STARLINK-35049,6927.61984514119,97.3614,19.2149,271.3961
STARLINK-35029,6927.61295890517,97.3618,18.9697,275.1884
STARLINK-34991,6927.61025962801,97.3609,19.2984,281.6879
STARLINK-34920,6927.61536065058,97.3614,19.3165,270.8511
STARLINK-35030,6927.63575563258,97.3617,19.2081,274.1297
STARLINK-35009,6927.62769148354,97.3609,19.3274,271.5828
STARLINK-34970,6927.6239554194,97.3621,19.1788,270.1539
STARLINK-35039,6927.61597105619,97.3621,18.9656,275.6163
STARLINK-35084,6927.58560430676,97.3587,19.2023,270.0715
STARLINK-34988,6930.1955063595,97.4664,20.3655,274.636
STARLINK-35059,6930.1011754118,97.4679,19.8885,279.5542
STARLINK-34728,6927.63419433297,97.3613,19.1876,271.6891
STARLINK-35005,6927.62643692613,97.3596,19.07,270.0941
STARLINK-35076,6927.6229247819,97.3608,19.1949,270.4136
STARLINK-34784,6848.85212528967,53.1566,168.8099,283.7377
STARLINK-34867,6840.73380741044,53.1578,166.584,273.6962
STARLINK-34850,6840.86676731655,53.1583,166.5568,262.4352
STARLINK-35159,6840.90973434888,53.1563,168.822,278.0199
STARLINK-35180,6840.84074548298,53.1581,166.5996,308.615
STARLINK-35111,6848.8508315703,53.1568,167.0912,291.9879
STARLINK-35107,6848.79978976128,53.1577,166.567,298.6969
STARLINK-35169,6840.82434784243,53.1576,168.8995,269.6734
STARLINK-35027,6840.86659195442,53.1575,168.8076,274.6283
STARLINK-34816,6853.35180368138,53.1578,167.8417,283.0652
STARLINK-35033,6848.87748708211,53.1582,166.5865,260.1716
STARLINK-34924,6840.87739012133,53.1579,166.5712,266.6768
STARLINK-34829,6848.84854222509,53.1555,168.8311,284.1396
STARLINK-34888,6840.85538366273,53.1565,167.0562,261.7502
STARLINK-34799,6840.8558354413,53.1582,166.5206,280.5828
STARLINK-34762,6840.86280829632,53.1591,166.4912,275.2758
STARLINK-34998,6853.35526424832,53.1583,167.2978,274.429
STARLINK-34832,6840.86816724173,53.1577,166.4656,294.212
STARLINK-35098,6848.84963920276,53.1569,166.5275,267.3823
STARLINK-35071,6840.84859510425,53.1571,168.8532,279.6577
STARLINK-35093,6848.8591155581,53.1569,167.0349,274.4969
STARLINK-35096,6848.84287848863,53.1565,167.0633,285.522
STARLINK-35040,6840.83934259961,53.1585,166.5059,301.6934
STARLINK-35042,6840.81655179004,53.157,168.7345,282.8141
STARLINK-35038,6840.85319610439,53.1573,166.4743,269.1108
STARLINK-35037,6841.23047174575,53.1568,167.5869,266.8285
STARLINK-35089,6840.78990925331,53.1586,166.451,269.4691
STARLINK-35143,6848.86044505254,53.1587,167.0981,285.5988
STARLINK-35226,6840.80675548578,53.1576,178.5122,265.9363
STARLINK-35242,6840.8578892514,53.1576,178.4379,285.4218
STARLINK-35223,6840.88190200221,53.158,178.6455,290.6366
STARLINK-34446,6853.35623762686,53.158,182.2922,264.3251
STARLINK-35212,6853.40341107068,53.158,182.2508,250.0556
STARLINK-34455,6840.85562441314,53.1573,178.6048,262.8485
STARLINK-35203,6843.47370264255,53.1569,179.6578,225.541
STARLINK-35166,6842.96850468135,53.158,179.6528,224.7208
STARLINK-35207,6853.36252876586,53.1571,182.264,290.9403
STARLINK-35140,6840.85793086262,53.1573,178.4865,268.0619
STARLINK-35114,6840.79895056702,53.157,180.8564,273.2595
STARLINK-35126,6853.35828590309,53.1568,182.2431,248.2321
STARLINK-35182,6840.84924899269,53.1566,180.8783,254.1184
STARLINK-35072,6840.85513102343,53.1576,178.5357,268.6954
STARLINK-35184,6840.85146329788,53.158,178.6332,285.4616
STARLINK-35163,6853.33547428339,53.1565,182.318,285.0916
STARLINK-35119,6840.86489183403,53.1566,180.9188,275.4592
STARLINK-35168,6840.87943503085,53.1578,180.8183,270.55
STARLINK-35122,6840.84313216968,53.1576,178.5224,273.4391
STARLINK-35124,6840.86116762296,53.1577,178.4431,286.3267
STARLINK-35149,6840.88147994189,53.1573,180.7997,281.1955
STARLINK-35019,6840.84830382672,53.1571,180.8387,291.1959
STARLINK-35026,6840.97557128079,53.1577,179.5818,247.2677
STARLINK-35241,6853.33616698947,53.1566,182.2666,276.2271
STARLINK-35216,6853.36415007265,53.1559,182.2998,290.6064
STARLINK-35228,6840.93417259535,53.1569,178.4934,259.1038
STARLINK-35232,6840.86184529227,53.1569,180.9248,287.8697
STARLINK-35164,6840.86403582976,53.1568,180.8825,285.1858
STARLINK-35112,6927.63183858198,97.3591,234.5147,243.0608
STARLINK-35187,6927.63833223897,97.362,234.7616,257.6814
STARLINK-35188,6927.61160006418,97.3568,234.7197,272.8714
STARLINK-35078,6927.60241946972,97.3611,234.4155,234.7182
STARLINK-35055,6927.62493084452,97.361,234.3007,253.0131
STARLINK-35057,6927.61870101259,97.3604,234.6355,243.8397
STARLINK-34674,6927.61481465974,97.3585,234.7701,272.587
STARLINK-35067,6927.62946749609,97.3597,234.5264,241.2317
STARLINK-35063,6927.59958217221,97.3582,234.787,248.3802
STARLINK-35077,6927.62967301057,97.36,234.724,239.5608
STARLINK-35152,6927.67346327918,97.3591,234.7536,196.5485
STARLINK-35064,6927.62245854126,97.36,234.737,249.2659
STARLINK-35170,6927.58574233669,97.3607,234.7754,257.6633
STARLINK-35172,6927.62675286596,97.3593,234.5212,251.23
STARLINK-35125,6927.65683172973,97.3594,234.6409,258.3742
STARLINK-35133,6927.6062444581,97.3611,234.7661,151.541
STARLINK-35044,6927.62424375258,97.3606,234.7412,236.8578
STARLINK-35136,6927.6067873799,97.3602,234.7228,188.1863
STARLINK-35144,6927.62836630682,97.3598,234.7286,248.4206
STARLINK-35110,6927.61487293965,97.3572,234.6525,219.7821
STARLINK-35052,6927.63350417134,97.3589,234.7572,259.404
STARLINK-35087,6927.63284468372,97.3601,234.7496,270.9861
STARLINK-35100,6927.59365606396,97.3583,234.5184,244.4255
STARLINK-35105,6927.64128306971,97.3574,234.7633,267.3705
STARLINK-35267,6927.63697952031,97.3588,233.3771,238.5746
STARLINK-35269,6927.61607841398,97.3639,233.6189,238.8232
STARLINK-35191,6927.63781998489,97.3623,233.5901,206.7345
STARLINK-35261,6927.61212765022,97.358,233.5103,238.8931
STARLINK-35253,6927.61454166436,97.3606,232.8185,227.3075
STARLINK-35263,6927.62178678678,97.3607,233.6037,219.1356
STARLINK-35248,6927.61716426152,97.3572,233.6243,251.5134
STARLINK-35245,6927.61482079447,97.3582,233.65,244.8377
STARLINK-35229,6927.61493121957,97.3567,233.3807,227.9925
STARLINK-35234,6927.62127760313,97.3606,233.5856,308.4629
STARLINK-35255,6927.77332522553,97.3618,233.6106,260.8698
STARLINK-35250,6927.6102381565,97.3599,233.6287,226.8004
STARLINK-35251,6927.62552898274,97.3611,233.5999,268.1472
STARLINK-35171,6927.77544796362,97.3606,233.616,267.6295
STARLINK-35195,6927.63582924987,97.3588,233.6539,263.7321
STARLINK-35156,6927.62157207077,97.3585,233.6452,255.3953
STARLINK-35185,6927.62017334975,97.3595,233.6123,251.5975
STARLINK-35053,6927.61348035674,97.3573,233.6337,237.8456
STARLINK-35178,6927.63560533061,97.3623,233.5952,215.8344
STARLINK-35186,6927.62515783029,97.3587,233.3753,248.2085
STARLINK-35154,6927.60884864327,97.3588,233.6394,276.7498
STARLINK-35162,6927.61284848014,97.3609,233.37,272.1205
STARLINK-35206,6927.59791967058,97.3635,233.5901,269.9654
STARLINK-35174,6927.6370101942,97.3593,233.5767,284.052
STARLINK-35247,6853.32031541021,53.1572,217.7659,286.7196
STARLINK-35239,6840.84782827165,53.1588,213.9523,281.5976
STARLINK-35151,6840.87195982397,53.1581,212.5049,267.0024
STARLINK-35153,6840.82560805275,53.159,215.74,288.2293
STARLINK-35225,6840.88878575575,53.1578,216.1884,284.3411
STARLINK-35217,6853.41889586564,53.1592,217.8515,260.4208
STARLINK-35128,6840.83177536401,53.1578,216.2423,264.0677
STARLINK-35135,6840.86696942884,53.1573,214.5572,269.5378
STARLINK-34877,6840.94909364615,53.1572,214.4651,269.9525
STARLINK-35104,6840.85665577626,53.1586,213.9904,297.3899
STARLINK-35117,6853.33003415814,53.1585,217.8705,328.5648
STARLINK-35103,6840.85590974699,53.1581,216.1606,287.4363
STARLINK-35123,6848.90364801105,53.1576,215.8965,267.4352
STARLINK-35150,6853.38545705907,53.1598,216.0184,263.2918
STARLINK-35209,6840.83799618892,53.159,214.5684,276.6466
STARLINK-35147,6840.82166692522,53.1578,216.2258,273.3292
STARLINK-35213,6840.86086445516,53.1575,216.1985,276.2477
STARLINK-35127,6840.78006549011,53.158,216.1462,316.1623
STARLINK-35091,6840.8408049272,53.1574,214.5011,286.7516
STARLINK-35134,6840.78485956481,53.159,213.9755,58.3577
STARLINK-35109,6840.82477286613,53.1585,213.9347,291.3077
STARLINK-35062,6840.86988816986,53.1566,213.9187,270.8436
STARLINK-35141,6848.85062588687,53.1585,216.013,276.8938
STARLINK-35237,6853.35010176482,53.16,217.8802,278.1223
STARLINK-35183,6853.4341687485,53.1579,215.9987,264.0804
STARLINK-35202,6840.85462277268,53.1582,212.4881,268.9623
STARLINK-34868,6840.83253624771,53.1567,214.4437,267.8932
STARLINK-35079,6853.3631020455,53.1582,218.0745,297.4913
STARLINK-35328,6927.62385419606,97.3598,208.6539,238.0883
STARLINK-34210,6927.60664014686,97.3608,208.9169,269.2633
STARLINK-35227,6927.62046781727,97.3595,208.6714,277.6962
STARLINK-35240,6927.61691887221,97.3606,208.6582,230.6051
STARLINK-35344,6927.61341594213,97.3596,208.9213,262.8825
STARLINK-34540,6927.61873782101,97.3601,208.9292,221.7308
STARLINK-35282,6927.6184402863,97.3601,208.937,241.9107
STARLINK-35120,6927.61425946692,97.3613,208.9335,239.2012
STARLINK-35246,6927.6272099052,97.3599,208.9403,266.3606
STARLINK-35220,6927.61761516444,97.3603,208.9447,268.7218
STARLINK-35176,6927.62671605744,97.36,208.9491,244.2404
STARLINK-35190,6927.62712095125,97.3589,208.7623,269.3845
STARLINK-35201,6927.62213953454,97.3615,208.7649,247.6464
STARLINK-35115,6927.62412719235,97.3595,208.9597,261.9668
STARLINK-35181,6927.6214401738,97.3592,208.9622,257.8611
STARLINK-35361,6927.61928994736,97.3627,208.9683,252.1992
STARLINK-35351,6927.61159392946,97.3609,208.7804,268.7592
STARLINK-35353,6927.62461797228,97.3595,208.785,257.9998
STARLINK-35359,6927.63513602045,97.3586,208.9786,256.3885
STARLINK-35194,6927.62900125434,97.3591,208.9862,218.1158
STARLINK-35198,6927.63605930392,97.3598,208.7924,263.43
STARLINK-35177,6927.62681114613,97.3599,208.8044,255.385
STARLINK-35254,6927.63030182362,97.3593,208.8083,266.393
STARLINK-34749,6927.62755958628,97.36,208.9903,271.3779
STARLINK-35189,6853.3222442281,53.1592,255.6268,267.4861
STARLINK-35222,6853.40811980066,53.1583,253.9036,277.5935
STARLINK-35233,6853.31898375035,53.161,256.233,276.0766
STARLINK-35205,6840.76036618145,53.1592,254.7205,266.6647
STARLINK-35070,6853.44796069765,53.16,255.5883,269.5361
STARLINK-35230,6840.80016618314,53.1609,255.5695,284.0045
STARLINK-35235,6840.83166242035,53.1601,254.0935,262.5265
STARLINK-34886,6848.83068360952,53.1606,255.5398,261.9631
STARLINK-34795,6843.34741672279,53.1587,254.0865,106.0633
STARLINK-35145,6840.79417727276,53.1602,255.5176,277.3461
STARLINK-35137,6840.83226280511,53.1589,245.4979,270.322
STARLINK-34856,6848.84199912008,53.1613,255.5086,282.7114
STARLINK-34930,6848.8548468718,53.1584,253.9271,192.5281
STARLINK-34875,6840.87314872231,53.1585,253.9923,156.8025
STARLINK-34790,6843.33764110453,53.1595,254.1876,60.4935
STARLINK-34691,6853.35009579318,53.1576,243.7266,274.9518
STARLINK-34825,6840.86343841027,53.1587,253.945,196.8714
STARLINK-35060,6853.34834013299,53.1578,243.7919,285.2109
STARLINK-35204,6840.81607029611,53.1598,255.6173,256.1251
STARLINK-35221,6853.37036658381,53.1588,255.6805,272.7718
STARLINK-34734,6848.77569852471,53.1591,255.0587,280.4136
STARLINK-35113,6840.84809279915,53.1605,254.0771,268.5984
STARLINK-35090,6840.8360642542,53.1611,255.4871,275.7129
STARLINK-35086,6848.791729517,53.1604,256.1627,240.3421
STARLINK-35101,6840.816052463,53.1598,254.1159,282.5698
STARLINK-35046,6840.9795899114,53.1589,255.0669,261.3763
STARLINK-35075,6853.32120517433,53.1594,255.6741,256.7684
STARLINK-34839,6848.84572525997,53.1613,255.474,257.6556
STARLINK-34086,6853.36757482513,53.1573,241.1202,262.5014
STARLINK-35099,6853.32877415262,53.1585,241.0088,277.4767
STARLINK-35167,6853.3222681144,53.1601,241.1293,284.8061
STARLINK-35121,6853.34706220418,53.1591,243.7152,234.2647
STARLINK-35108,6853.3367462352,53.1587,243.3402,269.9767
STARLINK-35106,6853.35996990976,53.1588,243.3282,290.6858
STARLINK-35130,6853.18391917992,53.1619,241.0895,289.1768
STARLINK-35284,6853.33971412505,53.1582,243.3813,261.0834
STARLINK-35316,6853.30991594021,53.1598,243.2926,274.5661
STARLINK-35319,6853.33619983329,53.1588,243.0836,255.1013
STARLINK-35173,6853.35578676743,53.1595,241.0504,283.557
STARLINK-34808,6853.37170424031,53.1573,240.9224,268.4014
STARLINK-34704,6853.3206020456,53.1586,243.6685,242.7844
STARLINK-35214,6853.36077309771,53.1586,241.1537,274.2085
STARLINK-35265,6853.31369891827,53.1595,243.3207,283.0394
STARLINK-35288,6853.31719825227,53.159,241.1444,269.7308
STARLINK-35165,6853.31022347493,53.1602,241.0629,269.4828
STARLINK-35260,6853.33826899518,53.1591,241.025,282.9983
STARLINK-34893,6853.32229797227,53.1578,243.3564,258.3249
STARLINK-34894,6853.34111446855,53.159,241.1043,283.1937
STARLINK-35287,6853.33794951409,53.1588,242.7573,258.7684
STARLINK-35294,6853.37606058599,53.1599,240.9835,278.112
STARLINK-35275,6853.34518114182,53.1592,243.3452,252.9531
STARLINK-35211,6856.21172125347,53.1596,241.7961,286.9783
STARLINK-35313,6853.35289649152,53.1596,241.1329,296.9425
STARLINK-34692,6853.41793440841,53.1587,243.4109,264.1554
STARLINK-34890,6853.34911345937,53.1594,240.9016,260.8524
STARLINK-34889,6853.3254838092,53.158,243.3842,276.2085
STARLINK-35330,6927.61380856454,97.361,27.4744,272.7853
STARLINK-35373,6927.62027457296,97.3606,27.8368,281.8335
STARLINK-35383,6927.56554403058,97.3588,27.6097,253.8855
STARLINK-35378,6927.61975618747,97.3612,27.803,289.0043
STARLINK-35406,6927.60620151514,97.3602,27.5625,271.5451
STARLINK-35390,6927.63129258789,97.3604,27.849,270.4076
STARLINK-35412,6927.65929486142,97.3606,27.6188,287.4027
STARLINK-35414,6927.63109014067,97.3614,27.8274,272.1599
STARLINK-35357,6927.61582382266,97.3607,27.8188,275.5735
STARLINK-35300,6927.61492201748,97.3611,27.4792,277.4011
STARLINK-35296,6927.633979616,97.362,27.8645,271.6315
STARLINK-34919,6927.62304440945,97.361,27.8409,271.3368
STARLINK-35286,6927.61079334851,97.3622,27.8003,270.8029
STARLINK-35266,6927.63260849516,97.3617,27.8069,286.4251
STARLINK-35273,6927.63435383701,97.3604,27.5575,273.8009
STARLINK-35047,6927.61854150945,97.3609,27.5791,262.1156
STARLINK-35285,6927.64195482891,97.3615,27.8226,279.1864
STARLINK-34580,6927.62000464441,97.3614,27.5799,273.2146
STARLINK-35289,6927.60396848202,97.3618,27.591,275.4952
STARLINK-35268,6927.62464557865,97.3604,27.8567,278.554
STARLINK-35224,6927.62409958598,97.3606,27.8528,273.5658
STARLINK-35271,6927.53575141439,97.3659,27.8729,294.1113
STARLINK-35215,6927.61766730968,97.3611,27.6241,274.6695
STARLINK-35157,6927.61490054593,97.3625,27.6264,275.8742
STARLINK-35392,6853.41605031153,53.1597,357.4072,251.2767
STARLINK-35281,6853.31833583536,53.1616,357.7327,270.1481
STARLINK-35397,6840.83103528592,53.1618,356.3101,265.18
STARLINK-35381,6840.83114822956,53.1611,356.39,274.2259
STARLINK-35393,6840.82155992636,53.1599,355.937,264.7242
STARLINK-35396,6840.81741669601,53.1602,357.0508,276.9805
STARLINK-35244,6853.29393313946,53.1594,359.5723,299.5987
STARLINK-35368,6853.33951706184,53.1619,357.4624,289.7263
STARLINK-35337,6840.80190787368,53.1585,355.9152,259.3623
STARLINK-35277,6840.73480900668,53.1597,356.5182,245.4219
STARLINK-35345,6840.78495764578,53.1603,356.5061,262.0451
STARLINK-35320,6853.42394202867,53.1608,357.3776,278.2128
STARLINK-35349,6853.31288977256,53.1608,357.7244,270.4573
STARLINK-35356,6853.33979474182,53.1609,357.1084,270.1214
STARLINK-35314,6840.79007569406,53.1607,356.4137,276.1277
STARLINK-35324,6853.32835912724,53.162,357.437,266.335
STARLINK-35102,6840.77338114332,53.1597,356.4949,263.2951
STARLINK-35364,6840.79474792768,53.1585,355.9283,261.2163
STARLINK-35298,6840.75152115477,53.1611,356.3608,272.6124
STARLINK-35301,6840.81325266667,53.1615,355.9871,264.0963
STARLINK-35148,6840.80149474221,53.159,355.9774,270.3598
STARLINK-35302,6840.83236088778,53.1587,355.949,259.6707
STARLINK-35290,6840.79398408232,53.1603,356.4618,279.0345
STARLINK-35262,6853.3343874518,53.1597,357.4682,273.0071
STARLINK-35308,6840.79381466918,53.1617,356.3451,268.695
STARLINK-35231,6853.3002868365,53.1621,357.7921,279.5742
STARLINK-35252,6853.32917723489,53.1605,357.4473,268.4582
STARLINK-35208,6840.82972157351,53.1577,204.0931,279.4744
STARLINK-35200,6853.35007787827,53.1562,204.9496,282.3404
STARLINK-35459,6840.81158527339,53.1581,204.0662,296.4661
STARLINK-35489,6840.84310244754,53.1573,202.3929,272.9921
STARLINK-35199,6853.33698808526,53.1569,204.8579,289.0527
STARLINK-35408,6840.85397185518,53.1571,202.4346,282.29
STARLINK-35303,6840.83560653448,53.1572,202.4042,271.4662
STARLINK-35258,6840.84620544056,53.1579,204.1001,294.267
STARLINK-35386,6840.84844946548,53.1584,202.5874,276.0411
STARLINK-35469,6840.83537173024,53.1571,204.1542,280.4025
STARLINK-35471,6853.33341408101,53.1577,204.8145,280.8297
STARLINK-35475,6840.93128648118,53.1572,204.1253,276.2114
STARLINK-35312,6840.83772571797,53.1571,202.3645,267.743
STARLINK-35456,6853.3415026236,53.157,204.8607,276.7917
STARLINK-35450,6840.85074996447,53.1574,204.1406,277.8348
STARLINK-35441,6840.85784466795,53.1577,202.4149,290.7906
STARLINK-35433,6853.36334986954,53.1573,204.8368,275.4162
STARLINK-35465,6853.26836622639,53.1558,204.9151,301.5024
STARLINK-34108,6853.38464192048,53.1572,204.831,280.2997
STARLINK-35423,6840.85735127784,53.1581,201.9144,278.8205
STARLINK-35425,6840.85274432626,53.1572,202.4821,273.3103
STARLINK-34688,6840.85065188114,53.1572,204.1609,289.8746
STARLINK-34438,6840.83780299538,53.1588,202.6086,276.3907
STARLINK-35462,6853.3021290531,53.1584,204.7776,270.8089
STARLINK-35453,6840.65499452669,53.1576,204.1108,287.5064
STARLINK-35418,6840.85071727002,53.1563,202.3758,253.6311
STARLINK-35445,6840.85591271922,53.1575,204.1733,279.1963
STARLINK-35464,6840.91057550601,53.1576,204.0696,324.7709
STARLINK-35270,6840.8336300184,53.1604,279.7048,264.3375
STARLINK-35367,6840.80253202926,53.1605,279.6268,269.4231
STARLINK-35384,6853.29402868366,53.1607,281.2033,258.9788
STARLINK-35415,6840.8405106783,53.1607,279.58,285.7776
STARLINK-35413,6840.78840534275,53.1617,279.5525,272.9789
STARLINK-35332,6840.77522089743,53.161,279.5004,262.663
STARLINK-35362,6853.27808180441,53.1604,281.5509,223.5507
STARLINK-35193,6853.35805898028,53.1618,281.2999,294.616
STARLINK-34542,6853.2960560131,53.1614,281.596,258.4819
STARLINK-34791,6853.32702746347,53.1617,281.3468,297.6176
STARLINK-34853,6840.84612816292,53.1597,279.6613,284.2241
STARLINK-34921,6853.34155338234,53.1618,281.2589,304.6052
STARLINK-34672,6853.21797654824,53.1592,281.2134,271.7718
STARLINK-34898,6840.92868868379,53.1599,279.9821,272.769
STARLINK-34906,6848.83387019088,53.1607,280.8823,301.9039
STARLINK-34934,6840.83433740294,53.1612,279.5965,274.8663
STARLINK-34936,6840.7896001491,53.1606,279.6412,266.2844
STARLINK-35272,6840.83560059007,53.1611,279.5289,260.9092
STARLINK-35264,6840.83441765246,53.1611,279.5028,265.9271
STARLINK-35249,6853.45431176577,53.16,281.2191,298.9697
STARLINK-35278,6853.3208289653,53.1614,281.2926,270.4746
STARLINK-35210,6853.32995354166,53.1625,281.3525,271.4813
STARLINK-35348,6840.77016529176,53.1602,279.5559,276.4989
STARLINK-35380,6853.33728965141,53.1597,281.4677,275.6723
STARLINK-35385,6840.78636644557,53.1605,279.626,269.435
STARLINK-35347,6840.79206703947,53.1616,279.585,272.8372
STARLINK-35329,6840.80619077271,53.1589,279.6607,281.3767
STARLINK-35387,6853.32083195109,53.1612,281.326,274.7328
STARLINK-35523,6840.805510145,53.1607,73.6429,250.4329
STARLINK-35160,6840.81909003722,53.1612,73.5774,287.6669
STARLINK-35508,6840.80804838194,53.1608,73.5254,287.8755
STARLINK-35472,6840.83461084575,53.1602,73.966,328.9509
STARLINK-35524,6853.30394141327,53.1606,73.582,295.6002
STARLINK-35539,6853.32311309233,53.1592,74.1092,274.0946
STARLINK-35521,6852.14649931403,53.1589,74.119,245.09
STARLINK-35478,6841.37380702343,53.1607,74.3633,297.0255
STARLINK-35516,6853.31390792273,53.1592,74.0101,279.4585
STARLINK-35519,6853.32700357713,53.1604,73.5608,264.1423
STARLINK-33902,6840.79995515927,53.1616,73.6211,259.8861
STARLINK-35530,6840.83760980186,53.1602,74.035,254.9695
STARLINK-35544,6840.81420376489,53.1603,73.4697,260.608
STARLINK-35484,6840.82340862945,53.162,73.4881,269.7394
STARLINK-34994,6840.82400901239,53.1609,73.5013,247.0833
STARLINK-35458,6853.70018435902,53.1594,76.4812,112.236
STARLINK-35492,6840.85327041002,53.1615,73.6608,133.4564
STARLINK-35494,6840.81294058764,53.1616,73.4803,282.6169
STARLINK-35493,6840.82885369145,53.1605,73.6788,285.8871
STARLINK-35175,6853.31747891577,53.1595,74.067,273.8161
STARLINK-35513,6840.81377577065,53.1609,73.561,272.3968
STARLINK-35526,6853.33229440645,53.1581,74.0508,246.6252
STARLINK-35436,6853.42354789015,53.1589,74.0263,267.8629
STARLINK-35192,6840.84743296655,53.1614,73.5345,270.1751
STARLINK-33921,6853.33691344018,53.1599,73.6891,248.8195
STARLINK-35155,6840.81927431286,53.1608,73.5992,248.1559
STARLINK-35161,6840.79763984217,53.1605,73.6486,287.4348
STARLINK-35473,6840.84018967952,53.1606,74.0731,244.622
STARLINK-34849,6840.83811804946,53.1591,11.8022,273.3784
STARLINK-35336,6840.9225092649,53.1598,11.7851,87.7853
STARLINK-35196,6853.29990465882,53.1609,12.4441,290.6027
STARLINK-35236,6840.83259569176,53.1607,11.9511,268.4102
STARLINK-35276,6853.37882548066,53.1598,12.5208,275.0426
STARLINK-35297,6840.93893127224,53.1579,11.8492,290.3346
STARLINK-35256,6853.33319014606,53.1614,12.4057,319.4225
STARLINK-35293,6853.31718929492,53.1617,12.3612,269.7293
STARLINK-35307,6840.8012123862,53.1615,12.3385,274.1975
STARLINK-35395,6853.31192536674,53.161,12.4866,268.732
STARLINK-34622,6840.79511053138,53.1602,11.9643,285.5462
STARLINK-35243,6840.80783735747,53.1599,12.4497,308.7009
STARLINK-35398,6840.77880232862,53.1598,11.9156,262.6223
STARLINK-35376,6840.83690241648,53.1607,12.4008,275.1191
STARLINK-35382,6840.81884334564,53.1608,12.4259,278.8351
STARLINK-35430,6853.30890376307,53.1601,12.5003,259.4815
STARLINK-35432,6853.36539815109,53.1595,12.5388,260.826
STARLINK-35340,6853.30241270083,53.1603,12.463,283.1987
STARLINK-35394,6853.41871969798,53.161,12.4207,274.8552
STARLINK-35410,6840.865765672,53.1599,11.8183,278.1271
STARLINK-35280,6853.33042231161,53.1618,12.3776,264.6221
STARLINK-34812,6840.8268325973,53.1599,11.98,269.5159
STARLINK-35341,6840.91223998732,53.1618,12.3595,307.5994
STARLINK-35339,6840.83155839331,53.1613,12.3764,265.587
STARLINK-35399,6840.79289032748,53.1603,12.4836,274.5747
STARLINK-35431,6840.84054634483,53.161,11.9946,289.3162
STARLINK-35326,6840.81579091078,53.1592,11.7959,275.6169
STARLINK-35311,6840.88397960994,53.1584,11.8199,293.0312
STARLINK-35552,6840.85054190892,53.1565,150.8902,286.2768
STARLINK-35560,6853.32236664538,53.1588,154.6841,279.6966
STARLINK-35558,6853.28147957768,53.1563,157.2752,270.2095
STARLINK-35566,6853.29616051466,53.1577,156.6881,269.0161
STARLINK-35421,6840.90336771919,53.16,153.6485,46.5345
STARLINK-35562,6853.34400174623,53.157,155.2,267.8492
STARLINK-35542,6853.42943608655,53.157,156.9081,277.1819
STARLINK-35375,6853.35219183794,53.156,155.1883,292.5986
STARLINK-35179,6853.3647830693,53.1565,156.9307,275.5841
STARLINK-35401,6840.9025503425,53.1592,153.5556,135.8095
STARLINK-35422,6853.37988844308,53.1572,154.6422,276.694
STARLINK-35279,6853.34979422562,53.157,154.6009,273.0205
STARLINK-35295,6853.37347484467,53.1562,156.9787,279.8614
STARLINK-35323,6853.36250189338,53.1566,154.5229,260.565
STARLINK-35299,6853.34968076457,53.157,170.5382,261.1899
STARLINK-35274,6853.38859519564,53.1557,156.9865,282.2047
STARLINK-35321,6853.35721100575,53.1566,156.9503,298.7553
STARLINK-35131,6843.43717197677,53.1597,153.6659,41.155
STARLINK-34801,6853.32437309525,53.1571,156.9092,315.5024
STARLINK-35129,6853.33605352898,53.1579,154.7451,271.5931
STARLINK-35116,6853.4674737817,53.1586,154.6242,289.4348
STARLINK-35402,6853.35726475061,53.1575,156.7022,258.0873
STARLINK-35325,6841.02161348952,53.1589,153.5293,94.7963
STARLINK-35403,6848.85294802396,53.1584,153.8876,275.9218
STARLINK-35011,6848.86278508356,53.1578,153.9739,266.5417
STARLINK-35291,6853.36257653916,53.1562,155.1756,272.5482
STARLINK-35379,6853.39760653452,53.1568,156.9155,284.1598
STARLINK-35370,6853.36952457715,53.1563,156.9539,284.8397
STARLINK-35596,6853.34738467214,53.1607,12.6538,275.9315
STARLINK-35563,6840.80929372387,53.1609,12.3094,275.1466
STARLINK-35461,6853.33224961948,53.1612,12.3511,277.4012
STARLINK-35571,6853.32926979453,53.159,12.4092,285.8998
STARLINK-35570,6853.36301844221,53.1614,12.3137,281.7655
STARLINK-35532,6853.32398494263,53.162,12.2675,271.7097
STARLINK-35527,6840.81884037345,53.1588,16.6342,225.7624
STARLINK-35500,6853.31098783323,53.1598,12.4264,289.2701
STARLINK-35528,6853.50909220525,53.1601,12.3871,274.1937
STARLINK-35559,6853.30725860278,53.1609,12.3724,277.5799
STARLINK-34386,6853.31646673583,53.1612,12.3286,276.2704
STARLINK-35613,6853.3020603805,53.1605,12.3832,270.2241
STARLINK-34206,6840.81877498533,53.1597,16.6706,215.546
STARLINK-34460,6853.31515896408,53.1609,12.2874,291.0207
STARLINK-35609,6840.81136533211,53.1603,11.9159,271.0326
STARLINK-35595,6840.8328721066,53.1609,12.3355,279.6547
STARLINK-35599,6840.76391787191,53.1589,11.7841,266.786
STARLINK-35622,6840.8205493818,53.1614,12.2432,273.9069
STARLINK-35452,6840.70858335529,53.1597,11.8215,264.2034
STARLINK-35561,6840.78798626901,53.1608,12.3726,265.0792
STARLINK-35584,6840.76597755728,53.1585,11.7675,265.0403
STARLINK-35593,6840.8166587887,53.1615,11.8833,273.2638
STARLINK-35590,6840.91701645982,53.1596,12.0641,267.7892
STARLINK-35545,6840.82672559824,53.1617,12.2656,267.4427
STARLINK-35427,6853.30721381622,53.1605,12.9728,284.7106
STARLINK-35574,6853.26972771896,53.161,12.9591,279.94
STARLINK-35531,6853.32080209323,53.1602,12.4198,257.9651
STARLINK-35491,6853.32692893232,53.1607,12.9461,270.6424
STARLINK-35496,6840.80813457504,53.1616,308.7869,292.6782
STARLINK-35428,6853.29205211355,53.1616,309.4097,289.5188
STARLINK-35573,6840.91470401596,53.1598,307.7322,163.391
STARLINK-35572,6853.31885834743,53.1614,309.3624,260.3159
STARLINK-35468,6853.39078681742,53.1615,309.444,265.784
STARLINK-35547,6853.32514641486,53.16,308.9538,259.5318
STARLINK-35553,6840.82380393107,53.1627,308.7356,276.1341
STARLINK-35631,6853.32722153999,53.1629,309.425,259.4084
STARLINK-35653,6853.43346705994,53.1603,309.346,264.8365
STARLINK-35628,6843.41391624781,53.1599,307.7833,135.3302
STARLINK-35645,6840.89698921523,53.161,309.1693,260.0332
STARLINK-35649,6843.53753653241,53.1597,307.6755,186.6036
STARLINK-35658,6840.90825415074,53.1607,307.5685,252.6189
STARLINK-35629,6853.30866490126,53.1626,309.4705,279.085
STARLINK-35612,6853.30169910293,53.1622,309.4227,270.3931
STARLINK-35632,6853.32241740377,53.1617,309.3817,269.7175
STARLINK-35637,6853.31936593069,53.1606,309.3403,263.7519
STARLINK-35630,6840.80384275645,53.1618,308.7455,278.4409
STARLINK-34412,6840.91828265742,53.1595,307.8203,114.3564
STARLINK-35520,6840.78550452156,53.1614,308.7698,270.8085
STARLINK-35525,6840.82624410252,53.1599,308.8738,280.2594
STARLINK-34852,6853.33373953317,53.1606,309.3824,268.7726
STARLINK-35592,6840.81478334053,53.1608,308.8083,276.2089
STARLINK-35576,6840.93847650763,53.1607,307.6344,196.2007
STARLINK-35623,6853.31272854061,53.1612,309.4534,272.1313
STARLINK-35549,6853.32518224434,53.1594,308.8761,275.3179
STARLINK-35625,6840.91131560561,53.1611,308.8204,291.7932
STARLINK-35603,6840.97567531331,53.1599,307.9947,292.6717
STARLINK-35318,6840.80323048925,53.1603,330.8122,289.1488
STARLINK-33948,6853.34042474704,53.1616,332.2294,266.6627
STARLINK-35081,6840.73529643051,53.1608,330.7699,268.2986
STARLINK-35601,6853.31431697438,53.1617,331.7955,267.7231
STARLINK-35605,6853.326445234,53.1619,331.8276,282.6292
STARLINK-35540,6840.84812846578,53.1622,330.4064,278.1874
STARLINK-35455,6840.8317545586,53.1614,330.7409,254.4227
STARLINK-34752,6840.79123483524,53.1597,330.9105,263.3651
STARLINK-34625,6853.34838790605,53.1613,332.1883,268.0709
STARLINK-35580,6840.77612740032,53.16,330.3056,208.4384
STARLINK-35621,6853.30660770479,53.1615,332.2787,294.0101
STARLINK-35594,6840.78721053693,53.1599,330.8554,264.4025
STARLINK-35587,6853.34542000681,53.1623,332.1755,265.6479
STARLINK-35586,6840.82628868546,53.159,330.9843,272.6299
STARLINK-35636,6853.33914682191,53.1609,332.8897,273.7887
STARLINK-35635,6853.24144105827,53.1618,332.1842,276.1865
STARLINK-35633,6853.31505744758,53.1609,331.762,269.2735
STARLINK-35607,6840.90111176013,53.1602,330.4092,283.8879
STARLINK-35614,6840.77128578675,53.1606,330.8209,333.4947
STARLINK-35575,6840.82606874299,53.1612,330.7779,272.8728
STARLINK-35624,6840.85145438121,53.1615,330.3568,313.9573
STARLINK-35641,6840.8259349942,53.1604,330.8026,271.1291
STARLINK-35578,6853.31977796893,53.1609,331.7933,265.7561
STARLINK-35638,6853.28515801536,53.1621,332.196,270.2981
STARLINK-35585,6840.83559167346,53.1597,331.1361,277.2045
STARLINK-35606,6840.82031755104,53.162,330.3672,269.84
STARLINK-35627,6853.33283185018,53.162,331.8333,271.9693
STARLINK-35634,6840.76941334181,53.161,330.7507,276.3636
STARLINK-35363,6852.30381419939,53.1594,154.7926,212.4252
STARLINK-35346,6840.84162822987,53.1593,154.6821,281.6486
STARLINK-35335,6853.29376295135,53.1581,154.8345,272.1023
STARLINK-35342,6853.36548474028,53.158,154.8475,274.0113
STARLINK-35333,6843.28676144945,53.1596,153.7668,66.495
STARLINK-35310,6840.81960125356,53.1583,154.6959,281.8818
STARLINK-35317,6840.90304671304,53.1582,153.6116,136.0435
STARLINK-35377,6840.84209189502,53.159,154.7413,274.3133
STARLINK-35365,6853.34390022866,53.1584,154.8448,277.4583
STARLINK-35350,6853.33874075237,53.1579,154.89,268.6398
STARLINK-35041,6853.35853671253,53.1572,154.7844,273.9169
STARLINK-34694,6853.31238219051,53.1572,154.7445,275.1152
STARLINK-34863,6853.36976344426,53.1564,154.8244,267.1173
STARLINK-35061,6853.33740311195,53.1569,161.5769,272.7807
STARLINK-34937,6840.86095659439,53.1599,154.7898,278.9661
STARLINK-35197,6853.39332181536,53.1561,154.6597,279.9809
STARLINK-35374,6848.85856706731,53.1578,154.0688,271.6801
STARLINK-34813,6843.46208203584,53.1592,153.5708,148.8016
STARLINK-35409,6853.33361711538,53.1584,154.7242,271.1433
STARLINK-35259,6853.36564597534,53.1579,156.8874,264.6091
STARLINK-35518,6853.38139331191,53.157,157.0631,281.0367
STARLINK-35509,6853.34800273584,53.1558,154.6529,271.4564
STARLINK-35551,6853.34965687803,53.1572,154.6722,274.3082
STARLINK-35543,6848.83306236682,53.1568,160.8664,270.4419
STARLINK-35534,6853.39803351387,53.1583,154.7139,279.7583
STARLINK-35548,6853.35276511541,53.1575,154.7343,272.5085
STARLINK-35490,6853.33335137922,53.1568,154.7729,271.7851
STARLINK-35748,6840.9461807653,53.1582,138.829,273.6999
STARLINK-35747,6840.87613285941,53.1579,141.1293,278.3923
STARLINK-35751,6840.82523058403,53.1608,141.1402,273.9994
STARLINK-35750,6840.86020461948,53.1607,138.9187,278.3362
STARLINK-35740,6840.81701247876,53.1578,138.8399,273.7026
STARLINK-35723,6840.86823857552,53.1595,138.9535,264.3829
STARLINK-35710,6853.30565823003,53.1574,141.8502,273.6067
STARLINK-34204,6853.3831788518,53.1573,141.197,280.5537
STARLINK-35714,6853.3499285874,53.1568,141.9009,267.1537
STARLINK-35712,6853.37359129256,53.1569,141.2667,268.232
STARLINK-35709,6853.36183903895,53.1581,139.6594,274.6456
STARLINK-35700,6853.34688006951,53.158,139.6203,274.6887
STARLINK-35722,6840.85921486626,53.1585,140.7153,283.1892
STARLINK-35737,6840.86173531961,53.1608,138.9654,282.9298
STARLINK-35677,6840.82533758303,53.1603,138.8754,277.2279
STARLINK-35704,6853.36996946716,53.1584,139.605,259.8894
STARLINK-35666,6853.35895771414,53.1584,139.6231,278.4434
STARLINK-35664,6853.37568735528,53.1591,139.6604,259.758
STARLINK-35733,6853.34292984031,53.1579,141.8709,268.848
STARLINK-35734,6853.3439927888,53.1582,139.6435,283.1438
STARLINK-34466,6840.8601511193,53.1597,138.8996,276.6007
STARLINK-34882,6840.83703022139,53.1587,138.9752,301.2813
STARLINK-35731,6840.85774361214,53.1584,138.8465,270.3321
STARLINK-35758,6840.86734987556,53.1595,138.9232,282.4176
STARLINK-35736,6853.24098126062,53.1586,139.5947,281.3159
STARLINK-35735,6853.32998041382,53.1557,148.5505,269.8242
STARLINK-35753,6853.34824458689,53.1576,141.8813,260.0437
STARLINK-35626,6853.25789231053,53.1576,141.861,307.6565
STARLINK-35537,6848.85948519327,53.1571,192.1581,278.5748
STARLINK-35541,6853.34145485067,53.1569,194.5627,271.9245
STARLINK-35454,6853.38460310436,53.1582,192.9614,262.5423
STARLINK-35557,6840.87316952804,53.1586,192.9012,278.8009
STARLINK-35556,6840.83382915605,53.1582,190.7806,269.6132
STARLINK-35554,6848.8644484444,53.158,192.8397,272.1793
STARLINK-35546,6853.35513884374,53.1549,192.7367,258.1813
STARLINK-35497,6853.30302478286,53.155,192.71,265.2354
STARLINK-35480,6853.34858496989,53.1566,195.1621,269.9897
STARLINK-35495,6853.3492448353,53.1563,192.6882,268.466
STARLINK-35517,6853.34881189191,53.1564,194.4694,276.5802
STARLINK-35503,6853.33087316687,53.1572,195.1423,275.1311
STARLINK-35434,6848.8196364254,53.1574,194.4832,258.9708
STARLINK-35481,6848.85888006476,53.1562,192.6881,279.8306
STARLINK-35416,6848.82515106922,53.1575,194.3946,317.4042
STARLINK-35304,6853.36120902881,53.1568,192.7666,283.9234
STARLINK-35338,6848.87076505149,53.1575,192.238,273.9118
STARLINK-35485,6848.85465013084,53.1578,192.2085,277.5355
STARLINK-35483,6853.37232230949,53.1554,192.6969,276.3944
STARLINK-35486,6848.83840116421,53.1568,194.4512,242.8233
STARLINK-35488,6848.86848165149,53.157,194.869,271.5461
STARLINK-35616,6853.34359866178,53.1585,195.0645,268.4909
STARLINK-35619,6853.35481936069,53.1562,194.4669,277.0376
STARLINK-35615,6853.37460050774,53.1554,192.6896,271.9329
STARLINK-34650,6853.33789875542,53.1561,194.5238,286.5552
STARLINK-35529,6848.85153506739,53.1579,192.7679,292.3629
STARLINK-35420,6848.84656587783,53.1577,195.0241,306.1397
STARLINK-35536,6848.83672291466,53.1586,192.1776,299.5189
STARLINK-35487,6848.86811201512,53.1567,192.7081,266.0612
STARLINK-35801,6840.86745687621,53.1591,99.9109,286.2743
STARLINK-35056,6853.35277108705,53.1597,101.5006,276.9654
STARLINK-35550,6840.80418752833,53.1586,102.0117,215.6824
STARLINK-35069,6840.83944662695,53.1607,101.4135,270.5616
STARLINK-34910,6840.85508049557,53.1605,102.13,252.512
STARLINK-35757,6840.82857133262,53.1595,99.9782,255.0921
STARLINK-35745,6840.84329266924,53.1602,99.7009,191.5099
STARLINK-35741,6840.84145584157,53.1572,97.7262,285.4386
STARLINK-35730,6840.81867095877,53.1584,99.9498,280.034
STARLINK-35760,6840.83387373911,53.1608,101.385,260.6227
STARLINK-35752,6840.79608837276,53.1613,99.7904,144.8728
STARLINK-35742,6853.46024481731,53.1583,101.5273,175.8104
STARLINK-35708,6840.87994328621,53.1607,102.1448,255.28
STARLINK-35713,6840.77849025351,53.1579,97.7082,264.5228
STARLINK-35724,6840.85683410998,53.1594,101.367,268.4137
STARLINK-35726,6840.85641502576,53.1576,97.7497,275.8321
STARLINK-35727,6840.8591524494,53.1613,101.4474,272.0682
STARLINK-35776,6840.87897433162,53.1621,103.5517,255.7682
STARLINK-35774,6840.86279046291,53.1616,101.4691,266.8559
STARLINK-35830,6853.34109953952,53.1577,112.796,275.8082
STARLINK-35819,6853.36456808928,53.1604,101.5395,288.0488
STARLINK-35783,6853.35924435357,53.1595,101.5124,287.1575
STARLINK-34884,6840.89858532596,53.1605,101.8526,289.3817
STARLINK-34896,6840.85717591631,53.1603,101.8243,269.7736
STARLINK-35802,6840.87305955492,53.1585,101.7834,237.5529
STARLINK-35799,6840.85908706032,53.1587,99.9302,264.903
STARLINK-35800,6840.83461084575,53.1578,97.7306,274.8469
STARLINK-35798,6840.80274602549,53.1579,101.7176,264.2532
STARLINK-35442,6861.15340980329,43.0117,29.5447,79.7665
STARLINK-34616,6861.18619185917,42.999,28.7564,83.7568
STARLINK-34615,6861.14622044057,43.0079,23.3899,87.5013
STARLINK-35292,6861.1368302809,43.0003,23.332,96.0464
STARLINK-35309,6861.14018989429,42.9965,23.9973,82.5839
STARLINK-35506,6861.13853703585,43.0033,23.2481,80.6253
STARLINK-35504,6861.14047135941,43.0047,24.0261,77.7476
STARLINK-35479,6861.15519442102,43.0064,26.7919,96.7961
STARLINK-35507,6861.09958735561,42.9881,26.6255,74.2867
STARLINK-35460,6861.190464814,43.0166,35.0557,68.2114
STARLINK-35505,6861.16361447874,43.0063,23.4398,87.4405
STARLINK-35512,6861.03844214377,43.0005,23.9192,90.2442
STARLINK-35257,6861.10666880233,43.003,23.2726,77.8617
STARLINK-35322,6861.21552775943,43.0019,23.3566,100.9192
STARLINK-35400,6861.15515848911,42.9983,24.0593,94.6508
STARLINK-35407,6861.12200850624,43.0115,23.3,104.63
STARLINK-35417,6861.16969598031,43.0061,26.7848,79.945
STARLINK-35404,6861.14295064919,43.006,23.3874,77.6749
STARLINK-34783,6861.17228009855,43.0194,29.6066,70.5622
STARLINK-35477,6861.1392796243,43.0029,23.3871,94.4651
STARLINK-35443,6861.1527300918,43.0055,23.4272,95.3288
STARLINK-35218,6861.163982782,43.0063,29.5092,94.6995
STARLINK-35522,6861.24889746518,43.0031,23.5804,39.2636
STARLINK-35535,6861.16897733836,43.007,26.8113,95.6075
STARLINK-35467,6861.18178117065,43.0027,26.898,269.236
STARLINK-35511,6861.13455161499,43.002,23.2195,77.0371
STARLINK-35440,6861.1626263483,43.0067,26.8188,85.3423
STARLINK-35482,6861.1674322588,43.0024,23.3308,101.1811
STARLINK-35438,6861.21966002331,43.0004,23.2591,81.0774
STARLINK-35849,6853.33118667554,53.1573,142.4532,275.8533
STARLINK-35848,6848.84486377597,53.1601,141.923,272.6742
STARLINK-35829,6848.91589687278,53.1582,140.9265,279.9793
STARLINK-35828,6848.86087132556,53.1573,143.4832,272.6388
STARLINK-35850,6853.32276972671,53.1578,141.8245,264.6352
STARLINK-35869,6853.34930753745,53.1567,141.7853,254.5489
STARLINK-35895,6853.38338487571,53.1571,144.2895,295.3135
STARLINK-35861,6853.38144407139,53.157,144.2449,281.4059
STARLINK-35851,6853.38843395923,53.1566,144.2241,275.1213
STARLINK-35817,6853.34582010571,53.1579,144.1672,264.4865
STARLINK-35807,6848.84797287,53.1571,141.8046,275.2782
STARLINK-35805,6848.82917229487,53.1582,143.4244,276.0287
STARLINK-35823,6853.46779626383,53.1577,143.6352,276.814
STARLINK-35813,6848.84605316052,53.1575,143.4534,259.2307
STARLINK-35822,6853.3765920666,53.1562,144.2554,283.6872
STARLINK-35806,6853.32655869409,53.157,144.3037,271.0222
STARLINK-35797,6853.32868457879,53.1571,140.897,274.1587
STARLINK-35827,6848.84572227905,53.1586,141.8641,290.1667
STARLINK-35845,6848.85680533948,53.159,141.8933,278.1158
STARLINK-35846,6853.33851383118,53.1576,141.7873,278.9777
STARLINK-34861,6853.35484026145,53.1589,139.7484,288.8665
STARLINK-35795,6853.34798482095,53.1586,139.7862,278.4828
STARLINK-35824,6853.37564256759,53.1586,139.7667,276.0065
STARLINK-35804,6853.350065935,53.1584,139.7268,284.1186
STARLINK-35821,6853.37169826863,53.159,141.5295,279.3942
STARLINK-35809,6853.31294650233,53.1592,139.6851,276.9305
STARLINK-35831,6840.85936645006,53.1578,140.7128,257.6264
STARLINK-35826,6853.36077608354,53.1574,141.2219,297.209
STARLINK-35139,6840.86265076786,53.1587,127.1042,265.0469
STARLINK-35158,6843.32571168464,53.1593,129.0867,269.362
STARLINK-35639,6853.36343944451,53.1571,129.1148,282.72
STARLINK-35690,6840.83811507725,53.1579,125.2344,266.6509
STARLINK-35662,6853.3648188993,53.1574,128.4978,258.2796
STARLINK-35659,6840.87465267944,53.158,127.0882,271.5872
STARLINK-35651,6853.31817758886,53.1571,128.7875,253.5139
STARLINK-35661,6840.83964873723,53.1573,125.194,275.0287
STARLINK-35647,6853.38588702239,53.1584,126.6392,289.4271
STARLINK-35694,6853.37703397192,53.157,125.4534,284.9915
STARLINK-35665,6853.34804752307,53.1593,126.7261,275.3671
STARLINK-35656,6853.35794551889,53.1587,129.631,273.7488
STARLINK-35671,6853.34075915745,53.1574,126.6202,276.6781
STARLINK-35652,6853.37731762739,53.1568,129.1196,270.6324
STARLINK-35672,6840.88540926653,53.1585,124.1694,301.3704
STARLINK-35681,6853.30080635937,53.1582,126.726,268.1518
STARLINK-35669,6840.87116029013,53.1574,127.0701,254.0305
STARLINK-35510,6853.33430086358,53.1571,126.627,275.7676
STARLINK-35642,6840.84115862038,53.1578,127.6598,280.2328
STARLINK-35657,6840.82925791046,53.1573,127.6219,270.9567
STARLINK-35667,6840.82881802507,53.1591,127.5403,274.7034
STARLINK-35668,6840.85520235688,53.1596,125.3984,280.1052
STARLINK-35602,6840.87285446992,53.1579,125.3558,254.6314
STARLINK-35691,6840.92925342214,53.1588,125.332,249.9483
STARLINK-35683,6840.82084957294,53.1585,127.6065,268.8159
STARLINK-34840,6840.92755326282,53.1579,125.2834,250.9963
STARLINK-35686,6840.82237727886,53.1594,125.2761,270.3547
STARLINK-35679,6840.86323035376,53.1598,125.2974,266.3447
STARLINK-35617,6861.23861761219,43.0063,90.0845,30.069
STARLINK-35618,6861.1714297048,43.0015,87.83,96.3236
STARLINK-35588,6861.16545000685,43.0025,87.8078,91.5197
STARLINK-35555,6861.26039908826,43.0014,86.7257,54.8618
STARLINK-35589,6861.07209115452,43.0063,89.9735,246.0472
STARLINK-35611,6861.14923272437,43.0001,89.941,94.994
STARLINK-35610,6861.10910015316,43.0112,95.4525,198.8857
STARLINK-35533,6861.19728897922,43.0017,93.2053,106.1954
STARLINK-35470,6861.13417433277,42.9976,95.3891,90.3241
STARLINK-35439,6861.11592411606,43.0095,95.3784,80.1956
STARLINK-35446,6861.11257950378,43.0008,95.3602,86.9088
STARLINK-35457,6861.11692420683,42.9993,95.3386,85.7085
STARLINK-35389,6861.13930357877,42.9991,95.3288,85.4294
STARLINK-35502,6861.03659472383,43.009,89.7467,77.7702
STARLINK-35501,6861.08709530894,43.0123,89.7863,83.4993
STARLINK-35474,6861.06738422056,43.0013,87.8322,98.8389
STARLINK-34681,6861.0520088914,42.9984,87.7785,80.3912
STARLINK-35327,6861.0622221725,43.0121,87.1507,80.1757
STARLINK-35405,6861.09929092336,42.9976,87.7372,81.7741
STARLINK-35426,6861.1217300373,43.0026,89.8949,89.9533
STARLINK-34724,6861.18072416352,42.9939,87.9891,108.5611
STARLINK-35219,6861.15925772446,43.018,87.9625,85.8324
STARLINK-35360,6861.07600761717,43.0058,89.7582,95.6175
STARLINK-34698,6861.15225399443,43.0044,87.9332,91.0689
STARLINK-34986,6861.1758912806,43.0063,87.8867,82.9266
STARLINK-34851,6861.16976485018,42.9866,87.9789,256.2128
STARLINK-35355,6861.10699218385,43.0069,93.4789,94.3609
STARLINK-34720,6861.14576829886,43.0028,87.9022,97.2617
STARLINK-35334,6861.15890139916,43.0015,87.8746,94.2042
STARLINK-35643,6861.13053326262,43.004,109.5745,87.1491
STARLINK-35466,6861.15705090379,42.9926,111.7145,233.362
STARLINK-35684,6861.18221834652,42.9999,111.7409,93.5263
STARLINK-35449,6861.14417532334,43.0034,111.6739,120.7784
STARLINK-35424,6861.16424927789,43.005,108.9419,92.4846
STARLINK-35132,6861.15832648784,43.0055,108.9229,95.2864
STARLINK-35499,6861.17830472665,43.004,111.0717,15.2223
STARLINK-35463,6861.09834773003,43.0037,111.6516,87.4025
STARLINK-35435,6861.20832326207,43.0002,108.7801,85.1376
STARLINK-35448,6861.19676496417,43.0085,117.2703,235.9877
STARLINK-35388,6861.13176092553,43.003,108.274,334.0001
STARLINK-35682,6861.17209145484,43.003,111.8508,217.9218
STARLINK-35331,6861.12580826266,43.0143,111.7954,229.8048
STARLINK-35451,6861.21678839869,43.0015,108.1535,17.7294
STARLINK-35655,6861.08512808626,43.0019,111.6576,88.8114
STARLINK-35569,6861.25364962696,43.0058,108.9533,82.5943
STARLINK-35567,6861.16643813831,43.0044,108.8618,93.955
STARLINK-35568,6861.25437128551,43.006,111.8228,74.2396
STARLINK-35620,6861.10443507552,43.0037,108.9254,88.0034
STARLINK-35538,6861.1697738332,43.0027,109.5447,85.3251
STARLINK-35372,6861.15465843672,42.9989,111.6324,88.6741
STARLINK-35354,6861.24882260448,42.9945,108.9044,112.9867
STARLINK-35283,6861.16059319617,43.0005,109.5238,85.9575
STARLINK-35581,6861.18856039883,43.0009,108.7883,88.4067
STARLINK-35670,6861.13774354438,43.0026,111.6708,190.271
STARLINK-35698,6861.16975287281,43.0016,108.8053,79.8916
STARLINK-35648,6861.20551153694,43.0081,108.9398,85.5791
STARLINK-35654,6861.13285983402,43.0093,108.8646,96.1124
STARLINK-35371,6861.07366312853,43.0032,111.8359,240.9538
STARLINK-34774,6861.17341794976,42.9992,163.849,83.8438
STARLINK-34844,6861.18155359968,43.0043,164.9449,83.266
STARLINK-34733,6861.19937306289,42.9946,164.9198,132.3473
STARLINK-35515,6861.1284582141,42.9976,168.3286,57.1951
STARLINK-35696,6861.17152252945,42.9966,162.89,86.9595
STARLINK-35693,6861.16085370306,42.9954,164.9703,97.7672
STARLINK-35663,6861.20867061064,42.9993,162.9555,56.2891
STARLINK-35673,6861.16700706264,42.9974,162.8742,85.9476
STARLINK-35597,6861.09451208051,43.0012,163.0621,90.7886
STARLINK-35689,6861.04541264709,43.0007,168.6586,91.2272
STARLINK-35832,6861.10150668038,42.993,162.8399,81.0096
STARLINK-35909,6861.16895038929,42.9995,163.0164,93.4921
STARLINK-35899,6861.15027474776,43.0027,164.9759,81.842
STARLINK-35907,6861.16028178567,43.0031,163.017,91.7791
STARLINK-35816,6861.20525102581,43.0025,163.0914,88.8056
STARLINK-35894,6861.15032565121,42.9949,166.3401,88.28
STARLINK-35897,6861.13497980042,42.9969,162.921,90.7952
STARLINK-35922,6861.16756999842,42.9991,163.0644,95.134
STARLINK-35917,6861.11307355994,43.0013,162.9759,84.2503
STARLINK-35916,6861.13064405169,42.996,166.4959,84.2801
STARLINK-34766,6861.14591202602,43.0019,164.8902,96.0343
STARLINK-34765,6861.16998343715,42.9974,162.9002,94.67
STARLINK-34767,6861.14517841872,43.0009,163.0412,96.9636
STARLINK-35608,6861.03398977399,42.9801,162.9483,92.8919
STARLINK-35598,6861.18725785148,42.9875,163.1193,264.928
STARLINK-35600,6861.20202907412,43.0006,163.095,86.9726
STARLINK-35444,6861.14784934909,42.9941,162.8116,84.8367
STARLINK-35366,6861.1881741261,42.9991,162.9213,97.8728
STARLINK-35692,6861.1487715992,42.9987,162.9809,96.829
STARLINK-35924,6861.07646573587,43.006,90.9001,93.1206
STARLINK-35937,6861.18936588245,42.9968,91.6542,85.8288
STARLINK-35962,6861.0719025177,42.9955,91.582,84.1428
STARLINK-35931,6861.07274689214,43.0054,99.2126,217.8229
STARLINK-35952,6861.12703891776,42.9969,102.603,88.7134
STARLINK-35915,6861.08377169153,43.009,99.2062,90.0832
STARLINK-35946,6861.04755949382,42.9986,91.5597,79.948
STARLINK-35969,6861.10349786896,43.0131,91.0107,79.1359
STARLINK-35687,6861.16723762675,42.9987,91.6364,90.5708
STARLINK-35975,6861.14100135233,43.0011,99.1434,93.2645
STARLINK-35932,6861.0996921549,43.011,91.0025,83.7925
STARLINK-35935,6861.08007379761,43.0033,93.7301,221.7631
STARLINK-35928,6861.09853337441,43.005,96.4838,92.1582
STARLINK-35933,6861.17112128741,42.9955,91.6031,87.013
STARLINK-35961,6861.06704587257,43.0049,93.7137,174.4625
STARLINK-35960,6861.11792130367,42.996,90.8599,94.6719
STARLINK-35914,6861.05923094376,42.9993,93.719,208.3675
STARLINK-35707,6861.11477730584,43.0082,99.1735,79.6063
STARLINK-35976,6861.22850548443,43.0013,94.5738,98.3454
STARLINK-35514,6861.17820291871,42.998,91.5881,97.3135
STARLINK-35640,6861.15906608731,42.9994,93.6945,83.2089
STARLINK-35582,6861.27908745703,43.0025,92.1656,92.4675
STARLINK-35577,6861.11760989801,43.0042,99.1472,84.0489
STARLINK-35697,6861.15477820974,43.0026,90.9726,96.457
STARLINK-35818,6861.16616864788,42.9987,91.6552,91.1849
STARLINK-35796,6861.14163614624,43.0029,93.6897,242.7386
STARLINK-35833,6861.19214764738,42.9999,91.6813,108.2306
STARLINK-35315,6861.06244075091,43.0088,93.7594,256.4739
STARLINK-35728,6861.18350591969,43.0039,90.9143,82.8535
STARLINK-35699,6861.16872880807,43.0013,162.1263,84.7686
STARLINK-35695,6861.18156857145,42.9943,159.512,228.1003
STARLINK-35419,6861.17308857173,42.998,159.3464,104.5343
STARLINK-35411,6861.13069495477,42.9988,159.3279,90.8213
STARLINK-35305,6861.1488344799,42.9926,159.2648,86.0672
STARLINK-35579,6861.19898678864,43.0016,159.2967,101.8865
STARLINK-35437,6861.16666570803,42.9904,159.2345,88.0317
STARLINK-35358,6861.13681231507,43.0045,161.4242,170.815
STARLINK-35893,6861.0865802977,42.9931,159.1731,81.1774
STARLINK-35871,6861.14880753103,43.0009,159.1551,86.1385
STARLINK-35825,6861.03812475874,42.9985,161.3382,86.4387
STARLINK-35803,6861.13712372291,42.9992,161.3027,119.2895
STARLINK-35835,6861.16452176247,42.9969,161.2801,163.5763
STARLINK-35834,6861.14667557668,42.9987,162.1342,82.1752
STARLINK-35836,6861.0973177034,43.0009,159.5228,82.8011
STARLINK-35870,6861.19490845454,43.0018,159.4757,88.4384
STARLINK-35650,6861.17588229756,42.9978,158.3387,78.6318
STARLINK-35812,6861.19992702218,43.001,158.3075,82.9191
STARLINK-35810,6861.09802434954,43.0024,159.3863,83.5759
STARLINK-35814,6861.17555890793,43.0044,159.3562,92.2739
STARLINK-35815,6861.19205182765,42.9997,159.3027,96.0956
STARLINK-35743,6861.18432637361,42.9927,159.274,99.1352
STARLINK-35868,6861.15963501012,42.9943,159.2421,89.189
STARLINK-35872,6861.16125494361,42.9882,159.2104,89.5366
STARLINK-35744,6861.15652090778,42.9958,159.18,87.1629
STARLINK-35746,6861.11099852464,43.0042,161.3507,227.0825
STARLINK-35941,6861.14962498025,42.9862,161.3098,134.9547
STARLINK-35939,6861.16091658404,42.9962,161.286,88.1706
STARLINK-35963,6861.10864502328,43.0013,159.5002,76.1971
STARLINK-36076,6861.24840039013,43.0003,227.009,90.2714
STARLINK-35447,6861.10423745366,43.0038,229.7524,97.9023
STARLINK-35429,6861.15752101334,42.9989,227.7614,91.342
STARLINK-36058,6861.10822881906,43.0021,229.7849,90.6558
STARLINK-36066,6861.08623895308,42.999,227.6666,95.0416
STARLINK-36031,6861.17636438773,43.0028,227.0538,86.0853
STARLINK-36032,6861.07949291432,43.0114,229.8656,254.879
STARLINK-35711,6861.14918780957,43.0018,227.081,95.8912
STARLINK-35811,6861.17030682612,42.9961,227.7243,82.672
STARLINK-35820,6861.08629584385,43.003,236.0855,73.9676
STARLINK-35981,6861.16435108531,43.0007,226.9666,88.4097
STARLINK-35930,6861.10527047716,42.9986,229.7258,70.2622
STARLINK-35980,6861.18072715788,43.0107,229.9188,127.8229
STARLINK-35978,6861.13915985196,43.0068,227.1383,65.3853
STARLINK-36050,6861.21715371469,42.999,227.6944,72.8279
STARLINK-36048,6861.16630039875,43.003,227.0232,93.5481
STARLINK-35977,6861.15317025737,42.9981,226.9349,94.4904
STARLINK-36052,6861.16649503074,43.0006,229.8256,84.9776
STARLINK-36063,6861.18829090623,43.0074,227.0573,88.8434
STARLINK-35993,6861.15607175869,42.9996,229.8067,69.7865
STARLINK-36036,6861.11096558758,43.0108,227.0237,94.9429
STARLINK-36034,6861.13150641,43.0033,229.9605,94.2833
STARLINK-35680,6861.12469737982,43.0007,229.7512,92.8651
STARLINK-35583,6861.16920490829,43.0039,227.108,85.7554
STARLINK-36039,6861.07733406565,42.9969,238.7089,84.0798
STARLINK-36037,6861.10686043582,42.9997,229.7727,100.2044
STARLINK-36040,6861.17486122487,42.9952,227.7265,86.3462
STARLINK-35988,6861.07152823833,43.0052,238.1804,71.5516
STARLINK-35391,6861.17611286241,42.9974,227.667,80.0455
STARLINK-35940,6853.3124210056,53.1614,48.3712,264.633
STARLINK-35970,6853.31268673973,53.1592,47.8111,256.826
STARLINK-35951,6853.36016697444,53.1605,48.3919,254.8992
STARLINK-35936,6853.30864101508,53.1612,48.4644,284.1004
STARLINK-35847,6853.31429308815,53.1602,48.3956,280.3155
STARLINK-35950,6853.30654798939,53.1613,48.3793,265.3489
STARLINK-35920,6840.82244266707,53.1594,46.1221,263.9222
STARLINK-35927,6853.3238296816,53.1602,47.8292,258.8301
STARLINK-35929,6840.82077229601,53.1589,45.7241,267.8626
STARLINK-35902,6853.31814474525,53.1611,48.4467,261.9795
STARLINK-35904,6853.3491552608,53.1617,48.3398,272.214
STARLINK-35862,6840.82968887932,53.1607,46.1821,253.6306
STARLINK-35949,6840.80491273829,53.1594,46.0662,281.0211
STARLINK-35965,6840.63931127735,53.1602,68.849,285.6727
STARLINK-35973,6840.83331793705,53.1604,46.1465,264.2231
STARLINK-35948,6840.75391073577,53.1608,46.1605,284.502
STARLINK-35967,6840.8236285717,53.1602,46.0841,281.7154
STARLINK-35955,6853.27388087262,53.16,56.5487,264.8518
STARLINK-35968,6853.21953208468,53.1609,71.1552,254.804
STARLINK-35953,6840.68707755766,53.1613,48.6089,255.261
STARLINK-35972,6853.29730107478,53.1604,48.4368,283.4081
STARLINK-35908,6853.24330114954,53.1602,57.4296,259.1173
STARLINK-35921,6853.31484545725,53.1608,47.8142,257.894
STARLINK-35923,6853.32130967685,53.1605,48.4888,263.1106
STARLINK-35926,6853.31985261355,53.1618,48.4137,286.6951
STARLINK-35918,6840.80136396679,53.1578,68.9255,277.5282
STARLINK-35938,6853.22453608121,53.1585,60.2981,237.6054
STARLINK-35867,6861.11264238365,43.0047,290.5141,91.0416
STARLINK-35990,6861.16202748154,43.0043,286.819,83.0998
STARLINK-36051,6861.16474633769,43.008,287.0173,77.6909
STARLINK-36062,6861.14783737182,43.0014,287.0687,90.862
STARLINK-36047,6861.21035944395,42.9991,292.5501,97.0504
STARLINK-35964,6861.15399369655,43.005,277.8979,239.7272
STARLINK-36099,6861.16089262938,42.9974,286.9523,101.7064
STARLINK-36041,6861.14081271077,43.0041,287.0801,45.5869
STARLINK-36044,6861.10174921606,43.0054,286.7942,82.3719
STARLINK-35996,6861.03924458913,43.0128,289.713,72.4517
STARLINK-36080,6861.05933574151,43.0039,290.4983,90.6668
STARLINK-35604,6861.15446081124,43.0027,287.0434,78.2571
STARLINK-35565,6861.16055127552,43.0033,287.0955,49.4857
STARLINK-36038,6861.13946826575,43.0007,286.8467,82.4135
STARLINK-36049,6861.10438716719,42.9998,287.1146,90.8568
STARLINK-36069,6861.16198256653,43.008,287.1442,56.5296
STARLINK-36000,6861.13576131387,43.0056,286.8773,85.1796
STARLINK-36071,6861.04346341951,43.0122,289.6594,88.3592
STARLINK-35979,6861.07678312535,43.0129,287.1478,312.9587
STARLINK-36046,6861.13929759015,42.9978,287.0321,222.7475
STARLINK-36045,6861.14304047857,43.002,292.5137,92.1041
STARLINK-36054,6861.15923077548,43.0007,288.429,67.3403
STARLINK-36042,6861.14032463823,43.0001,297.839,119.7706
STARLINK-35984,6861.15635322544,43.0074,286.7812,87.396
STARLINK-35985,6861.1830148452,43.0071,286.9266,60.1451
STARLINK-36098,6861.08081038175,43.0009,289.6639,89.1543
STARLINK-35995,6861.1367763834,43.0063,292.4416,245.4235
STARLINK-35994,6861.12716467816,42.999,286.9193,77.6799
STARLINK-35989,6861.13638412935,42.9976,295.8404,79.1529
STARLINK-35966,6950.24505433234,70.0021,89.5273,94.4892
STARLINK-35958,6950.21632847552,70.002,89.2406,95.4834
STARLINK-35957,6950.2295085013,70.0018,89.1808,92.8737
STARLINK-35896,6950.23114750465,70.0021,89.3,86.309
STARLINK-35476,6950.17940494437,70.0023,89.3288,94.9989
STARLINK-35898,6950.18453215245,70.0022,89.1528,102.0904
STARLINK-35959,6950.18437753205,70.0023,89.27,92.2089
STARLINK-35982,6950.18588662758,70.0023,89.3125,92.9474
STARLINK-36084,6950.18062025882,70.0014,89.2093,98.8094
STARLINK-35881,6950.18186031304,70.0024,89.5142,93.6845
STARLINK-35788,6950.1652788856,70.0021,89.17,86.3758
STARLINK-35768,6950.06838372634,70.0022,89.2838,93.4368
STARLINK-35858,6950.22247626015,70.0019,89.2247,87.1262
STARLINK-35840,6950.18381471384,70.0024,89.1397,85.4089
STARLINK-35890,6950.19685851891,70.0022,89.2536,91.7614
STARLINK-35838,6950.18716997791,70.002,89.1958,95.9925
STARLINK-35729,6950.21263919277,70.0024,89.5259,91.9543
STARLINK-35886,6950.19181169092,70.0021,89.1785,91.3612
STARLINK-35717,6950.18041925257,70.002,89.238,93.1713
STARLINK-35837,6950.21555845717,70.0028,89.3003,88.4098
STARLINK-35715,6950.17754022628,70.0024,89.3277,93.3354
STARLINK-35769,6950.18874710804,70.002,89.1506,90.496
STARLINK-35997,6950.2034020914,70.0019,89.2064,83.7239
STARLINK-36073,6950.17960904294,70.0024,89.2692,90.3663
STARLINK-36068,6950.18588353517,70.0019,89.1638,90.5895
STARLINK-36055,6950.18888317421,70.0023,89.3147,89.7009
STARLINK-36061,6950.17512197019,70.0027,89.5111,95.1005
STARLINK-36091,6861.20577803685,42.9949,156.1154,82.1295
STARLINK-36102,6861.19352505624,43.0003,156.0348,95.1214
STARLINK-36105,6861.10950138614,42.995,156.0029,76.0981
STARLINK-36094,6861.13450969474,43.0148,158.0913,75.9563
STARLINK-35992,6861.11260046373,43.0041,155.4725,82.8795
STARLINK-35986,6861.15503272742,43.0018,155.4432,128.1557
STARLINK-36087,6861.193417259,43.0047,155.414,168.2074
STARLINK-36090,6861.1545626183,43.0014,155.3311,86.1126
STARLINK-36072,6861.18108049166,42.9992,156.1436,100.3771
STARLINK-36083,6861.17409167768,42.992,156.0812,91.3225
STARLINK-35118,6861.07422305093,43.0053,163.7322,83.2436
STARLINK-35646,6861.14756788321,42.9994,158.1596,77.5836
STARLINK-35987,6860.99626618563,42.9987,154.709,102.1331
STARLINK-35991,6861.15071790725,43.0034,155.3846,94.6722
STARLINK-35974,6861.17431026499,43.0015,158.1316,82.0445
STARLINK-36134,6861.16286290071,42.998,155.2998,92.9821
STARLINK-36070,6861.15797914565,42.9983,156.0616,89.149
STARLINK-36117,6861.15333195086,43.0026,155.3625,95.3211
STARLINK-36126,6861.13158725611,42.9977,158.3671,235.8974
STARLINK-36101,6861.10875880575,42.9963,156.1204,82.5726
STARLINK-36108,6861.16869886466,42.9937,156.0893,84.1848
STARLINK-36092,6861.18304778312,42.9949,156.0389,54.9584
STARLINK-36114,6861.14554372519,42.9926,156.0064,80.4378
STARLINK-36095,6861.16544401817,43.0016,158.1974,79.4016
STARLINK-36082,6861.12679937415,43.0024,158.1672,80.9664
STARLINK-36128,6861.15274805774,42.9968,158.0839,133.933
STARLINK-36129,6861.15594599696,43.0001,158.1362,86.9024
STARLINK-36053,6861.15348466139,43.0003,155.4744,85.3043
STARLINK-35702,6861.13240470021,43.0027,158.1079,80.2984
STARLINK-35866,6853.34337174019,53.1606,293.9117,274.2836
STARLINK-35749,6853.44688875108,53.1589,292.6219,262.9541
STARLINK-35844,6853.32882192533,53.1612,293.5659,260.7162
STARLINK-35860,6853.34840880676,53.1594,293.7932,289.0033
STARLINK-35912,6840.91090840219,53.1598,292.7981,253.0122
STARLINK-35947,6840.82680584754,53.1601,292.8562,305.3954
STARLINK-36057,6840.79627561902,53.161,293.3491,291.1289
STARLINK-35954,6840.82215436452,53.1611,293.2671,256.9345
STARLINK-35900,6840.79789247617,53.1613,293.2167,269.3261
STARLINK-35925,6840.81444451168,53.1608,293.3311,282.5274
STARLINK-35919,6840.8129613929,53.1609,293.4143,250.5376
STARLINK-35852,6840.80542395199,53.1614,293.2009,277.7031
STARLINK-35885,6840.77859725069,53.1616,293.2787,264.7705
STARLINK-35855,6840.82570613518,53.1603,293.3974,297.4802
STARLINK-35883,6853.31733261245,53.1617,294.218,269.4527
STARLINK-36033,6853.32136043521,53.1598,294.1824,261.9928
STARLINK-35718,6853.3424252385,53.16,293.5754,269.4863
STARLINK-35971,6840.8107292858,53.1606,293.19,269.5514
STARLINK-35791,6853.32986396779,53.1594,293.5091,251.3597
STARLINK-36079,6840.76845037062,53.1604,293.3852,266.8133
STARLINK-36065,6840.83611478171,53.1609,292.7826,242.5242
STARLINK-36064,6840.87585346795,53.1607,293.1228,258.3146
STARLINK-36074,6840.82561399714,53.1622,293.2518,261.5815
STARLINK-36043,6840.81631401525,53.1603,292.8044,255.9259
STARLINK-35983,6840.80871117722,53.1616,293.2364,263.1391
STARLINK-36077,6840.80503756954,53.1618,293.3158,279.9468
STARLINK-36059,6840.84153906351,53.1593,293.7759,263.751
STARLINK-36075,6853.3108475018,53.1589,294.1721,285.9452
STARLINK-35945,6840.82266260924,53.1607,267.9129,260.9897
STARLINK-35942,6840.79296760362,53.1597,267.5206,265.8235
STARLINK-35943,6840.83248274807,53.1598,267.3233,265.2279
STARLINK-35944,6840.71871515297,53.1602,267.6789,287.4626
STARLINK-36169,6840.79765173083,53.1609,267.3537,288.934
STARLINK-36206,6840.81848073879,53.1602,267.6229,275.46
STARLINK-36130,6840.83889676818,53.1598,267.4452,299.2007
STARLINK-36177,6840.81660826155,53.1604,267.4727,249.5209
STARLINK-36157,6840.80319185103,53.16,267.5719,257.2486
STARLINK-36153,6840.8557819412,53.1598,267.9024,295.6111
STARLINK-36127,6840.82119434696,53.1602,267.3664,278.1043
STARLINK-36160,6840.83650414076,53.1594,267.4155,289.4795
STARLINK-36165,6840.85606727507,53.1599,267.5053,262.6526
STARLINK-36155,6840.79486086981,53.1607,267.4551,270.2489
STARLINK-36154,6840.840266957,53.159,267.4025,271.0521
STARLINK-36121,6840.86032945324,53.1604,267.4798,283.1376
STARLINK-36088,6840.73191715859,53.1605,267.2799,264.125
STARLINK-36100,6840.84779854946,53.1602,267.8613,251.4332
STARLINK-36109,6840.82969779592,53.1598,267.3861,278.2408
STARLINK-36112,6840.77348219602,53.1607,267.3375,289.635
STARLINK-36110,6840.89380591336,53.159,267.5434,305.4882
STARLINK-36115,6840.82642837865,53.1595,267.4902,275.1097
STARLINK-36089,6840.98397414902,53.1596,267.5811,249.3399
STARLINK-36116,6840.61507775785,53.161,267.6605,309.8095
STARLINK-36096,6840.84290033701,53.1613,267.3077,257.2591
STARLINK-36111,6840.83184966905,53.1606,267.2919,278.5982
STARLINK-35999,6840.82379798669,53.1594,267.527,276.9121
STARLINK-36122,6840.83370135129,53.1595,267.4249,272.1584
STARLINK-35887,6861.15989252259,43.0008,197.3899,83.3805
STARLINK-35879,6861.13225797945,43.0078,195.2806,199.4479
STARLINK-35761,6861.18501807035,42.9942,194.6481,64.5433
STARLINK-35874,6861.13841426923,42.9995,195.4808,94.8538
STARLINK-36133,6861.12744913625,42.9958,197.4947,151.3654
STARLINK-36104,6861.15874269967,42.9985,195.4189,95.8991
STARLINK-36067,6861.11642715568,43.0029,197.3226,109.8784
STARLINK-36139,6861.16745022484,42.9997,197.325,95.8922
STARLINK-36136,6861.12317927381,43.0002,197.4023,107.8166
STARLINK-36152,6861.1069861953,42.9939,195.36,83.5174
STARLINK-36149,6861.12842527684,42.9985,195.435,90.7388
STARLINK-35703,6861.17909523549,42.996,194.7096,236.1004
STARLINK-35678,6861.12060717896,42.9943,197.4327,84.3302
STARLINK-34846,6861.15475425513,43.0054,197.3566,77.6837
STARLINK-35778,6861.17702913331,42.9876,194.6784,137.2903
STARLINK-35780,6861.17884969863,42.9995,194.6219,93.8528
STARLINK-35777,6861.1206730533,43.0147,195.4687,95.4889
STARLINK-35772,6861.06112628652,42.9977,197.4751,118.6602
STARLINK-35770,6861.18225128443,42.9964,195.351,85.3939
STARLINK-35787,6861.16117709096,43.0009,194.7061,89.82
STARLINK-36107,6861.16902524782,43.0033,195.4557,94.6748
STARLINK-36086,6861.14304047857,42.9932,195.3834,96.5176
STARLINK-36142,6861.00107779314,42.9793,195.2953,75.8178
STARLINK-36113,6861.18378140054,43.0065,194.6505,90.9543
STARLINK-36145,6861.16515356748,42.9951,195.3048,82.7281
STARLINK-35591,6861.11233397287,42.9946,195.3883,90.9021
STARLINK-36103,6861.15510758557,42.9984,197.6087,77.2409
STARLINK-36135,6861.14080073353,42.9982,195.2457,91.9198
STARLINK-36147,6861.20661646372,43.0028,197.4066,83.6001
STARLINK-35660,6950.17992137563,70.0002,209.7281,90.7567
STARLINK-35913,6950.17835352771,69.9999,209.4424,92.2201
STARLINK-36148,6950.17947606963,70,210.3437,91.3075
STARLINK-36156,6950.17496425791,70.0003,209.6976,95.507
STARLINK-36123,6950.18390748606,69.9999,209.3828,91.8712
STARLINK-36163,6950.16700134557,70.0001,210.3134,93.4213
STARLINK-36118,6950.18831107786,69.9998,209.4115,91.0304
STARLINK-36189,6950.17092249723,70,209.3392,90.2447
STARLINK-36167,6950.14894185416,69.9998,210.195,92.7815
STARLINK-36175,6950.18045636142,70.0003,209.7109,91.8983
STARLINK-35856,6950.18101299414,70.0002,209.6824,93.1805
STARLINK-36207,6950.20372061163,70,210.3259,92.7201
STARLINK-36093,6950.16432333824,69.9999,210.2684,90.9858
STARLINK-36120,6950.17644242434,69.9998,209.4547,92.1084
STARLINK-35498,6950.18361370737,69.9998,209.396,92.1412
STARLINK-36106,6950.17733612786,70.0002,210.2107,94.7918
STARLINK-35688,6950.15026848061,70.0007,209.7255,92.3454
STARLINK-36172,6950.1783226037,69.9997,209.4399,90.4145
STARLINK-36184,6950.14490013131,70.0003,210.3393,91.9902
STARLINK-36209,6950.18400025829,69.9999,209.3813,91.6633
STARLINK-36191,6950.21426272397,70.0001,209.6962,89.781
STARLINK-36192,6950.17793296116,69.9996,209.6357,91.5143
STARLINK-36178,6950.17934928112,69.9999,209.4097,90.945
STARLINK-36176,6950.16548298313,69.9998,209.3365,91.4354
STARLINK-36171,6950.17881738795,69.9998,210.1955,90.7306
STARLINK-36132,6950.17962141255,70,209.6796,91.1895
STARLINK-36190,6950.19253222401,70,209.7098,87.972
STARLINK-36138,6861.19931317541,42.9989,209.102,237.8991
STARLINK-36150,6861.04462517096,43.0061,211.5296,89.7498
STARLINK-36131,6861.15191563598,42.9981,211.6093,72.2361
STARLINK-36137,6861.16911507806,43.004,217.1222,88.1483
STARLINK-36140,6861.12663468792,43.005,215.2721,91.84
STARLINK-36085,6861.15919484352,43.0026,215.2888,98.0249
STARLINK-36125,6861.16565961046,42.988,209.5197,98.4105
STARLINK-35732,6861.20363106636,42.9993,209.6919,95.0594
STARLINK-35775,6861.16454571716,42.9968,211.6404,107.3758
STARLINK-35705,6861.15758988289,42.9958,209.4589,81.3438
STARLINK-35786,6861.17417551938,43.0007,209.6752,92.7221
STARLINK-35765,6861.15666762983,42.995,209.5801,88.9354
STARLINK-35773,6861.16819282111,42.9918,209.5635,85.1845
STARLINK-35901,6861.07400147735,42.991,209.6238,106.6437
STARLINK-35884,6861.15649994748,43.0018,211.5498,91.0855
STARLINK-35891,6861.15282591015,43.0043,215.2573,89.8576
STARLINK-35721,6861.16124596061,43.0012,209.6611,89.2195
STARLINK-35779,6861.13919578366,42.985,209.4959,74.0776
STARLINK-35905,6861.10795035152,42.9974,211.8093,107.7057
STARLINK-35877,6861.15940444665,43.0009,209.702,92.5807
STARLINK-36078,6861.13970481617,43.0003,211.627,84.6303
STARLINK-35706,6861.32529837142,42.9989,209.545,57.0312
STARLINK-35720,6861.19238120796,42.9971,209.4856,293.2806
STARLINK-35739,6861.1960193658,42.9992,209.1265,220.1914
STARLINK-35754,6861.18734768231,42.9977,209.5092,108.2509
STARLINK-35790,6861.16674356083,43.0006,209.651,88.8865
STARLINK-36143,6861.15006514532,42.9998,209.4723,30.2752
STARLINK-36141,6861.04341251804,43.0107,217.2038,249.8877
STARLINK-35767,6861.17814602604,43.0038,209.7083,92.4292
STARLINK-36230,6950.17505084504,70.0009,129.3152,94.8539
STARLINK-36240,6950.17761753629,70.0012,129.2856,94.1492
STARLINK-36243,6950.17169250321,70.0015,129.3738,96.1689
STARLINK-36236,6950.19611943017,70.0007,129.3432,89.2838
STARLINK-36159,6950.1733098257,70.0013,129.1935,90.8475
STARLINK-36158,6950.17933381911,70.0012,129.0027,90.9848
STARLINK-35864,6950.20284236177,70.0013,129.2009,104.3205
STARLINK-36035,6950.17647025593,70.0011,129.2306,97.6098
STARLINK-36170,6950.16942268699,70.0007,129.3083,89.2275
STARLINK-36166,6950.18727511989,69.9999,129.3521,86.593
STARLINK-35794,6950.20521734794,70.0008,129.2603,93.3454
STARLINK-35841,6950.2076356302,70.0009,129.3229,98.2927
STARLINK-35842,6950.17941731398,70.0013,129.2571,96.3889
STARLINK-35882,6950.18069447651,70.0007,129.3671,103.4406
STARLINK-35763,6950.17194917192,70.001,129.3874,93.6715
STARLINK-36060,6950.17348299987,70.0012,129.2692,95.1276
STARLINK-36097,6828.2348142582,69.9941,115.0961,205.9481
STARLINK-35792,6950.20375153592,70.0012,129.3279,93.3013
STARLINK-35784,6950.11290980847,70.0002,129.2147,86.3722
STARLINK-36202,6950.16348530183,70.0012,129.1856,98.3159
STARLINK-36227,6950.17200792741,70.001,129.2541,106.7293
STARLINK-36228,6950.17824838607,70.0009,129.2924,86.5815
STARLINK-36222,6950.17561675387,70.001,129.3367,93.2016
STARLINK-36205,6950.20496067616,70.0018,129.2431,91.7998
STARLINK-36193,6949.99747867274,70.0011,129.21,88.8318
STARLINK-36215,6950.17602804288,70.0009,129.2632,92.687
STARLINK-36200,6950.19817279854,70.001,129.3566,90.9714
STARLINK-36255,6861.16336894327,43.0027,340.7948,101.8275
STARLINK-36256,6861.13191662916,43.0029,340.7485,101.3644
STARLINK-36258,6861.14377109098,43.0088,340.105,72.5306
STARLINK-36261,6861.19386341983,43.0029,340.7692,94.6188
STARLINK-36259,6861.1555567345,43.0028,343.502,87.3446
STARLINK-36196,6861.1644918191,43.01,340.7754,108.0616
STARLINK-36208,6861.09020334401,43.003,343.4796,90.405
STARLINK-35764,6861.1467684005,43.0007,340.6514,88.428
STARLINK-35781,6861.15167908451,43.0055,340.8863,84.3534
STARLINK-35875,6861.13301254341,43.0093,340.6328,74.7338
STARLINK-35906,6861.11659483558,43.0046,340.8726,96.645
STARLINK-35789,6861.14030667237,43.0008,340.8273,77.2162
STARLINK-36180,6861.16066805447,43.0082,340.813,95.6286
STARLINK-35892,6860.96109110586,43.0033,346.1319,227.3083
STARLINK-35738,6861.14091152301,43.002,343.4728,100.0136
STARLINK-35674,6861.12084073346,43.0008,340.711,119.5061
STARLINK-35701,6860.9993831003,43.0061,346.1397,202.6742
STARLINK-36179,6861.11443595772,43.0001,340.6767,88.5308
STARLINK-36217,6861.14828352524,43.0004,340.9024,102.7602
STARLINK-36124,6861.13253944376,43.0006,346.3337,259.4915
STARLINK-36188,6861.14136965255,43.0084,340.8562,75.4323
STARLINK-36151,6861.13560860433,43.0053,340.6227,86.2072
STARLINK-36195,6861.15799411729,43.0021,343.4126,81.3576
STARLINK-36219,6861.09770096908,43.0032,340.7157,210.6642
STARLINK-36223,6861.15675745966,42.9924,340.6461,93.8489
STARLINK-36164,6861.16373724649,42.9996,340.5472,109.9189
STARLINK-35685,6861.21972889442,43.003,340.5747,92.4184
STARLINK-36214,6861.09194001253,43.0109,340.9191,55.6953
STARLINK-36194,6861.21347660177,43.0005,340.6861,77.1776
STARLINK-35755,6861.15999732418,42.9982,123.509,89.223
STARLINK-36201,6861.24266007819,43.0048,125.5213,82.3983
STARLINK-36186,6861.14934950283,42.9998,131.0863,83.6742
STARLINK-36174,6861.1719806641,43.0099,123.4368,232.0813
STARLINK-36198,6861.12340085136,42.989,129.2706,272.0435
STARLINK-35903,6861.17269930684,42.997,123.4096,83.6462
STARLINK-35839,6861.21456655981,43.0034,123.7505,86.3906
STARLINK-35863,6861.12746111343,43.0078,129.216,94.785
STARLINK-35771,6861.13516844158,42.9978,123.7132,111.3856
STARLINK-35762,6861.16424628355,43.0062,123.6935,89.914
STARLINK-36183,6861.12845222551,43.0031,129.1781,93.4599
STARLINK-36210,6861.07863955507,43.005,123.586,96.8921
STARLINK-35756,6861.10962115719,43.0028,131.3184,78.2071
STARLINK-35785,6861.11607083594,43.0047,125.7397,269.6334
STARLINK-35853,6861.23588071637,42.9941,131.3063,17.8106
STARLINK-35878,6861.1469091334,43.0048,125.7101,76.9448
STARLINK-35793,6861.16848926081,42.9974,123.4747,94.7459
STARLINK-35876,6861.10426739637,42.9983,123.4634,88.5768
STARLINK-35766,6861.17554094184,42.9983,128.924,81.6705
STARLINK-35782,6861.19157871783,43.0018,125.5232,75.9306
STARLINK-35719,6861.16889050247,42.9976,125.5682,86.4888
STARLINK-35910,6861.08797262484,43.0057,125.4951,87.7251
STARLINK-35859,6861.12439495627,42.9958,125.5286,193.6338
STARLINK-35857,6861.18428145825,42.9984,123.4327,87.5663
STARLINK-35880,6861.17975099868,42.9995,125.5888,91.1003
STARLINK-35675,6861.16944744995,43.0084,126.3522,79.0486
STARLINK-35889,6861.17019603545,43.0034,123.7132,97.8448
STARLINK-35888,6861.08852656165,43.0027,129.179,94.5287
STARLINK-35716,6861.15312234819,42.9955,126.333,87.9691
STARLINK-36182,6950.1762321412,70.001,290.0718,90.7475
STARLINK-36279,6950.17852979459,70.0016,290.0509,90.1133
STARLINK-36284,6950.19518551916,70.0017,289.792,92.008
STARLINK-36291,6950.16694568258,70.0015,290.1815,88.1093
STARLINK-36239,6950.20631825367,70.0032,289.8369,102.7413
STARLINK-36283,6950.17760207429,70.002,289.8234,91.8358
STARLINK-36267,6950.17579920538,70.0018,289.7582,90.1985
STARLINK-36268,6950.17489931756,70.002,289.7849,90.6459
STARLINK-36270,6950.17943586839,70.0018,290.043,91.9151
STARLINK-36262,6950.05124636886,70.0028,289.8195,100.2269
STARLINK-36263,6950.14175519877,70.002,289.7732,88.7653
STARLINK-36224,6950.24266384978,70.0015,290.0742,91.4403
STARLINK-36185,6950.17000405664,70.0017,290.0197,91.1379
STARLINK-36197,6950.17936165073,70.0015,289.8095,90.0698
STARLINK-36056,6950.1734582607,70.0016,289.8141,91.2261
STARLINK-36225,6950.17385408741,70.0011,289.7545,90.0693
STARLINK-36265,6950.17885449677,70.0017,289.8049,90.526
STARLINK-36226,6950.17051430137,70.0018,289.8477,88.66
STARLINK-36173,6950.17642696235,70.0015,290.0636,89.9392
STARLINK-36280,6950.1843218687,70.0012,290.0378,91.2243
STARLINK-36213,6950.1817768181,70.0019,289.8374,95.9026
STARLINK-36199,6950.17471686612,70.0019,289.7937,90.3834
STARLINK-36203,6950.18670611628,70.0019,290.1659,94.5692
STARLINK-36221,6950.1796770758,70.0013,289.7988,90.4818
STARLINK-36212,6950.16926806742,70.0019,289.7681,89.6635
STARLINK-36216,6950.17327890175,70.0019,290.0753,90.1301
STARLINK-36211,6950.17695267026,70.0017,290.0453,91.7931
STARLINK-36490,6861.13163217061,42.9999,145.4233,82.118
STARLINK-36488,6861.11985261841,43.0051,138.006,81.284
STARLINK-36481,6861.13742914217,43.0027,137.8992,92.1607
STARLINK-36449,6861.18763813536,42.977,140.0518,97.433
STARLINK-36482,6861.15980868132,43.0138,137.8074,256.0651
STARLINK-36491,6861.18429044132,43.0038,137.9804,95.8257
STARLINK-36495,6861.15648797017,42.9997,137.7267,88.3468
STARLINK-36485,6861.14757686617,42.9986,139.8325,94.2457
STARLINK-36445,6861.19884605308,43.0009,138.0328,99.9443
STARLINK-36476,6861.14571739549,42.9975,137.8643,94.0137
STARLINK-36463,6861.14557067403,42.9994,137.7055,83.6473
STARLINK-36461,6861.03060633709,42.9931,139.8912,247.2189
STARLINK-36450,6861.18804536854,43.0109,138.0431,81.3584
STARLINK-36498,6861.17441806148,43.0058,137.9065,91.4843
STARLINK-36470,6861.17047450931,43.0029,137.9375,93.2562
STARLINK-36500,6861.05094594583,43.0112,138.0729,83.3186
STARLINK-36462,6861.22858034458,43.0017,137.9845,84.2636
STARLINK-36434,6861.18130207388,43.0041,138.0124,91.204
STARLINK-36497,6861.13437794539,43.0006,140.0561,229.1216
STARLINK-36471,6861.17533133747,42.9942,137.734,83.9376
STARLINK-36473,6861.27932401947,42.9927,137.7609,94.4079
STARLINK-36430,6861.14574434433,43.0072,145.3532,78.8205
STARLINK-36501,6861.1196430183,43.0046,145.4018,184.9277
STARLINK-36489,6861.1645247568,43.0057,137.9444,98.0438
STARLINK-36496,6861.22656511002,42.9987,137.8211,87.1741
STARLINK-36483,6861.14999328163,43.0043,137.9921,92.3718
STARLINK-36494,6861.15934456004,42.9957,137.8501,93.3218
STARLINK-36492,6861.16364142776,43.0001,138.0452,100.3912
STARLINK-36427,6861.15133174316,42.9952,137.8608,96.5882
STARLINK-35343,6861.16830960038,43.0009,38.006,83.5336
STARLINK-36486,6861.24155513689,43.0035,37.7453,179.0698
STARLINK-36480,6861.15866784142,43.0115,38.0708,94.5424
STARLINK-36410,6861.0319058159,43.0007,38.2066,92.9485
STARLINK-36413,6861.15835643114,43.0034,41.4717,93.4682
STARLINK-36451,6861.08361898488,43.0143,49.1216,249.5038
STARLINK-36339,6861.16270719532,43.0013,37.9786,79.3898
STARLINK-36453,6861.10851626945,43.003,37.9485,90.0863
STARLINK-36432,6861.15884750121,43.006,40.7346,94.985
STARLINK-36458,6861.14910097431,43.002,40.8526,88.1024
STARLINK-36422,6861.18308670976,43.004,40.7631,69.9494
STARLINK-35676,6861.09208972538,43.0076,40.8229,90.5617
STARLINK-36472,6861.11719968099,43.0138,38.1311,238.5506
STARLINK-36420,6861.14883747422,43.0034,38.0453,85.7993
STARLINK-36467,6861.13818670185,43.0018,38.0713,97.3386
STARLINK-36457,6861.13812981001,43.004,37.9549,81.8648
STARLINK-36475,6861.16651898544,43.0047,40.8007,78.2704
STARLINK-36478,6861.16021291604,43.0024,40.7408,92.8195
STARLINK-36479,6861.20389457171,43.0028,37.5712,257.1345
STARLINK-36474,6861.03912182695,43.0034,38.2108,63.5284
STARLINK-36448,6861.14330996673,43.0021,38.012,90.9445
STARLINK-36477,6861.13105726501,43.01,38.1838,94.5887
STARLINK-36429,6861.15008610557,42.9973,41.4763,94.3765
STARLINK-36456,6861.1418128106,43.0005,37.9822,80.3315
STARLINK-36466,6861.18477253296,43.0024,40.7694,82.1968
STARLINK-36499,6861.19130922492,43.0052,38.2217,44.9669
STARLINK-36469,6861.14171399833,43.0093,38.1914,86.6255
STARLINK-35306,6861.15741920617,43.0017,37.9313,94.8814
STARLINK-36428,6861.13570142778,43.0058,37.9142,81.7884
STARLINK-36484,6861.14325008047,43.0018,48.4613,72.745
STARLINK-36452,6861.21350055689,42.9984,53.9508,107.6214
STARLINK-36409,6861.14637913934,43.0014,48.7023,237.4188
STARLINK-36510,6861.10920794709,42.9932,48.6464,82.7708
STARLINK-36509,6861.14089056284,43.0014,48.5327,95.6573
STARLINK-36507,6861.15170303909,42.996,48.7573,88.5476
STARLINK-36508,6861.1734269328,43.0036,49.2779,9.9252
STARLINK-36503,6861.09604514197,43.0035,48.5574,237.8225
STARLINK-36446,6861.15797315699,43.0176,48.6129,99.5664
STARLINK-36442,6861.16276408767,43.0042,48.4748,83.1535
STARLINK-36506,6861.11111530147,43.0034,48.508,90.2616
STARLINK-36468,6861.17283704672,43.0077,52.1365,80.9859
STARLINK-36487,6861.17420546285,43.0061,52.1004,74.5435
STARLINK-36374,6861.15204139752,42.9993,52.0023,98.1613
STARLINK-36455,6861.19463896131,43.0023,48.6164,96.4075
STARLINK-36424,6861.1633120509,43.0035,54.0417,78.2466
STARLINK-35564,6861.06096759268,42.994,48.6539,81.103
STARLINK-36431,6861.16754005503,43.0061,52.1297,96.5442
STARLINK-36418,6861.12132880254,43.0001,48.4404,88.7635
STARLINK-36465,6861.15594300263,43.0078,48.749,84.2006
STARLINK-36362,6861.13224300795,43.001,48.6355,86.2689
STARLINK-36447,6861.17695726892,42.9968,50.7937,90.7397
STARLINK-36146,6861.16368933713,43.005,52.164,87.3029
STARLINK-36459,6861.27424242307,43.0036,49.1844,54.4476
STARLINK-36464,6861.11102846741,43.0081,48.5852,180.3373
STARLINK-36513,6861.06393187528,43.0023,48.5353,245.7041
STARLINK-36515,6861.11442996916,42.9976,48.7028,177.0062
STARLINK-36443,6861.1469091334,43.003,48.4756,86.623
STARLINK-36460,6861.17421744024,43.0031,52.1764,82.0386
STARLINK-36542,6861.15052926503,43.0109,16.611,89.7452
STARLINK-36539,6861.14660970171,43.0029,16.6127,201.5659
STARLINK-36440,6861.16131483026,43.0077,19.1896,95.2929
STARLINK-36423,6861.12336192558,43.0016,16.413,180.0981
STARLINK-36519,6861.12209534065,43.0019,16.5227,78.9972
STARLINK-36525,6861.07297744833,43.0077,16.4968,100.5862
STARLINK-36511,6861.14771161047,43.0066,16.6374,86.9171
STARLINK-36524,6861.15554176286,43.0085,16.6939,96.5919
STARLINK-36518,6861.14778047978,43.002,16.5154,96.8145
STARLINK-36517,6861.14007611052,43.004,16.5959,142.3059
STARLINK-36516,6861.06552180999,43.0057,16.3283,132.1062
STARLINK-36493,6861.11417246095,43.0033,16.3603,81.8282
STARLINK-36529,6861.14659772445,43.0061,22.0948,168.3333
STARLINK-36528,6861.23439249298,43.0039,19.1657,106.2173
STARLINK-36546,6861.15405657737,43.0065,16.6579,80.1444
STARLINK-36523,6861.10991759056,43.0169,16.6105,91.8323
STARLINK-36522,6861.15357449112,43.0015,16.4469,81.0904
STARLINK-36504,6861.1547273062,43,16.4069,88.4539
STARLINK-36505,6861.14681032094,43.0013,16.3787,133.8805
STARLINK-36421,6861.16400973102,43.0057,19.2056,82.3465
STARLINK-36437,6861.10211152248,43.0106,19.2563,86.611
STARLINK-36520,6861.151199993,43.0035,16.6363,76.1655
STARLINK-36425,6861.14439091396,43.0015,16.5984,86.2421
STARLINK-36414,6861.10304274002,43.0069,19.2185,91.6711
STARLINK-36441,6861.14123191425,43.005,16.61,94.9626
STARLINK-36454,6861.15797016266,42.9994,16.3206,110.8266
STARLINK-36334,6861.13795614019,43.0068,16.6536,77.9943
STARLINK-36269,6861.26616339289,43.001,16.5496,236.6881
STARLINK-36408,6861.02535453267,43.0207,16.4999,256.7861
STARLINK-36551,6861.15822767497,42.9876,129.8762,206.5771
STARLINK-36396,6861.21122781609,43.0015,127.1759,261.4613
STARLINK-36550,6861.1674322588,43.0021,127.009,328.3103
STARLINK-36534,6861.07869943992,43.0022,127.194,90.7405
STARLINK-36555,6861.24276787736,42.9996,127.2132,309.9051
STARLINK-36081,6861.17910421855,43.0064,127.1728,97.0519
STARLINK-36558,6861.14789426386,43.0048,127.145,96.1498
STARLINK-36557,6861.15350861598,43.0033,127.104,96.3477
STARLINK-36433,6861.17938568766,42.9999,127.0719,94.5861
STARLINK-36554,6861.09588944038,42.9955,132.5614,98.3074
STARLINK-36552,6861.18170032306,43.0031,126.9855,96.3963
STARLINK-36512,6861.17193874328,42.9982,126.9284,91.9922
STARLINK-36545,6861.17579546145,42.9976,126.8977,87.7371
STARLINK-36553,6861.06430016516,42.9907,126.8634,84.6454
STARLINK-36521,6861.08091218608,42.9975,132.3843,80.0653
STARLINK-36526,6861.09697036893,42.9982,129.0299,249.0331
STARLINK-36541,6861.14107621009,42.9822,129.8759,232.666
STARLINK-36549,6861.16334798292,42.996,129.0228,85.1952
STARLINK-36540,6861.13018592394,42.9991,129.8561,96.0833
STARLINK-36538,6861.14995136115,42.9982,127.2123,262.6459
STARLINK-36531,6861.17370840133,43.0029,127.1392,99.2026
STARLINK-36530,6861.14739121847,43.0062,127.1121,95.7273
STARLINK-36543,6861.16446487008,42.9981,127.083,97.2758
STARLINK-36537,6861.16282397436,43.0035,126.9918,94.1874
STARLINK-36544,6861.17257354434,43.0032,127.0453,95.5239
STARLINK-36412,6861.08750851572,42.9918,126.8987,79.4889
STARLINK-36415,6861.01269515033,42.9909,126.8603,85.6552
STARLINK-36547,6861.12384700081,42.9899,132.4701,83.361
STARLINK-36444,6861.13851308139,42.9985,126.9678,105.215
STARLINK-36587,6843.64977901845,97.2877,52.7572,262.8264
STARLINK-36417,6843.64636936871,97.2871,52.6408,264.2457
STARLINK-36576,6843.64318881794,97.2863,52.6556,268.6934
STARLINK-36574,6843.65536359355,97.2857,52.4241,279.0943
STARLINK-36572,6843.65673816839,97.2852,52.6511,269.8143
STARLINK-36561,6843.64484306091,97.2855,52.4041,274.7574
STARLINK-36397,6843.75119275006,97.2859,52.4253,271.4524
STARLINK-36573,6843.66131711424,97.2858,52.4103,271.8111
STARLINK-36585,6843.63528357352,97.2857,52.4163,278.6037
STARLINK-36579,6843.64046943509,97.2869,52.4618,255.0732
STARLINK-35934,6843.66439652658,97.2867,52.7767,266.0413
STARLINK-36581,6843.65599732603,97.2863,52.4158,261.6901
STARLINK-36565,6843.62797935029,97.286,52.6605,265.751
STARLINK-36583,6843.65915706476,97.2879,52.7607,263.8821
STARLINK-36580,6843.65569087321,97.2873,52.6484,260.1536
STARLINK-36584,6843.6512964032,97.2849,52.7692,260.1828
STARLINK-36586,6843.64937140739,97.2859,52.4534,275.7177
STARLINK-36564,6843.66722304337,97.288,52.6448,261.7456
STARLINK-36563,6843.65523863224,97.2868,52.7797,263.7764
STARLINK-36566,6843.67972223311,97.2867,52.3811,265.8392
STARLINK-36567,6843.59050051222,97.2886,52.7619,252.396
STARLINK-36569,6843.65932070481,97.287,52.7523,293.3433
STARLINK-36395,6793.38149741826,97.2843,55.5324,159.8172
STARLINK-36559,6843.63612854398,97.2863,52.421,265.3115
STARLINK-36426,6843.65815142247,97.2863,52.466,266.795
STARLINK-36621,6843.67129918324,97.2855,225.5947,110.0049
STARLINK-36398,6843.70279277511,97.285,225.7348,114.8349
STARLINK-36403,6843.68567580678,97.2847,225.71,259.3146
STARLINK-36593,6843.68885640691,97.2851,225.9601,265.4169
STARLINK-35725,6843.68666658266,97.2845,225.9365,267.7219
STARLINK-36394,6843.70043929719,97.2846,225.6739,116.3538
STARLINK-36352,6843.68093020353,97.2842,225.978,261.7291
STARLINK-36435,6843.68922832017,97.286,225.7339,264.5699
STARLINK-36575,6843.66728254901,97.2853,226.6584,102.6202
STARLINK-36562,6843.70599719773,97.2842,225.9818,146.3318
STARLINK-36578,6843.68426551379,97.2844,225.9293,62.9892
STARLINK-36350,6843.68972222106,97.2847,225.9452,272.3187
STARLINK-36588,6843.66989484823,97.2848,225.9404,256.0064
STARLINK-36594,6843.69995134501,97.2849,225.984,274.6146
STARLINK-36400,6843.67372106776,97.2842,225.9595,265.3381
STARLINK-36591,6843.75752435247,97.2851,225.9746,265.9139
STARLINK-36590,6843.53566814424,97.2837,225.9562,102.7096
STARLINK-36613,6843.67631254608,97.2844,225.6014,155.1671
STARLINK-36571,6843.69744612845,97.2839,225.9532,271.782
STARLINK-36612,6843.64213557743,97.2831,225.7421,29.8127
STARLINK-36632,6843.67458687712,97.2848,225.9669,258.1621
STARLINK-36609,6843.59805157763,97.2878,225.6894,334.3609
STARLINK-36577,6843.73510792748,97.2853,225.2947,281.3673
STARLINK-36419,6843.70012986409,97.2849,225.9894,231.877
STARLINK-36560,6843.69429527146,97.2846,225.6702,117.5762
STARLINK-36641,6843.59634083404,97.2845,230.7256,291.7998
STARLINK-36376,6843.681195005,97.2851,230.752,260.0782
STARLINK-36391,6843.70740750191,97.2867,230.7083,257.8823
STARLINK-36603,6843.7037716559,97.285,230.7582,272.8402
STARLINK-36634,6843.6426979007,97.2845,230.7652,300.2113
STARLINK-36638,6843.67891890332,97.2854,230.7152,99.2642
STARLINK-36628,6843.6678895067,97.2875,230.4853,107.0628
STARLINK-36629,6843.68326878818,97.2847,230.7323,258.4177
STARLINK-36384,6843.66677377576,97.2866,230.5323,46.9198
STARLINK-36358,6843.6883178766,97.2852,230.7401,245.2482
STARLINK-36582,6843.69720215262,97.2849,230.7619,263.4988
STARLINK-36640,6843.63628920741,97.2841,230.7374,261.0239
STARLINK-36635,6843.69513728482,97.2854,230.5226,44.6025
STARLINK-36631,6843.6947266917,97.2851,230.5365,271.0886
STARLINK-36626,6843.68822861744,97.286,230.5122,107.4056
STARLINK-36605,6843.68727354464,97.2853,230.7484,265.4439
STARLINK-36281,6843.70129023841,97.2847,230.724,224.6688
STARLINK-35843,6843.68866003673,97.2847,230.756,273.204
STARLINK-36351,6843.72342075349,97.2841,230.6462,347.85
STARLINK-36411,6843.64107936208,97.2893,230.7234,51.0341
STARLINK-36312,6843.77561175035,97.2848,230.7787,204.8048
STARLINK-36387,6721.85607710835,97.2852,236.6665,293.0316
STARLINK-36636,6843.69647022524,97.2848,230.7127,115.1843
STARLINK-36407,6843.65929095208,97.286,230.3369,253.9955
STARLINK-36597,6843.76988113562,97.2846,230.7312,138.935
STARLINK-36548,6861.1440795053,43.0018,312.3397,83.8306
STARLINK-36601,6861.16776762484,43.0021,315.1688,72.0331
STARLINK-36119,6861.08931105612,43.0031,312.2854,109.4988
STARLINK-36607,6861.03278610835,43.0056,311.5796,115.436
STARLINK-36615,6861.19923831605,43,311.2292,81.482
STARLINK-36614,6861.14591502033,43.0009,315.1601,94.681
STARLINK-36600,6861.08102297315,43.0018,312.262,71.6168
STARLINK-36439,6861.17751421803,43.0049,315.087,92.4207
STARLINK-36438,6861.22414263833,43.0042,320.6797,98.7936
STARLINK-36436,6861.13815376447,42.9902,314.9629,88.2177
STARLINK-36502,6861.14033362116,43.0023,311.7314,86.9297
STARLINK-36532,6861.144914919,43.0027,311.6773,75.6511
STARLINK-36367,6861.15498781253,43.0012,314.9561,89.6221
STARLINK-36416,6861.15933258272,43.0045,315.1101,68.2066
STARLINK-36527,6861.1340096461,43.0021,312.3964,83.9564
STARLINK-36633,6861.14726845146,43.0001,312.2846,117.0782
STARLINK-36637,6861.17374433349,43.0059,315.0986,94.2098
STARLINK-36617,6861.10347092054,43.0007,312.4157,79.3707
STARLINK-36627,6861.16090760104,43.0064,311.7167,81.4531
STARLINK-36624,6861.15679339159,43.0104,311.5692,111.3509
STARLINK-36610,6861.16034466663,43.0092,315.0647,95.7465
STARLINK-36599,6861.14663066193,43.002,317.916,90.5655
STARLINK-36595,6861.12237680391,43.0048,320.6557,91.2718
STARLINK-36570,6861.15798213998,43.0086,311.6614,78.0883
STARLINK-36514,6861.14393877255,43.0037,312.3549,83.2
STARLINK-36556,6861.15138863527,43.0017,312.3318,90.5453
STARLINK-36533,6861.13815376447,43.0011,311.6985,82.1203
STARLINK-36623,6861.15867083575,43.0101,311.6132,86.5061
STARLINK-36619,6861.20810167766,43.0028,314.9219,69.1199
STARLINK-36719,6843.67992157795,97.2836,198.7121,262.2042
STARLINK-36342,6843.75929172906,97.2831,199.7796,255.2098
STARLINK-36703,6843.703486025,97.2832,198.6248,245.7512
STARLINK-36696,6843.72672933739,97.2822,198.7319,286.5287
STARLINK-36699,6843.67638395309,97.2824,198.648,227.5168
STARLINK-36694,6843.73996966374,97.2836,198.7214,283.7236
STARLINK-36620,6843.74917842286,97.2815,198.6179,296.1622
STARLINK-36720,6843.61934224303,97.2828,198.8325,286.8152
STARLINK-36688,6843.75895848625,97.2838,198.8536,270.7616
STARLINK-36706,6843.70622629772,97.2842,198.7284,271.4343
STARLINK-36701,6843.78261585131,97.2827,198.5458,255.9219
STARLINK-36642,6843.70638696527,97.2833,198.6218,262.4013
STARLINK-36673,6843.87743778872,97.2829,198.8276,257.7546
STARLINK-36674,6843.69855889657,97.2831,198.84,267.6776
STARLINK-36700,6843.70976396115,97.2836,198.8627,271.4092
STARLINK-36675,6843.69880882316,97.2831,198.8521,275.8735
STARLINK-36404,6843.68761272934,97.2842,198.7148,267.8695
STARLINK-36399,6843.65940103721,97.2829,198.7235,272.3418
STARLINK-36365,6843.77454358189,97.2832,198.7271,270.8803
STARLINK-36622,6843.70872557166,97.2832,198.5421,225.6423
STARLINK-36625,6843.71188834659,97.2833,198.62,254.3844
STARLINK-36639,6843.69619352104,97.2834,198.6317,267.3336
STARLINK-36596,6843.67738662679,97.2832,198.6407,275.1062
STARLINK-36297,6843.68250116094,97.2832,198.8591,267.1264
STARLINK-36616,6843.71697914251,97.2831,198.8471,250.8597
STARLINK-36748,6843.73503651894,97.2858,277.1963,267.8414
STARLINK-36753,6843.69668742318,97.2836,277.1271,220.4228
STARLINK-36750,6843.628137038,97.2854,277.1595,250.6147
STARLINK-36401,6843.71763371661,97.2853,277.1842,274.961
STARLINK-36704,6843.6907100231,97.2839,277.1711,227.7533
STARLINK-36697,6843.73189156938,97.2852,277.1822,273.2664
STARLINK-36716,6843.71100764878,97.2851,277.1386,270.6977
STARLINK-36712,6843.6926112455,97.2858,277.1615,49.8596
STARLINK-36713,6843.69117119586,97.2857,277.1364,347.2456
STARLINK-36695,6843.71601513367,97.2853,277.195,263.3176
STARLINK-36630,6843.72965112975,97.2857,277.1727,248.051
STARLINK-36338,6843.71458102239,97.2846,277.1349,275.5749
STARLINK-36316,6843.69215304781,97.2856,277.1389,69.2385
STARLINK-36707,6843.70990975225,97.2854,277.1567,267.4961
STARLINK-36645,6843.64166846242,97.286,277.2059,293.4034
STARLINK-36287,6843.71746114706,97.2856,277.1931,257.0021
STARLINK-36698,6843.71109393335,97.286,277.2054,216.8234
STARLINK-36344,6843.5396191322,97.2848,277.1708,51.2265
STARLINK-36687,6843.65672924258,97.285,277.2786,310.6732
STARLINK-36705,6843.69856187188,97.2848,277.1501,281.1319
STARLINK-36708,6843.66159976547,97.2834,276.3626,269.1544
STARLINK-36702,6843.70055830993,97.2845,277.1515,280.1306
STARLINK-36718,6843.69605368129,97.286,277.2336,214.3804
STARLINK-36715,6843.71081425234,97.2849,277.1296,265.5222
STARLINK-36385,6843.70421795425,97.2856,277.1927,261.2918
STARLINK-36772,6843.70783594889,97.2837,219.0235,255.5706
STARLINK-36796,6843.70986809765,97.2823,219.0265,223.801
STARLINK-36369,6843.68295935702,97.285,218.8368,215.6393
STARLINK-36752,6843.64696442071,97.2836,218.839,119.6647
STARLINK-36754,6843.72551242073,97.2841,218.8448,102.6152
STARLINK-36755,6843.70853515071,97.2843,218.8473,120.4471
STARLINK-36741,6843.73873191367,97.2842,218.8493,242.7546
STARLINK-36757,6843.69365855481,97.2841,218.8561,255.849
STARLINK-36751,6843.72711315719,97.2832,219.1226,254.3419
STARLINK-36747,6843.6599544382,97.2837,218.8594,249.9338
STARLINK-36315,6843.65920764441,97.2844,219.1276,10.4918
STARLINK-36260,6843.68071003154,97.2845,219.1305,271.3206
STARLINK-36746,6843.66621442283,97.2846,219.129,254.6075
STARLINK-36749,6843.68104921542,97.2843,219.1363,273.0506
STARLINK-36691,6843.66575325427,97.2832,218.8877,278.4451
STARLINK-36317,6843.68763058117,97.2827,219.1426,276.6046
STARLINK-36330,6843.68868383918,97.2842,219.1489,257.8178
STARLINK-36327,6843.6807487104,97.2857,218.8952,250.7435
STARLINK-36329,6843.68258446931,97.2822,219.1746,118.7436
STARLINK-36737,6843.65752661532,97.2844,219.1556,271.9773
STARLINK-36740,6843.69170080081,97.2841,219.1697,274.8141
STARLINK-36693,6843.67588112873,97.2852,218.9002,252.201
STARLINK-36717,6843.71369734838,97.2841,219.167,270.2904
STARLINK-36692,6843.68474453728,97.2837,219.1632,254.6462
STARLINK-36800,6843.70265293503,97.2844,353.6407,254.3544
STARLINK-36798,6843.68787158084,97.284,353.2589,271.2308
STARLINK-36804,6843.69008520851,97.2856,353.4948,256.9853
STARLINK-36354,6843.66697014438,97.2856,353.7036,260.457
STARLINK-36773,6843.68833870374,97.286,353.4984,262.5624
STARLINK-36739,6843.66296839289,97.2839,353.3395,266.6285
STARLINK-36768,6843.6838281446,97.285,353.6989,265.5295
STARLINK-36792,6843.67311708407,97.2854,353.6964,273.5694
STARLINK-36782,6843.67662792707,97.2844,353.6166,279.0398
STARLINK-36389,6843.66466132645,97.2852,353.2684,273.1022
STARLINK-36382,6843.67801143847,97.2847,353.2703,272.6416
STARLINK-36811,6843.68901112282,97.2868,353.6171,261.6424
STARLINK-36795,6843.6631558354,97.2855,353.7076,281.1134
STARLINK-36807,6843.72432525804,97.2855,353.6126,269.672
STARLINK-36733,6843.67857376911,97.2873,353.6331,250.106
STARLINK-36377,6843.66431619404,97.2847,353.6308,268.0088
STARLINK-36732,6843.70096592861,97.2846,353.6238,264.5469
STARLINK-36767,6843.68018935461,97.2843,353.2651,274.6784
STARLINK-36797,6843.64162085835,97.2848,353.6007,278.8572
STARLINK-36343,6843.65399199467,97.2847,353.6341,265.5881
STARLINK-36756,6843.69155501067,97.2879,353.6248,260.6391
STARLINK-36346,6843.62694991754,97.2848,353.641,261.0446
STARLINK-36788,6843.67536045272,97.2847,353.2816,287.1137
STARLINK-36353,6843.67360800676,97.2863,353.6096,266.2473
STARLINK-36644,6861.15320918358,43.0004,77.5537,77.0366
STARLINK-36643,6861.12913492528,43.0034,80.7138,78.9045
STARLINK-36646,6861.16667169671,43.0066,80.5581,98.2211
STARLINK-36647,6861.163482728,43.0032,80.4847,95.9832
STARLINK-36648,6861.12841928825,43.0091,88.0869,82.6507
STARLINK-35865,6861.17617574374,43.0003,80.5323,67.6353
STARLINK-36289,6861.13872867156,43.0029,80.7581,93.4589
STARLINK-36670,6861.11621755583,43.0062,80.7266,90.1438
STARLINK-36144,6861.09769498056,43.0036,91.7619,94.9161
STARLINK-36611,6861.2104792194,43.0004,80.8188,110.885
STARLINK-36661,6861.15969489674,43.0142,80.8011,90.3259
STARLINK-36662,6861.14227692892,43.0054,73.5131,90.1058
STARLINK-36659,6861.07096831649,43.0096,82.6688,245.7553
STARLINK-36655,6861.16606983472,43.0014,82.9345,76.1971
STARLINK-36657,6861.16666870237,43.0017,79.1054,272.6756
STARLINK-36650,6861.16022489337,42.9867,82.8702,100.9798
STARLINK-36649,6861.12530522132,43.0069,80.7313,93.9104
STARLINK-36654,6861.15535611463,42.9983,82.8371,79.2908
STARLINK-36652,6861.15940744099,43.0043,80.593,88.7985
STARLINK-36651,6861.13536606566,43.0049,80.5606,89.9605
STARLINK-36656,6861.17648715604,43.0162,80.5215,233.393
STARLINK-36653,6861.1946299782,42.9985,80.4839,85.2768
STARLINK-36589,6861.06986344431,43.0016,82.6392,199.4479
STARLINK-36598,6861.15638017439,43.007,80.7733,93.0443
STARLINK-36606,6861.23363790115,43.0013,79.12,272.3999
STARLINK-36658,6861.13805195802,42.9995,91.7928,94.3722
STARLINK-36618,6861.1875033891,43.0001,66.1189,85.3826
STARLINK-36660,6861.12702394628,43.0072,91.7689,95.6338
STARLINK-36602,6861.15202043726,43.0049,80.8012,97.0896
STARLINK-36840,6853.36490847431,53.1573,113.9316,272.5694
STARLINK-36348,6853.35311147062,53.1578,114.5678,249.8701
STARLINK-36276,6853.34980318307,53.1573,114.5544,265.1036
STARLINK-36785,6853.34446156116,53.1586,116.2053,261.0835
STARLINK-36608,6853.37859557031,53.1595,113.9897,259.8998
STARLINK-36838,6848.93926793637,53.1604,113.9138,249.3101
STARLINK-36843,6853.36405154016,53.1603,113.9286,269.878
STARLINK-36828,6848.85245319099,53.1599,112.3158,348.3532
STARLINK-36837,6840.86700806796,53.1595,111.8066,279.11
STARLINK-36393,6848.84416326151,53.16,113.2885,307.9208
STARLINK-35873,6853.34828937413,53.1581,114.5569,252.6203
STARLINK-36325,6853.37780432053,53.1581,114.5351,246.7068
STARLINK-36332,6853.35429087012,53.1581,114.5155,273.3227
STARLINK-36835,6853.30196483601,53.1574,114.4979,277.984
STARLINK-36831,6853.36910058808,53.1581,114.4772,265.6986
STARLINK-36738,6853.38947303849,53.1565,116.2569,269.6196
STARLINK-36780,6853.37082341732,53.1576,116.2344,277.2952
STARLINK-36761,6853.36793611139,53.1578,116.2121,278.973
STARLINK-36762,6853.37906434859,53.1586,116.1905,284.507
STARLINK-36779,6840.80687437276,53.1595,111.8157,291.631
STARLINK-36770,6853.37685183526,53.159,116.1409,283.8025
STARLINK-36769,6853.36480397013,53.1595,114.0001,272.8697
STARLINK-36786,6848.84806229749,53.1587,113.8499,265.5844
STARLINK-36783,6840.86407446883,53.1588,111.7957,260.4132
STARLINK-36730,6840.85779711227,53.159,111.7705,267.143
STARLINK-36727,6848.84045202828,53.1588,115.4645,287.042
STARLINK-36743,6853.31104754873,53.1584,114.526,281.0993
STARLINK-36784,6855.87118309713,53.1586,114.7053,255.7557
STARLINK-36689,6853.35235904386,53.1573,114.4669,256.7652
STARLINK-36818,6843.65644956713,97.2836,98.9499,265.817
STARLINK-36821,6843.65525945912,97.2843,98.9547,270.7226
STARLINK-36808,6843.63492059333,97.2854,99.0807,264.202
STARLINK-36817,6843.62682793276,97.2853,99.0499,247.0686
STARLINK-36856,6843.69467016077,97.285,98.5969,250.8103
STARLINK-36842,6843.66181696065,97.2849,98.9575,258.2189
STARLINK-36826,6843.64920479267,97.2846,98.9709,279.8344
STARLINK-36390,6843.73021049564,97.2848,99.026,269.594
STARLINK-36368,6843.60227339988,97.2851,98.6181,258.3919
STARLINK-36801,6843.6745005937,97.2849,98.8074,255.3701
STARLINK-36372,6843.42799996746,97.2849,98.8012,313.2964
STARLINK-36363,6843.64736905615,97.2851,98.9704,279.165
STARLINK-36816,6843.64881503327,97.2846,98.0396,268.9279
STARLINK-36813,6843.63763699542,97.2842,99.1026,266.9994
STARLINK-36803,6843.62927953035,97.283,99.0851,248.1308
STARLINK-36846,6843.67436670564,97.2854,98.9657,252.2997
STARLINK-36866,6843.63317412375,97.2848,99.046,258.7106
STARLINK-36877,6843.65448291393,97.2848,99.086,251.3919
STARLINK-36870,6843.63425711327,97.2853,99.0778,262.7441
STARLINK-36810,6843.69418220961,97.2849,98.8038,263.5026
STARLINK-36878,6843.65009142112,97.2844,99.0945,272.7696
STARLINK-36361,6843.55398911387,97.2838,99.0938,257.2829
STARLINK-36336,6843.63994579056,97.2849,99.0709,266.5703
STARLINK-36876,6843.64520306716,97.2852,99.0886,265.8343
STARLINK-36257,6843.69520571702,97.284,98.5881,250.2684
STARLINK-36814,6861.13254243807,42.9861,56.3549,237.5419
STARLINK-36729,6861.162758099,43.0012,59.2836,101.1041
STARLINK-36763,6861.10113838551,43.0049,59.2526,81.6209
STARLINK-36742,6861.17080987571,43.0038,56.4589,262.3863
STARLINK-36827,6861.10764792981,43.0065,59.1881,89.7407
STARLINK-36822,6861.10460574895,43.0069,59.1646,91.1654
STARLINK-36847,6861.18692248307,42.9854,61.3487,94.7306
STARLINK-36736,6861.1397826682,43.0065,61.2852,62.9895
STARLINK-36676,6861.16722265506,43.0039,59.0433,92.7129
STARLINK-36690,6861.02889066669,43.0036,59.0152,104.3355
STARLINK-36724,6861.1332999964,43.0028,55.6124,77.1886
STARLINK-36723,6861.12971581908,42.994,55.6542,98.2423
STARLINK-36721,6861.12272114731,43.0048,55.5808,142.6824
STARLINK-36722,6861.13533312831,43.0086,55.5497,90.6462
STARLINK-36341,6861.14153134534,43.0111,56.3687,80.5119
STARLINK-36663,6861.14734330939,43.0018,55.5195,95.6249
STARLINK-36375,6861.10633643804,42.9981,59.2523,126.106
STARLINK-36405,6861.15849716462,43.0061,59.2369,97.5575
STARLINK-36406,6861.10077308495,43.0084,59.1841,92.1046
STARLINK-36714,6861.08705638367,43.0053,59.1339,91.9559
STARLINK-36726,6861.16964807084,43.0017,59.0959,91.7188
STARLINK-36758,6861.1918272502,43.0015,59.0553,76.5472
STARLINK-36728,6861.14701992313,43.0055,55.669,95.6458
STARLINK-36771,6861.15010107717,43.002,59.0225,76.0225
STARLINK-36809,6861.03842118439,43.0037,55.639,85.5152
STARLINK-36865,6861.12258939853,43.0083,61.0964,102.626
STARLINK-36781,6861.15286184203,43.0067,55.5907,84.7785
STARLINK-36301,6861.16377916719,43.0117,2.4961,98.7137
STARLINK-36852,6861.1363062774,43.0027,2.4894,90.4133
STARLINK-36861,6861.04802060198,43.0156,2.4469,245.2463
STARLINK-36860,6861.1593505487,42.9969,2.4177,82.0893
STARLINK-36848,6861.158745694,43.0052,2.3678,83.9916
STARLINK-36370,6861.1357762854,42.9892,2.3852,81.6771
STARLINK-36371,6861.13588707468,43.0011,2.3382,75.2438
STARLINK-36246,6861.1804666491,43.0025,2.3167,89.2568
STARLINK-36907,6861.16657288354,43.0048,5.1364,92.7491
STARLINK-36927,6861.14557965697,43.0082,5.0911,96.0762
STARLINK-36914,6861.09268258837,43.0084,2.2668,84.4752
STARLINK-36851,6861.17000739188,43.0035,5.1691,78.9761
STARLINK-36892,6861.16482419044,43.0039,5.1184,96.1037
STARLINK-36908,6861.1109086963,43.0116,1.7304,322.0105
STARLINK-36909,6861.13774653869,42.9998,1.6897,76.4271
STARLINK-36920,6861.15052926503,43.0061,1.677,215.8261
STARLINK-36873,6861.13777947607,42.9947,1.6591,82.0844
STARLINK-36863,6861.13226696236,43.0107,1.633,103.249
STARLINK-36887,6861.13047337663,43.0004,2.4912,75.9854
STARLINK-36897,6861.14672049143,43.0002,2.439,81.2738
STARLINK-36381,6861.13952515762,43.0093,2.3898,80.4416
STARLINK-36824,6861.13591701773,43.0007,5.7519,92.5462
STARLINK-36869,6861.10165938803,43.0034,1.9509,94.4032
STARLINK-36872,6861.08731987783,43.0003,7.7792,112.8634
STARLINK-36918,6861.22722687336,43.0061,5.1739,346.5721
STARLINK-36829,6861.1018570097,43.0046,2.2845,84.4024
STARLINK-36799,6861.15101434506,43.0081,5.1356,93.8389
STARLINK-36834,6861.13011406077,43.0055,1.7458,67.089
STARLINK-36841,6861.09134415545,43.0033,2.8607,121.5007
STARLINK-36912,6843.6701655992,97.283,175.638,271.1074
STARLINK-36881,6843.66624120036,97.2838,175.6407,252.7302
STARLINK-36357,6843.65206699696,97.283,175.6496,271.0669
STARLINK-36349,6843.64803551465,97.2827,175.6462,275.2327
STARLINK-36806,6843.6473958335,97.2829,175.652,249.0622
STARLINK-36820,6843.64536075586,97.2828,175.658,254.8051
STARLINK-36819,6843.64658061216,97.2836,175.6585,267.1505
STARLINK-36812,6843.6364468956,97.2831,175.6652,241.5204
STARLINK-36709,6843.6592879768,97.2832,175.6717,265.1756
STARLINK-36319,6843.71068631317,97.2829,175.6668,271.65
STARLINK-36710,6843.4847312568,97.286,175.6774,244.9969
STARLINK-36894,6843.66453338943,97.2831,175.6797,258.2314
STARLINK-36900,6843.673569328,97.2828,175.6832,270.0744
STARLINK-36901,6843.67993645443,97.2826,175.6828,263.6907
STARLINK-36883,6843.66052271568,97.2826,175.7021,277.6236
STARLINK-36880,6843.66926706311,97.2822,175.6875,269.7211
STARLINK-36904,6843.64877040434,97.2823,175.6974,271.9036
STARLINK-36364,6843.67752349029,97.2836,175.711,282.9798
STARLINK-36359,6843.65924037242,97.2828,175.6944,270.4245
STARLINK-36882,6843.68105814132,97.2836,175.7045,266.0435
STARLINK-36874,6843.64954992317,97.2825,175.7142,286.6194
STARLINK-36879,6843.66202523001,97.2829,175.7144,272.9744
STARLINK-36867,6843.70529502123,97.2827,175.7234,281.7471
STARLINK-36266,6843.64991588057,97.2827,175.7219,280.7955
STARLINK-36802,6843.64819320351,97.2831,176.5539,252.6364
STARLINK-36535,6861.08688271708,43.0043,223.0018,79.382
STARLINK-36744,6861.23047879871,42.9987,223.3401,112.5574
STARLINK-36734,6861.17258851607,42.9914,220.379,107.0045
STARLINK-36957,6861.16877072884,43.0056,220.3296,82.9499
STARLINK-36951,6861.15940145232,43.0078,220.3026,84.345
STARLINK-36941,6861.13747106246,43.0023,220.3034,91.9724
STARLINK-36950,6861.18014625328,42.9993,220.2646,91.6206
STARLINK-36975,6861.17608591327,42.9996,220.2336,93.3775
STARLINK-36993,6861.17700517851,42.9933,220.1835,91.0637
STARLINK-36968,6861.24954725619,43.0022,220.0696,88.4979
STARLINK-36979,6861.15089756653,42.986,220.1554,93.7864
STARLINK-36994,6861.15174196528,42.9995,219.5012,215.3766
STARLINK-36988,6861.15616458283,43.0037,222.2422,84.2105
STARLINK-36926,6861.13269215313,43.0043,222.1853,141.5225
STARLINK-36931,6861.15026277048,43.0024,222.1589,83.6274
STARLINK-36903,6861.17549902096,43.0023,223.0172,83.6585
STARLINK-36898,6861.19948385474,43.0015,220.3662,289.8714
STARLINK-36862,6861.16361747308,43.0083,220.3062,92.6886
STARLINK-36888,6861.07847786598,42.9995,220.398,80.1548
STARLINK-36910,6861.1719806641,43.0109,220.3302,91.5386
STARLINK-36889,6861.11628343007,43.0047,220.2594,95.052
STARLINK-36592,6861.05401800937,42.9971,220.2262,91.8428
STARLINK-36911,6861.15773959933,43.0015,220.1936,94.7678
STARLINK-36956,6861.17749026323,42.9969,220.1651,88.7046
STARLINK-36953,6861.1536703095,42.9956,220.0727,82.3928
STARLINK-36991,6861.17599907716,42.9958,222.2877,120.5048
STARLINK-36936,6861.13400066319,42.9964,222.212,88.5867
STARLINK-36967,6861.13807890679,43.0003,220.1476,80.3704
STARLINK-36985,6861.15720361453,42.9967,220.0117,77.7143
STARLINK-36335,6843.65941888885,97.2834,114.0881,257.6893
STARLINK-36923,6843.68638095354,97.2836,114.0922,257.7316
STARLINK-36568,6843.65788067269,97.284,114.2928,271.2797
STARLINK-36930,6843.66026981731,97.2853,114.0272,259.355
STARLINK-36921,6843.63303428722,97.2836,114.5564,243.7496
STARLINK-36928,6843.74697069814,97.2849,114.4883,271.7862
STARLINK-36858,6843.62605734611,97.2836,114.5687,268.456
STARLINK-36916,6843.65299230481,97.2847,114.554,250.5352
STARLINK-36871,6843.62969903938,97.2828,114.5644,269.2473
STARLINK-36891,6843.63133244749,97.2828,114.5696,267.4465
STARLINK-36378,6843.71269466138,97.2828,114.5731,292.591
STARLINK-36884,6843.70736584734,97.2839,114.5753,266.7786
STARLINK-36940,6843.64757434915,97.2835,114.2387,275.4475
STARLINK-36253,6842.69249773569,97.2836,113.1711,263.1707
STARLINK-36944,6843.62681900704,97.2821,114.5832,255.259
STARLINK-36942,6843.63729186642,97.2836,114.5859,263.7293
STARLINK-36913,6843.63848791711,97.284,114.5844,255.7652
STARLINK-36935,6843.68629466975,97.2844,114.2309,222.6965
STARLINK-36947,6843.6461491995,97.2836,114.5938,273.3023
STARLINK-36939,6843.63454273696,97.2832,114.6038,270.9868
STARLINK-36943,6843.6503234917,97.2837,114.6186,276.3913
STARLINK-36906,6843.64829138715,97.284,114.5962,273.2924
STARLINK-36388,6843.62778000923,97.2832,114.6086,265.5723
STARLINK-36895,6843.62363847899,97.2836,114.601,262.4534
STARLINK-36373,6843.63504257847,97.2839,114.5897,264.9102
STARLINK-36711,6840.82751025812,53.1596,316.9411,284.7428
STARLINK-36825,6840.75039769577,53.1606,316.8156,282.321
STARLINK-36925,6840.94587758808,53.1602,318.0419,51.8968
STARLINK-36902,6840.82012435875,53.1611,319.2704,270.2846
STARLINK-36966,6840.84548616409,53.1595,316.8618,290.8667
STARLINK-36864,6840.82105762622,53.1592,317.2953,273.5228
STARLINK-36321,6840.80244583634,53.1607,318.8944,280.1159
STARLINK-36181,6840.80499893129,53.1586,318.491,262.5884
STARLINK-36318,6840.82372962625,53.1586,317.432,251.3356
STARLINK-36885,6840.79072659635,53.161,316.8891,282.023
STARLINK-36945,6840.92944662213,53.1587,316.1398,283.2649
STARLINK-35911,6840.83302368894,53.1605,318.9995,273.2993
STARLINK-35808,6840.81221537555,53.1603,318.5545,268.74
STARLINK-36919,6840.7732860349,53.1609,319.0143,305.1736
STARLINK-36924,6840.83006932085,53.1597,317.0674,268.2944
STARLINK-35998,6840.89519099103,53.1601,319.2365,259.6694
STARLINK-36845,6840.82493930899,53.1588,317.0261,297.2384
STARLINK-36954,6840.78610489619,53.1594,316.9574,269.0202
STARLINK-36899,6840.79464390203,53.16,318.4835,277.0817
STARLINK-36917,6840.81307136361,53.1594,317.0854,259.9006
STARLINK-36959,6840.8149646437,53.1605,316.9067,277.5618
STARLINK-36915,6840.8191673141,53.1604,316.7656,267.9828
STARLINK-36952,6840.82553077569,53.16,317.0168,269.9343
STARLINK-37000,6840.82230297408,53.1584,317.4253,248.3571
STARLINK-36996,6840.82638379572,53.1603,316.7402,270.0928
STARLINK-36836,6840.78584037468,53.1613,319.034,274.1825
STARLINK-36976,6840.91119968638,53.1612,317.1004,270.9126
STARLINK-36929,6840.78584631898,53.1597,317.0325,262.5278
STARLINK-36990,6840.79947664043,53.1589,318.5005,269.663
STARLINK-36766,6840.82109923688,53.1595,90.153,280.1961
STARLINK-36823,6840.80872306592,53.1598,83.5397,267.3965
STARLINK-36970,6840.86203254303,53.1612,85.8143,287.8613
STARLINK-36972,6840.8237117931,53.1585,85.589,251.1803
STARLINK-37074,6840.84835138224,53.1581,85.6566,264.4925
STARLINK-37045,6840.8865000861,53.1589,87.9779,244.7718
STARLINK-37026,6840.82678504216,53.1604,88.013,273.4685
STARLINK-37023,6840.83467326205,53.1605,85.7876,264.3431
STARLINK-37036,6840.85321988219,53.1589,84.0818,275.0857
STARLINK-36973,6840.82249022213,53.1582,85.6436,269.1743
STARLINK-37063,6840.82995637727,53.1596,85.737,259.076
STARLINK-37051,6840.88448786615,53.1591,87.9691,295.9841
STARLINK-37066,6840.82362559951,53.1591,84.1351,243.7985
STARLINK-37054,6840.84808685471,53.1582,85.6595,267.3599
STARLINK-37065,6840.85733047223,53.1595,87.9841,246.9035
STARLINK-37037,6840.81739589071,53.1593,85.6249,222.8324
STARLINK-37068,6840.83182886364,53.1604,84.048,274.1065
STARLINK-37067,6840.82407440064,53.1593,84.0894,258.6115
STARLINK-37062,6840.83433443074,53.1598,85.5413,256.4142
STARLINK-37059,6840.88335543578,53.159,85.8019,257.4734
STARLINK-37004,6840.87212032522,53.1596,90.1785,272.0721
STARLINK-36320,6840.82268935897,53.1593,85.5898,243.0565
STARLINK-36324,6840.83388265572,53.1589,85.5256,252.6211
STARLINK-36896,6840.79679871976,53.1593,85.7289,262.4422
STARLINK-36251,6840.84436266651,53.1586,85.7141,259.3279
STARLINK-36787,6840.84208297838,53.1602,85.5404,252.1381
STARLINK-36790,6840.78802787917,53.1584,85.628,244.0027
STARLINK-36328,6840.8333714367,53.1602,90.115,283.4859
STARLINK-36853,6840.87495584877,53.1599,85.7699,267.8134
STARLINK-37022,6843.62463518289,97.282,126.1465,251.5686
STARLINK-37046,6843.64326319935,97.2833,126.1517,260.3082
STARLINK-37018,6843.64248070705,97.2835,126.1545,269.6776
STARLINK-37041,6843.64880313222,97.2829,126.1604,263.8751
STARLINK-37021,6843.65063886971,97.2831,126.163,263.2156
STARLINK-37024,6843.64346254153,97.2834,126.1673,270.3153
STARLINK-37005,6843.64972843897,97.2837,126.1568,270.9197
STARLINK-37017,6843.68198643426,97.2836,126.1711,266.6986
STARLINK-36833,6843.64100498073,97.2828,126.1803,266.8127
STARLINK-36830,6843.64507513105,97.2831,126.1755,269.1066
STARLINK-36791,6843.65829721083,97.2829,126.1846,267.674
STARLINK-36893,6843.69463148171,97.2828,126.1896,279.2853
STARLINK-36937,6843.64052001439,97.283,126.1962,277.4748
STARLINK-36229,6843.6544293591,97.283,126.1929,278.5487
STARLINK-36392,6843.64772013695,97.2829,126.1989,274.203
STARLINK-36805,6843.65480424295,97.2832,126.2037,266.1649
STARLINK-36844,6843.44803384137,97.2827,126.208,264.9488
STARLINK-36789,6843.65411695593,97.2837,126.2749,268.9943
STARLINK-36850,6843.6523615483,97.2836,126.279,258.1059
STARLINK-36868,6843.54011598123,97.2836,126.2836,270.927
STARLINK-36855,6843.65630675414,97.2839,126.2872,266.8585
STARLINK-36366,6843.64764873068,97.2835,126.2909,267.7151
STARLINK-36922,6843.7443821283,97.2832,126.2976,255.301
STARLINK-36938,6843.63941024512,97.2841,129.1979,256.1344
STARLINK-36839,6843.64194218586,97.2836,126.2948,252.635
STARLINK-36604,6843.75355817312,97.2829,187.093,272.911
STARLINK-36995,6843.67288203627,97.2815,187.3101,291.1511
STARLINK-37020,6843.66856489604,97.2828,187.3318,264.7927
STARLINK-36244,6843.67228697863,97.2833,187.3159,275.9891
STARLINK-36980,6843.67871658326,97.2827,187.2234,266.2825
STARLINK-37055,6843.6626232607,97.2828,187.3029,273.9273
STARLINK-36981,6843.65571467537,97.2829,187.3226,276.4412
STARLINK-36992,6843.66938309921,97.2831,187.2203,273.931
STARLINK-37060,6843.67326287323,97.2828,187.3366,277.6351
STARLINK-37073,6843.74701235331,97.2835,187.3262,275.9131
STARLINK-37049,6843.67759489733,97.2831,187.2259,267.913
STARLINK-37072,6843.64792245471,97.2825,187.3222,279.2994
STARLINK-36241,6843.65575037861,97.2865,187.0863,241.204
STARLINK-37048,6843.67884452095,97.2832,187.0821,249.8503
STARLINK-36313,6843.68607152203,97.2833,187.0896,265.9107
STARLINK-37064,6843.65533086559,97.283,187.3407,273.9268
STARLINK-37069,6843.68314085029,97.2831,187.0922,256.8282
STARLINK-37053,6843.67101355572,97.2825,187.3154,278.098
STARLINK-36306,6843.63773517868,97.2821,187.2983,259.6443
STARLINK-37057,6843.69733604179,97.2829,187.0991,264.3276
STARLINK-37013,6843.65381645386,97.2809,187.3079,297.6797
STARLINK-36958,6843.64214747845,97.2849,187.1401,260.9749
STARLINK-37002,6843.70295344245,97.283,187.1021,260.2079
STARLINK-36971,6843.67937114821,97.2829,187.3435,272.9987
STARLINK-36273,6843.6567679211,97.2831,188.0587,262.9963
STARLINK-36969,6837.94947397816,53.1592,173.8286,35.5534
STARLINK-36984,6840.78843803645,53.1574,174.5251,327.9283
STARLINK-37077,6840.84133695309,53.1571,175.051,257.5144
STARLINK-37003,6837.94976197814,53.1581,173.6489,118.5301
STARLINK-37034,6840.85961908975,53.1568,176.7592,279.015
STARLINK-37031,6840.84644024573,53.1574,175.0366,267.1512
STARLINK-37076,6840.84642538465,53.157,175.0682,280.3044
STARLINK-37078,6840.86372374493,53.1553,175.0172,263.2202
STARLINK-36886,6840.84733191112,53.1573,174.4894,293.1892
STARLINK-36905,6840.84813738244,53.1566,175.0004,265.0777
STARLINK-36668,6840.90635486153,53.1573,176.5287,95.382
STARLINK-36677,6840.78251156685,53.1562,176.7181,295.081
STARLINK-37052,6827.70139172154,53.1558,185.8079,277.9395
STARLINK-37035,6840.79918536813,53.1594,176.7057,317.3392
STARLINK-37032,6840.88425900223,53.1588,176.8145,251.7014
STARLINK-37082,6840.87360347606,53.157,176.8221,285.1939
STARLINK-37102,6840.95029149499,53.1592,173.8319,43.3357
STARLINK-36964,6840.93992699893,53.1581,176.7834,258.149
STARLINK-37061,6840.84852079876,53.1574,174.4092,284.9133
STARLINK-37079,6840.85297913199,53.1582,174.4911,279.0705
STARLINK-37006,6840.84273686527,53.1562,175.0526,279.1772
STARLINK-36305,6840.88023753936,53.1574,175.0945,282.531
STARLINK-37071,6840.64518394082,53.1564,175.0781,271.3606
STARLINK-37091,6840.8762755274,53.156,176.7569,276.4557
STARLINK-37098,6840.90884860773,53.1572,176.7086,273.2509
STARLINK-37090,6840.87799348837,53.1563,176.788,276.6446
STARLINK-37093,6840.8269960681,53.1565,176.7361,290.492
STARLINK-37058,6840.85692922131,53.1584,174.4584,278.7746
STARLINK-36986,6843.667166513,97.286,41.0019,275.762
STARLINK-37009,6843.54254369999,97.2866,41.0082,277.8885
STARLINK-36948,6843.70427151006,97.2857,41.011,268.1163
STARLINK-37119,6843.67864517619,97.2859,40.7588,262.6911
STARLINK-37120,6843.68048688428,97.2868,41.0178,261.5746
STARLINK-37117,6843.76637314841,97.2856,41.0227,267.4045
STARLINK-37116,6843.67854104087,97.2874,41.0254,258.4441
STARLINK-35854,6843.59312463897,97.2876,41.1239,256.8889
STARLINK-36272,6843.6612486829,97.2856,41.029,267.3395
STARLINK-37014,6843.64292997066,97.2854,41.0368,268.9912
STARLINK-37011,6843.63448025677,97.2859,40.9776,259.7495
STARLINK-37108,6843.6881453089,97.2858,40.7879,273.3721
STARLINK-37106,6843.67085586554,97.2861,40.7914,273.0601
STARLINK-37030,6843.66442330409,97.2856,40.7976,278.2757
STARLINK-37012,6843.66481306571,97.2856,40.7953,274.0287
STARLINK-37110,6843.68213222389,97.2853,40.9306,284.3893
STARLINK-37025,6843.66625607677,97.2876,41.1252,318.6714
STARLINK-36960,6843.63610176675,97.2873,41.1362,265.8516
STARLINK-37038,6843.65821985374,97.2877,41.1428,265.2075
STARLINK-37083,6843.65708329985,97.2873,41.14,260.5069
STARLINK-37050,6843.59279141639,97.2875,41.1444,264.3395
STARLINK-37081,6843.73202248489,97.2844,44.1064,40.8827
STARLINK-37100,6843.66971633112,97.2854,40.8938,264.8168
STARLINK-37104,6843.66461669726,97.2882,41.1551,263.2507
STARLINK-37027,6840.83935746066,53.158,198.4101,278.789
STARLINK-37132,6796.86430108388,53.1553,200.7918,277.1489
STARLINK-37101,6796.72666355602,53.1579,203.5999,302.5883
STARLINK-36963,6840.88200603117,53.1572,200.7423,277.4595
STARLINK-37127,6796.83687947793,53.1571,201.2985,284.3348
STARLINK-37095,6840.81035479131,53.1571,200.7294,273.9668
STARLINK-37097,6840.9397486598,53.1575,197.8269,207.9238
STARLINK-37096,6840.94849323576,53.1579,197.8713,153.7753
STARLINK-37092,6796.85412323711,53.1582,203.0265,267.2996
STARLINK-37094,6853.39457886468,53.1588,207.9451,284.1011
STARLINK-36356,6853.33843321445,53.1576,205.7067,268.5195
STARLINK-36345,6840.83888487934,53.1576,198.3261,276.0821
STARLINK-36310,6796.82934852854,53.1579,200.7382,287.4407
STARLINK-36247,6796.83004166748,53.1561,199.2025,275.2926
STARLINK-37043,6796.84614184312,53.1577,202.9961,272.8996
STARLINK-37044,6796.83429409334,53.155,199.1234,284.0965
STARLINK-36997,6853.32872936571,53.1572,205.7795,285.2995
STARLINK-37141,6796.83430579191,53.1558,199.1679,271.2448
STARLINK-37087,6796.81298231201,53.1589,201.4954,278.9331
STARLINK-36274,6853.29893130027,53.1566,205.7099,276.7129
STARLINK-37085,6804.05250981693,53.1561,198.0346,1.8929
STARLINK-37086,6796.84953736918,53.1564,199.3031,279.7222
STARLINK-37084,6796.72892421558,53.1558,200.8736,246.5285
STARLINK-37075,6796.7676277007,53.158,200.7211,277.7836
STARLINK-36333,6853.35438044478,53.1579,205.7509,282.2144
STARLINK-36745,6840.85112149226,53.1575,198.5362,275.8315
STARLINK-36890,6853.36126575958,53.1563,205.6578,283.7458
STARLINK-36323,6796.81490963654,53.1581,200.7803,277.4856
STARLINK-37056,6796.83197485337,53.1557,199.0949,273.0864
STARLINK-37162,6840.86759954375,53.159,228.1088,270.8967
STARLINK-37156,6840.83738985849,53.1586,227.7511,276.4319
STARLINK-37163,6840.82557535861,53.1574,226.1802,278.6698
STARLINK-37133,6840.60776970278,53.1593,227.788,290.9772
STARLINK-37042,6840.88005623186,53.1578,226.3326,270.5072
STARLINK-37103,6840.83671516744,53.1582,225.6647,296.922
STARLINK-36999,6840.86809293571,53.158,227.7923,282.78
STARLINK-36962,6840.83948823789,53.1575,227.8524,272.2342
STARLINK-37028,6840.83002176566,53.1588,227.7104,276.9446
STARLINK-37029,6840.89385644193,53.1577,227.9501,276.373
STARLINK-36974,6840.82668695969,53.1583,228.4082,283.9784
STARLINK-37019,6840.76730609975,53.1577,226.1914,275.2738
STARLINK-37129,6840.85825780793,53.1588,226.3091,311.5348
STARLINK-37123,6840.85964881207,53.1593,226.2633,281.5486
STARLINK-37125,6840.83986868079,53.1587,228.0786,279.2556
STARLINK-36989,6840.82840786173,53.1575,226.1855,273.5604
STARLINK-36982,6840.85001285347,53.1574,228.0479,265.1924
STARLINK-36934,6840.83575514477,53.1589,228.0706,263.529
STARLINK-37070,6840.8490766039,53.1576,227.8203,277.1078
STARLINK-37134,6840.84976615911,53.1597,227.8219,274.8018
STARLINK-37160,6840.84201758971,53.1568,226.1179,262.6402
STARLINK-37124,6840.82466289495,53.1582,229.9877,291.873
STARLINK-37159,6840.84678502298,53.1569,230.1889,263.401
STARLINK-36725,6840.84466880469,53.1588,230.0284,262.4397
STARLINK-36998,6840.83592753272,53.1571,227.9021,274.8153
STARLINK-37165,6840.77375563275,53.158,227.8617,275.8137
STARLINK-37016,6840.86664248249,53.1566,226.3223,266.7085
STARLINK-37010,6840.86156590227,53.1596,226.2755,278.545
STARLINK-37151,6840.92589471681,53.1576,226.23,277.5971
STARLINK-37107,6800.25406890372,97.2837,292.6613,203.5379
STARLINK-37147,6801.69071692014,97.2821,292.6597,263.4668
STARLINK-37142,6838.7473353837,97.2853,292.7613,244.2063
STARLINK-37115,6843.63655697981,97.2864,292.6582,40.8438
STARLINK-36355,6811.21856816925,97.286,292.5663,148.1259
STARLINK-37118,6822.27872859184,97.2863,292.6404,354.4136
STARLINK-36875,6843.60888730364,97.2864,292.6761,39.0617
STARLINK-37099,6842.26377326523,97.2858,292.6695,35.2965
STARLINK-37007,6814.68835990394,97.2861,292.6912,81.4707
STARLINK-36300,6843.65181707464,97.2858,292.7081,142.544
STARLINK-36849,6822.48960159133,97.2866,292.6345,301.219
STARLINK-36277,6843.70317064091,97.2856,291.7042,284.4472
STARLINK-36307,6819.0846424022,97.2856,292.6822,73.2245
STARLINK-36264,6843.62279946285,97.2857,292.7467,199.407
STARLINK-37138,6833.23605157209,97.2861,292.5695,189.2395
STARLINK-37149,6833.18174351013,97.2848,292.742,163.7523
STARLINK-37148,6797.12774216653,97.284,290.1794,287.0902
STARLINK-37140,6843.59272298675,97.2865,292.6841,87.901
STARLINK-36854,6843.749267684,97.2863,292.7232,145.0148
STARLINK-36815,6797.14325033537,97.2822,292.6607,285.4463
STARLINK-37155,6843.59956000809,97.2862,292.716,161.0811
STARLINK-37150,6797.16471095559,97.2827,292.6318,265.187
STARLINK-37154,6799.62136725692,97.2848,292.6039,277.1816
STARLINK-37139,6843.70109684265,97.2861,292.6878,61.1416
STARLINK-37113,6824.31559234444,97.2852,292.6281,274.3053
STARLINK-36987,6853.33936777154,53.1596,257.9455,282.9274
STARLINK-37088,6840.82937382622,53.1597,251.7639,284.8383
STARLINK-36983,6840.81801410546,53.1591,253.5308,255.4029
STARLINK-37164,6853.28727491071,53.1591,258.3964,272.4218
STARLINK-36309,6840.80013943363,53.1602,254.0564,272.2921
STARLINK-37206,6853.36259743998,53.1604,258.2656,273.6644
STARLINK-37199,6853.3422938629,53.159,256.0397,293.4369
STARLINK-36245,6853.34494227685,53.1592,258.3741,269.8486
STARLINK-37204,6840.80546853458,53.1574,251.6223,276.4183
STARLINK-37001,6853.39387718625,53.1602,258.3567,271.3463
STARLINK-36932,6840.87532737985,53.1596,251.9894,43.7734
STARLINK-37205,6853.32133356314,53.1576,256.7064,259.3077
STARLINK-37180,6840.82284985732,53.1601,253.9689,271.4576
STARLINK-37191,6853.36597441716,53.1582,258.4789,267.4946
STARLINK-37217,6840.83888487934,53.159,250.1763,263.0048
STARLINK-37143,6853.36203311793,53.1581,258.434,281.1356
STARLINK-36237,6840.8377703011,53.1576,251.6414,243.9289
STARLINK-36254,6840.83054487285,53.1589,253.3717,265.2124
STARLINK-37200,6853.33147331207,53.1587,258.1813,262.7989
STARLINK-37185,6840.84358989066,53.1588,251.8737,92.2212
STARLINK-37181,6840.81837374006,53.1601,253.9292,259.3107
STARLINK-37192,6840.82617574203,53.1579,251.8264,128.0032
STARLINK-37158,6840.80411916839,53.16,254.0694,264.4358
STARLINK-36380,6855.86155993704,53.159,259.0944,277.1676
STARLINK-37214,6840.89156185124,53.1591,253.3631,277.9866
STARLINK-37169,6840.80423805525,53.1597,254.0156,277.525
STARLINK-37136,6853.35216197974,53.1582,258.2125,273.4636
STARLINK-37182,6840.81862934815,53.1611,251.7796,284.1905
STARLINK-37183,6853.31719526649,53.1589,257.8869,262.7076
STARLINK-36296,6797.32528927212,97.286,310.5588,146.6536
STARLINK-37111,6843.71657152145,97.2859,308.144,262.4306
STARLINK-36946,6843.65324222724,97.2844,308.2561,273.275
STARLINK-37121,6843.6968570161,97.2857,308.135,276.6277
STARLINK-37137,6843.69898436685,97.2854,308.2599,231.8707
STARLINK-37128,6843.65415563441,97.289,308.1591,187.7899
STARLINK-37198,6843.69476834607,97.2862,308.2744,262.6302
STARLINK-37223,6843.69070407248,97.287,308.1605,252.1537
STARLINK-37203,6843.700344087,97.2859,308.2526,260.0641
STARLINK-37197,6843.67929081523,97.2856,308.2618,301.9289
STARLINK-37193,6797.19389673492,97.2842,310.8526,275.5394
STARLINK-37216,6843.70690764718,97.2858,308.1538,262.9862
STARLINK-37215,6843.68327473878,97.2854,308.1558,140.0736
STARLINK-37184,6843.61256170152,97.285,308.1786,62.5203
STARLINK-37157,6843.70157586908,97.2852,308.2756,264.5176
STARLINK-37172,6843.70203406836,97.2859,308.1383,265.501
STARLINK-37190,6843.6910045786,97.2857,308.2642,286.6034
STARLINK-37194,6843.67953776477,97.2856,308.1682,266.5091
STARLINK-37220,6843.69253388744,97.2848,308.1575,265.5587
STARLINK-37187,6843.70016854323,97.2856,308.2798,267.2815
STARLINK-36235,6843.62694991754,97.2861,308.1786,276.2267
STARLINK-37175,6843.70335808616,97.2856,308.1422,266.6772
STARLINK-36360,6843.6798828991,97.2885,308.1728,229.6503
STARLINK-37218,6722.09220773871,97.2839,309.5926,283.8716
STARLINK-37188,6843.75191576595,97.2864,308.2752,348.4361
STARLINK-37262,6840.78280580952,53.1584,30.2325,281.5008
STARLINK-36292,6840.82096846053,53.1586,35.7689,257.1918
STARLINK-37260,6840.82808983657,53.1587,33.9186,262.4313
STARLINK-37280,6840.87629633315,53.1598,29.896,84.2971
STARLINK-37286,6840.8297958785,53.1599,29.6374,263.028
STARLINK-36250,6840.82771236751,53.1596,35.4971,247.4745
STARLINK-37251,6840.97082740195,53.1601,36.1041,275.0833
STARLINK-36293,6840.84079303836,53.1601,36.0535,274.4218
STARLINK-36290,6840.90188455222,53.159,35.5278,276.2319
STARLINK-36298,6837.87608247741,53.1599,36.0247,278.7651
STARLINK-36857,6840.81776444179,53.1592,35.577,276.8646
STARLINK-36326,6840.80317699018,53.1598,35.6172,287.8512
STARLINK-37126,6840.82208303193,53.1604,35.5502,262.2306
STARLINK-36347,6853.32863382029,53.1595,37.6278,272.8742
STARLINK-36322,6840.85713430511,53.1598,35.9256,265.1804
STARLINK-37208,6840.8254683596,53.1596,35.4774,263.1613
STARLINK-36302,6840.83025359724,53.1609,35.9745,264.9514
STARLINK-36311,6840.80936505612,53.1599,35.9596,283.3309
STARLINK-37178,6796.77247956682,53.1601,34.7477,271.3897
STARLINK-37248,6840.77919465165,53.1607,33.753,299.0314
STARLINK-37241,6843.56771058292,53.1591,37.8599,80.9485
STARLINK-37244,6840.86459163806,53.1593,36.0383,283.5117
STARLINK-36285,6853.37228647939,53.1587,37.6761,272.3295
STARLINK-36294,6853.32164707071,53.1586,37.9616,312.594
STARLINK-36249,6840.81071739708,53.1605,36.0305,285.3947
STARLINK-36252,6840.77619873171,53.1607,35.9805,295.6724
STARLINK-36299,6840.82113787535,53.16,35.9971,280.6696
STARLINK-37234,6796.87079386811,53.1597,34.7495,296.7853
STARLINK-37173,6796.8399269593,53.1593,34.7312,276.751
STARLINK-37326,6840.81203110037,53.1597,271.6505,254.1373
STARLINK-36308,6840.82425570443,53.1593,271.9406,259.1221
STARLINK-37263,6840.82714765012,53.1597,271.6129,269.8603
STARLINK-37289,6840.81689656352,53.1597,271.6279,246.0398
STARLINK-37290,6840.85769902869,53.1582,271.584,288.1271
STARLINK-37245,6840.82413087231,53.1591,271.556,292.2581
STARLINK-37145,6841.24979988436,53.1594,271.5844,252.6357
STARLINK-36204,6840.83491103844,53.1594,271.547,274.9312
STARLINK-36304,6840.79884951338,53.1601,271.5223,272.6373
STARLINK-37288,6840.98970190597,53.1597,271.504,295.4031
STARLINK-37295,6840.80842287611,53.1596,271.5338,260.6264
STARLINK-37254,6840.85309207653,53.1597,271.4623,283.5797
STARLINK-37255,6840.85736019453,53.1597,271.4522,270.0162
STARLINK-37146,6841.0297965403,53.1598,271.4712,277.0571
STARLINK-37144,6840.85062810336,53.1606,271.414,278.0427
STARLINK-37210,6840.84358691845,53.1596,271.4313,273.1663
STARLINK-37227,6840.82284688513,53.1603,271.4131,250.8338
STARLINK-37294,6840.83525878644,53.1612,271.3987,275.8278
STARLINK-37291,6840.82166692522,53.1608,271.3832,262.7595
STARLINK-37114,6840.80408350233,53.1609,271.3656,263.6325
STARLINK-37233,6840.84707927257,53.1598,271.3143,216.0014
STARLINK-36238,6840.81690845226,53.1612,271.3555,269.3193
STARLINK-37008,6840.95117724955,53.1602,271.0054,310.0408
STARLINK-37161,6840.85865311459,53.1608,270.9962,290.1742
STARLINK-37212,6840.86379210637,53.1602,270.9901,283.3962
STARLINK-37261,6840.83897107341,53.1609,271.2692,284.7298
STARLINK-37283,6841.00369884664,53.1596,271.9762,260.0354
STARLINK-37256,6840.82235350133,53.1599,270.9848,268.9371
STARLINK-37228,6840.8195388376,53.1593,271.6716,257.4846
STARLINK-37135,6843.68605962082,97.2848,5.2323,279.7254
STARLINK-37189,6843.65165938556,97.2835,4.8925,257.5933
STARLINK-37130,6843.5109864992,97.2849,5.142,256.5975
STARLINK-37131,6843.67943958001,97.2853,5.1381,264.0712
STARLINK-37253,6843.62128804435,97.286,5.2711,264.9918
STARLINK-37246,6843.6528316404,97.2826,5.0182,254.9185
STARLINK-37243,6843.71750280177,97.2843,5.2571,273.8841
STARLINK-37250,6843.69375078945,97.2842,5.1369,267.6776
STARLINK-37105,6843.67094512413,97.2859,5.3278,266.3452
STARLINK-37177,6843.68426848909,97.2859,5.2464,276.6799
STARLINK-36386,6843.58962580386,97.2834,4.9032,244.3925
STARLINK-36187,6843.67706827041,97.2855,5.2831,261.6969
STARLINK-37170,6843.6580829912,97.2846,5.2478,265.9526
STARLINK-37176,6843.73865455431,97.2857,5.2749,312.4092
STARLINK-37152,6843.66340873403,97.286,5.2493,266.2282
STARLINK-37186,6843.68499446261,97.2838,5.1474,270.2029
STARLINK-37179,6843.67824946201,97.2848,4.9992,263.0002
STARLINK-37226,6843.63046665181,97.2844,4.9164,280.3552
STARLINK-37211,6843.69453627172,97.287,5.283,270.7901
STARLINK-37269,6843.74398640462,97.2844,4.9064,286.8446
STARLINK-37252,6843.68710097701,97.2844,4.9048,276.8046
STARLINK-37284,6843.71559858675,97.284,4.9005,270.6979
STARLINK-37231,6843.66875531421,97.2841,5.303,267.3853
STARLINK-37249,6843.66702667474,97.2847,5.2646,268.3326
STARLINK-37285,6797.18204746964,97.2844,5.6665,279.234
STARLINK-37195,6843.64575646528,97.2856,37.1281,277.9057
STARLINK-37222,6843.66219482079,97.2837,37.1358,273.7443
STARLINK-37153,6843.65930880372,97.2867,37.1352,267.2306
STARLINK-37171,6843.7577653583,97.2859,36.8861,249.3286
STARLINK-37109,6843.66067742999,97.2867,37.146,264.0864
STARLINK-36295,6843.67331047785,97.2847,37.1458,262.711
STARLINK-37221,6843.68179601517,97.2848,36.92,266.8677
STARLINK-37302,6843.62390922539,97.2856,37.1552,261.4219
STARLINK-37298,6843.66743428842,97.2867,37.1538,271.3002
STARLINK-37224,6843.66955566573,97.2863,37.1581,255.8724
STARLINK-37296,6843.67495878844,97.2865,37.1609,260.7711
STARLINK-37316,6843.66910937303,97.2846,36.911,267.6876
STARLINK-36672,6843.66231680715,97.2854,37.1685,266.0976
STARLINK-36669,6843.65420918924,97.2851,37.175,266.9484
STARLINK-37312,6843.66169497432,97.2851,36.9373,276.0178
STARLINK-36168,6843.65416456022,97.2853,36.9288,286.9688
STARLINK-37122,6843.6687939929,97.285,36.9288,272.1463
STARLINK-37310,6843.67554194549,97.2851,36.9319,272.1445
STARLINK-37306,6843.58931340808,97.2854,36.9429,272.3041
STARLINK-37307,6843.67966867778,97.2853,36.9398,270.5238
STARLINK-37300,6843.65409315378,97.2872,37.281,265.048
STARLINK-37304,6843.66559853968,97.2879,37.276,263.7685
STARLINK-37287,6843.65154930075,97.2874,37.2726,262.9108
STARLINK-36278,6728.28691004544,97.285,39.669,284.2706
STARLINK-37213,6843.58093526422,97.2867,37.2661,266.5901
STARLINK-37358,6840.78897005216,53.1594,303.4152,265.0693
STARLINK-37334,6840.73938603869,53.1599,302.1842,266.1451
STARLINK-36955,6840.81182007559,53.1593,303.384,291.5066
STARLINK-36275,6840.7877098587,53.1607,303.3904,275.0645
STARLINK-36271,6840.83408773779,53.1605,303.3654,279.2639
STARLINK-37356,6840.79506000463,53.1607,303.3528,281.9026
STARLINK-35369,6837.79357246206,53.1611,303.3552,282.1484
STARLINK-37319,6840.79390383399,53.1616,303.3137,287.2386
STARLINK-37112,6840.71730638801,53.1605,303.333,277.5871
STARLINK-37340,6840.81177846508,53.1605,302.0919,265.3348
STARLINK-37303,6840.76596864089,53.1611,303.2824,256.2136
STARLINK-36859,6840.81437615148,53.1604,303.2681,260.0109
STARLINK-37320,6840.92569260016,53.1602,301.9651,6.0629
STARLINK-37318,6840.9058406567,53.16,301.9423,7.1468
STARLINK-37305,6840.84715357802,53.162,303.2218,270.7651
STARLINK-37225,6840.80258255615,53.1609,303.2176,266.5697
STARLINK-37322,6840.79813322152,53.1607,303.1954,274.3124
STARLINK-36337,6840.89575869474,53.1596,301.8589,57.6972
STARLINK-36685,6840.89067611597,53.1592,301.8204,64.348
STARLINK-36684,6840.82309357707,53.1615,303.154,285.1042
STARLINK-36686,6840.83157028211,53.1602,303.1313,227.0027
STARLINK-36681,6840.81604354645,53.1599,302.7908,251.9066
STARLINK-36680,6840.85670630415,53.1601,302.8094,289.7289
STARLINK-37271,6840.81091653306,53.1598,302.7957,252.8006
STARLINK-37273,6840.82277852472,53.1595,303.1523,271.8325
STARLINK-37274,6840.92478604772,53.1583,301.6539,153.8602
STARLINK-37275,6837.81233599055,53.159,302.7696,274.4551
STARLINK-37272,6840.80037720702,53.1598,302.7546,265.7309
STARLINK-37270,6840.80951960934,53.1594,302.7455,245.569
STARLINK-37242,6843.68464337703,97.2862,29.4059,260.0697
STARLINK-37264,6843.75371586806,97.2867,29.3803,259.5919
STARLINK-37230,6843.63864560543,97.2845,29.1679,267.0149
STARLINK-37202,6843.64574456424,97.286,29.3769,268.4565
STARLINK-37167,6843.6630070715,97.2856,29.3739,263.8302
STARLINK-37278,6843.67947528356,97.2845,29.2021,264.2442
STARLINK-37349,6843.77345161068,97.2844,29.1848,266.3973
STARLINK-37339,6843.65475068811,97.2841,29.1878,283.677
STARLINK-37327,6843.68002571331,97.2869,29.3885,271.1393
STARLINK-37348,6843.67843988086,97.2862,29.4004,274.3084
STARLINK-37331,6843.68472073487,97.2839,29.3915,264.6842
STARLINK-37338,6843.59143472485,97.2841,29.1475,228.9035
STARLINK-37314,6843.67699091279,97.2859,29.4126,261.3407
STARLINK-36314,6843.6786392256,97.2861,29.3847,274.7109
STARLINK-37351,6843.67567583361,97.2855,29.4103,264.8522
STARLINK-37354,6843.64166846242,97.2851,29.5163,265.2689
STARLINK-37344,6843.66947830833,97.2841,29.168,267.2477
STARLINK-37267,6843.68650294097,97.2867,29.5175,256.9128
STARLINK-37347,6843.6845779204,97.2854,29.4169,265.0645
STARLINK-37268,6843.76028253159,97.2844,29.1888,275.6696
STARLINK-37325,6843.66749974464,97.2856,29.3916,262.2833
STARLINK-37324,6843.66195679865,97.2851,29.1817,268.506
STARLINK-37350,6843.67359610561,97.2865,28.4559,260.7132
STARLINK-37277,6843.66723196921,97.2846,29.3642,260.7297
STARLINK-37342,6843.68123963446,97.2842,29.1744,261.7999
STARLINK-37168,6843.81744619639,97.2843,202.8249,350.9638
STARLINK-37174,6843.65049010649,97.2841,202.5982,267.8401
STARLINK-37279,6843.6999334931,97.2851,202.605,272.5452
STARLINK-36379,6843.69073382556,97.2837,202.5995,275.157
STARLINK-37417,6843.69487545732,97.2839,202.6147,266.5143
STARLINK-36759,6843.6927005048,97.2841,202.6738,243.2504
STARLINK-37399,6843.69486950669,97.283,202.6167,256.0842
STARLINK-37281,6843.69292960369,97.2837,202.6176,262.1374
STARLINK-37381,6843.69401261685,97.284,202.4317,265.662
STARLINK-37418,6843.67708612217,97.2844,202.4316,233.6526
STARLINK-37393,6843.69644344741,97.284,202.4421,261.9182
STARLINK-37400,6843.60863441004,97.2837,202.4469,250.6289
STARLINK-37389,6843.69104623291,97.2843,202.4376,261.8212
STARLINK-37391,6843.59432067037,97.2838,202.446,264.6742
STARLINK-37266,6843.65590211738,97.2838,202.7104,277.8997
STARLINK-37236,6843.68216495217,97.2836,202.7132,262.3615
STARLINK-37390,6843.65691370939,97.2837,202.7182,268.207
STARLINK-37364,6843.67069817537,97.2843,202.7244,278.4578
STARLINK-37401,6843.69676775667,97.2843,202.7196,268.8983
STARLINK-37335,6843.6386902342,97.2839,202.5471,268.1152
STARLINK-37404,6843.71802646114,97.2838,202.7322,263.0589
STARLINK-37292,6843.60751275283,97.2836,202.7423,292.2867
STARLINK-37403,6843.63616424697,97.2839,202.5441,266.2805
STARLINK-37413,6843.66941285206,97.2845,202.7296,275.1418
STARLINK-37313,6797.21763637118,97.2835,203.1928,273.7774
STARLINK-37471,6797.41698612291,97.2828,12.869,245.6931
STARLINK-37460,6797.20690729354,97.2844,12.8562,274.3408
STARLINK-37473,6801.72709148495,97.2837,12.9333,67.11
STARLINK-36832,6831.8431596015,97.2852,13.0229,160.0701
STARLINK-37370,6797.1462689104,97.2844,12.8631,270.6743
STARLINK-37366,6797.11023342736,97.2842,12.8455,272.2789
STARLINK-37446,6797.18277287368,97.2844,12.5996,254.7515
STARLINK-37405,6797.14776942423,97.2826,12.8622,267.6996
STARLINK-37447,6843.66943367905,97.2859,12.9862,249.9947
STARLINK-37442,6832.00023013215,97.2849,13.0632,289.2448
STARLINK-37431,6806.53962809791,97.284,13.0243,170.2079
STARLINK-37426,6843.66490827467,97.2855,12.9983,263.4651
STARLINK-37459,6810.53959509236,97.2847,13.0357,210.9536
STARLINK-37425,6843.80538674177,97.2845,13.0831,346.076
STARLINK-37315,6798.66532095703,97.2857,12.9858,229.8757
STARLINK-37444,6811.79486422572,97.2842,13.0577,256.5261
STARLINK-37450,6840.90047272068,97.284,13.0997,331.2859
STARLINK-37409,6797.13394893341,97.2841,12.6578,274.4091
STARLINK-37470,6843.83322503009,97.2843,13.1202,62.6176
STARLINK-37421,6797.16436580594,97.285,12.6598,7.7363
STARLINK-37462,6843.84328806374,97.2843,13.1145,47.5478
STARLINK-37410,6797.16556212993,97.2856,12.9861,273.4814
STARLINK-37443,6843.79788271121,97.2843,13.1341,71.671
STARLINK-37015,6843.95328163528,97.2843,13.1424,77.371
STARLINK-37475,6843.65612228737,97.2833,180.4015,285.9586
STARLINK-37452,6843.66344443737,97.2828,180.4082,273.2235
STARLINK-37495,6843.66329269818,97.2828,180.4114,277.0162
STARLINK-37524,6843.65410803012,97.2818,180.4145,275.4193
STARLINK-37219,6722.12807648849,97.283,181.9217,280.1704
STARLINK-37538,6843.6503324175,97.2824,180.4195,274.2885
STARLINK-37539,6843.65832398828,97.2826,180.4247,273.5471
STARLINK-37547,6843.73671164491,97.2828,180.42,257.122
STARLINK-37465,6843.63308486639,97.2829,180.4283,272.9049
STARLINK-37373,6843.66949318475,97.2833,180.4323,269.5965
STARLINK-37492,6843.66157596326,97.2824,180.4367,278.5091
STARLINK-37482,6843.67517895997,97.2828,180.1183,264.2074
STARLINK-37382,6843.70672020168,97.2831,180.3096,267.5459
STARLINK-37423,6843.68223635934,97.2838,180.3209,269.2749
STARLINK-37476,6843.6973181899,97.2836,180.3175,257.7748
STARLINK-37463,6843.67392636274,97.283,180.3251,268.0107
STARLINK-37467,6843.66152835884,97.283,180.5189,252.4351
STARLINK-37483,6843.65679767382,97.283,180.5258,261.0981
STARLINK-37468,6843.65483102037,97.2829,180.5278,257.0738
STARLINK-37441,6843.65309941442,97.2832,180.5316,258.8397
STARLINK-37488,6843.65142731487,97.2836,180.5365,259.6093
STARLINK-37388,6843.65112978837,97.2837,180.5414,268.94
STARLINK-37479,6843.65933855646,97.2829,180.5498,264.9605
STARLINK-37453,6843.65790745014,97.2836,180.538,280.6278
STARLINK-37430,6843.66974310869,97.2832,180.5461,265.6612
STARLINK-37527,6843.6037461301,97.2824,1.2575,262.8185
STARLINK-37432,6843.6809659071,97.284,1.3673,271.1282
STARLINK-37534,6843.67483977681,97.284,1.3851,271.5109
STARLINK-37386,6843.65998716622,97.2843,1.3437,277.4922
STARLINK-37514,6843.67451547015,97.2836,1.2694,264.8417
STARLINK-36961,6843.6857085351,97.2839,1.0341,277.5534
STARLINK-37360,6843.68279571555,97.2841,1.1436,256.5032
STARLINK-37564,6843.68752942081,97.2834,1.3752,289.4205
STARLINK-37567,6843.67455117364,97.2838,1.0271,274.6602
STARLINK-37528,6843.72830924713,97.2837,1.3776,289.5559
STARLINK-37494,6843.71515228654,97.2839,1.0384,287.0404
STARLINK-37541,6843.68104028953,97.2847,1.2611,258.863
STARLINK-37551,6843.75336477368,97.2847,1.2645,256.8349
STARLINK-37566,6843.67329857669,97.2842,1.0158,267.7396
STARLINK-37544,6843.68174245981,97.2833,1.0207,277.5633
STARLINK-37493,6843.68165617616,97.2843,1.0323,265.4263
STARLINK-37543,6843.68857672817,97.2837,1.0491,270.8104
STARLINK-37477,6843.66591391944,97.2838,1.3812,280.6883
STARLINK-37504,6843.67824648672,97.2843,1.3623,273.4359
STARLINK-37540,6843.65773785962,97.2843,1.3711,287.4568
STARLINK-37516,6843.63417678162,97.2853,1.403,259.0506
STARLINK-37507,6843.68149848537,97.2857,1.395,265.567
STARLINK-37542,6843.66609541158,97.2833,1.3942,260.6363
STARLINK-37529,6843.68241785257,97.285,1.4058,257.8921
STARLINK-37258,6840.83878679644,53.1588,173.0128,319.7013
STARLINK-37308,6840.83289588422,53.1598,173.0174,4.4317
STARLINK-37337,6840.96597652683,53.1592,172.2047,136.0727
STARLINK-37301,6840.86698429004,53.1592,172.9729,279.8329
STARLINK-36794,6840.94756884181,53.1589,172.1633,152.794
STARLINK-36760,6840.83888487934,53.1598,175.0783,287.9343
STARLINK-37047,6837.87667924489,53.1593,172.9849,264.6462
STARLINK-36242,6840.85227174263,53.1606,175.0478,277.6862
STARLINK-37033,6840.95603998779,53.1585,172.0633,207.9025
STARLINK-36978,6837.94875546288,53.1584,172.0575,221.3297
STARLINK-36965,6840.9415647472,53.1579,172.0165,198.5317
STARLINK-36765,6840.96257021892,53.1577,171.9742,261.1676
STARLINK-36764,6837.81992159913,53.1579,172.851,275.7923
STARLINK-36731,6840.84282900389,53.1581,172.832,276.0055
STARLINK-36664,6840.86087634409,53.1577,172.8163,287.1548
STARLINK-36402,6840.82887449684,53.1582,174.6366,296.053
STARLINK-36671,6843.3578587638,53.1601,172.2972,274.1273
STARLINK-36665,6840.96519777194,53.1571,171.8329,293.4924
STARLINK-36303,6843.34712220426,53.1591,172.289,273.7515
STARLINK-37257,6837.84818893871,53.1577,172.7839,264.9654
STARLINK-37367,6840.8588373929,53.1577,174.5763,278.0468
STARLINK-37259,6837.77022511203,53.1576,174.5849,282.2276
STARLINK-37387,6796.85693383984,53.1575,179.1547,271.2298
STARLINK-37362,6837.84032417011,53.1574,174.5622,285.8047
STARLINK-36667,6840.7531052922,53.1579,174.5295,254.3865
STARLINK-36735,6840.88011270469,53.1584,174.819,273.3275
STARLINK-37371,6840.86224654392,53.1585,174.4941,297.1951
STARLINK-37293,6840.92889674527,53.1586,174.4874,275.6374
STARLINK-36248,6840.86505827933,53.1586,174.4805,266.177
STARLINK-37592,6843.66265896402,97.2838,20.435,270.5686
STARLINK-37637,6843.87694385396,97.2836,20.813,346.5063
STARLINK-37548,6843.66987402123,97.2848,20.7112,263.9998
STARLINK-37634,6843.66772289085,97.2841,20.8211,275.7893
STARLINK-37635,6843.65517020104,97.2862,20.7046,256.316
STARLINK-37615,6843.67451547015,97.285,20.7238,258.304
STARLINK-37240,6843.67476241926,97.284,20.4911,265.7935
STARLINK-37596,6827.37982717317,97.2842,20.8595,121.016
STARLINK-37591,6843.68040060067,97.286,20.7172,264.9309
STARLINK-37611,6843.70118015159,97.2854,20.7072,254.8153
STARLINK-37512,6843.81138819577,97.2839,20.8568,75.3874
STARLINK-37609,6843.84190744428,97.2834,20.8193,332.9359
STARLINK-37608,6843.74812514157,97.2838,20.839,33.9375
STARLINK-37466,6809.64017028811,97.2839,20.8557,87.6692
STARLINK-37612,6843.6769879375,97.2859,20.7009,258.4777
STARLINK-37616,6843.66681840499,97.2866,20.6979,252.6203
STARLINK-37614,6843.69647617587,97.2839,20.453,264.4752
STARLINK-37644,6843.74121038974,97.2839,20.4711,271.6803
STARLINK-37571,6843.62603949468,97.2847,20.7188,236.8558
STARLINK-37664,6843.83327561296,97.2836,20.8069,336.4977
STARLINK-37667,6843.62781571211,97.2843,20.4875,261.2333
STARLINK-37666,6843.66577110596,97.284,20.829,293.9285
STARLINK-37576,6843.66595259809,97.2857,20.8394,253.7923
STARLINK-37663,6843.68197155777,97.284,20.4971,265.4773
STARLINK-37726,6797.20224770458,97.2836,2.1052,272.5728
STARLINK-37722,6797.14932258854,97.2827,2.1976,358.4781
STARLINK-37715,6843.82838098095,97.2841,2.309,57.7894
STARLINK-37706,6843.831439753,97.2841,2.3167,75.1832
STARLINK-37723,6843.85777568366,97.2841,2.3233,82.8953
STARLINK-37720,6797.10097893721,97.2838,1.725,278.6882
STARLINK-37533,6843.85575235156,97.2843,2.3408,126.0139
STARLINK-37530,6843.84136293292,97.2838,2.3495,150.2875
STARLINK-37660,6801.38574052776,97.2831,2.2817,89.8201
STARLINK-37633,6797.14186682294,97.2828,2.2251,264.1942
STARLINK-37361,6843.88814369767,97.2837,2.3665,193.1208
STARLINK-37372,6798.26800681056,97.283,2.2959,315.9138
STARLINK-37531,6831.84114217533,97.2832,2.388,216.6971
STARLINK-37662,6797.64587755362,97.2828,2.2963,299.6736
STARLINK-37658,6797.17948223189,97.2829,1.8619,268.2763
STARLINK-37659,6797.34136605407,97.2836,2.112,258.3878
STARLINK-37653,6797.16648935451,97.2843,2.1087,262.9578
STARLINK-37654,6797.22756987339,97.2829,1.9078,270.5635
STARLINK-37655,6811.87758323545,97.2841,2.3845,208.2008
STARLINK-37636,6842.25965758832,97.2846,2.4264,319.4491
STARLINK-37638,6841.90663048346,97.2845,2.4331,326.2098
STARLINK-37657,6797.07409605044,97.2828,2.2347,267.8202
STARLINK-37639,6835.72807662758,97.2843,2.4489,350.4661
STARLINK-37661,6797.14420387712,97.2835,1.878,261.1638
STARLINK-37395,6750.66964778568,53.159,163.2194,110.3201
STARLINK-37346,6796.44930103399,53.1595,163.6727,237.8835
STARLINK-37332,6797.00518920976,53.1583,163.9981,67.8065
STARLINK-37297,6745.05069477088,53.159,163.1603,114.1852
STARLINK-37317,6732.35250177641,53.1597,163.0575,152.2139
STARLINK-37374,6797.0043585594,53.1589,164.1746,333.1218
STARLINK-37235,6797.01021991453,53.1588,164.4173,223.3604
STARLINK-37329,6732.40712748267,53.1597,163.061,148.9832
STARLINK-37345,6727.71565221711,53.1596,163.0256,167.9791
STARLINK-37353,6725.71307934051,53.1588,162.9572,351.2986
STARLINK-37363,6733.6428817295,53.1597,163.0185,190.2672
STARLINK-37343,6797.0048382307,53.1589,164.1756,338.7432
STARLINK-37328,6705.81772527303,53.1569,168.9418,338.3413
STARLINK-37311,6716.36159210065,53.1564,163.0111,197.9598
STARLINK-36286,6712.08659205312,53.1564,167.4332,212.3293
STARLINK-37196,6713.96653593462,53.1566,164.9214,311.2365
STARLINK-36288,6749.19845815832,53.1589,163.2333,78.4048
STARLINK-37445,6756.67393557827,53.1596,163.2848,67.6345
STARLINK-37491,6731.79651236674,53.1589,163.1474,114.3528
STARLINK-37474,6713.83966505017,53.157,165.21,283.9024
STARLINK-37469,6797.01508391294,53.1588,164.3648,241.3977
STARLINK-37515,6742.60850149225,53.1593,163.1389,118.2748
STARLINK-37437,6731.01543711247,53.1595,162.9721,2.5491
STARLINK-37392,6744.81010131947,53.16,163.0758,138.9039
STARLINK-37472,6787.40126699161,53.1588,163.378,352.0093
STARLINK-37461,6797.01336410974,53.1584,164.2723,291.7837
STARLINK-37333,6756.11068726589,53.159,163.2485,77.4
STARLINK-37385,6797.00669257056,53.1586,164.1855,334.0576
STARLINK-37414,6745.39363260956,53.1599,163.0864,147.0521
STARLINK-37380,6713.9380283201,53.158,215.3075,247.0378
STARLINK-37089,6714.043174162,53.1579,216.2491,300.5695
STARLINK-37428,6713.98146064665,53.158,213.7113,257.2124
STARLINK-37237,6713.99346401001,53.1584,214.6416,294.6434
STARLINK-37365,6713.98908186854,53.158,213.6942,243.1172
STARLINK-37209,6713.86872468109,53.1578,213.6897,265.132
STARLINK-37359,6713.9203441645,53.158,213.6868,255.4916
STARLINK-37440,6706.03129680522,53.1576,214.3167,306.1058
STARLINK-37282,6713.9500938878,53.1582,213.9591,249.6362
STARLINK-37422,6705.82256066675,53.1574,214.5037,262.4245
STARLINK-37424,6714.07893847108,53.1578,213.9603,268.1291
STARLINK-36666,6705.97183157929,53.157,213.8699,288.0552
STARLINK-37355,6705.92645587221,53.157,213.8655,274.6868
STARLINK-37166,6706.0385759281,53.1572,213.8543,304.7309
STARLINK-36933,6705.98199781111,53.1574,214.4938,276.9236
STARLINK-37419,6705.92649828963,53.1571,213.8495,270.3376
STARLINK-37321,6706.06112606351,53.1575,214.4786,319.7579
STARLINK-37406,6705.97532683573,53.1575,214.474,225.074
STARLINK-37761,6705.99360348141,53.1574,214.7841,283.1437
STARLINK-37754,6705.91587698964,53.157,214.4616,245.9316
STARLINK-37649,6705.90800718773,53.1571,214.4577,231.4821
STARLINK-37604,6705.9979386533,53.1574,215.0868,280.5195
STARLINK-37669,6706.01698464803,53.1574,214.7642,281.142
STARLINK-37691,6714.03513583815,53.1577,214.5142,306.8116
STARLINK-37671,6714.06932582665,53.158,213.4764,324.4364
STARLINK-37647,6705.97113874987,53.1574,214.4426,270.9115
STARLINK-37562,6713.89193347222,53.1583,213.8472,281.3578
STARLINK-37682,6705.89121005931,53.1571,213.7882,277.4413
STARLINK-37402,6705.94374526649,53.1569,213.7835,282.6242
STARLINK-37613,6797.40222233201,97.2834,183.0098,156.1048
STARLINK-37713,6792.5110393873,97.2842,183.1359,114.983
STARLINK-37716,6778.33275477628,97.2842,183.1889,199.3273
STARLINK-37620,6797.40437531892,97.2834,182.9751,82.4538
STARLINK-37700,6797.20864476943,97.2833,182.8283,266.3134
STARLINK-37766,6761.52109302768,97.2847,183.2157,321.0623
STARLINK-37763,6781.08165085473,97.2842,183.179,209.5864
STARLINK-37724,6752.50053842983,97.2846,183.2498,12.2255
STARLINK-37758,6751.85680508045,97.2848,183.257,33.7703
STARLINK-37201,6752.08343083316,97.284,183.2561,27.0362
STARLINK-37728,6757.06234972591,97.2848,183.2529,32.3162
STARLINK-37760,6747.47315979748,97.2843,183.2616,46.168
STARLINK-37759,6782.03389746484,97.2842,183.1903,204.7628
STARLINK-37725,6782.77287788082,97.2847,183.1952,204.6839
STARLINK-37770,6744.48828201962,97.2843,183.2653,56.0111
STARLINK-37736,6750.96980434082,97.2843,183.2581,42.2663
STARLINK-37737,6742.98547325692,97.2841,183.2738,66.7647
STARLINK-37618,6787.44038575839,97.2842,183.1879,224.769
STARLINK-37679,6786.65525915407,97.2849,183.1948,203.2849
STARLINK-37746,6792.40085275285,97.2842,183.1744,174.2129
STARLINK-37557,6797.39628407534,97.2839,183.1153,27.9562
STARLINK-37745,6739.30552110926,97.2839,183.2936,108.9529
STARLINK-37739,6790.91688714085,97.2843,183.1718,182.3773
STARLINK-37755,6722.10913495235,97.2833,183.2898,283.8455
STARLINK-37665,6702.86899025902,53.1586,256.0149,272.5548
STARLINK-37558,6702.78912572687,53.1586,256.0083,239.2237
STARLINK-37680,6702.82423193323,53.1586,255.3644,309.9412
STARLINK-37742,6702.80588084019,53.1589,255.353,320.5958
STARLINK-37718,6702.88292124974,53.1589,255.3446,335.4989
STARLINK-37735,6702.43346298727,53.1586,255.978,278.5653
STARLINK-37757,6702.85021234715,53.1589,255.962,280.9899
STARLINK-37767,6702.73585578242,53.1583,254.6642,287.335
STARLINK-35759,6702.71659017393,53.1583,254.6599,286.3713
STARLINK-37238,6702.71590100944,53.1585,254.6285,283.9117
STARLINK-37412,6702.73100335545,53.1584,254.6057,291.6592
STARLINK-37398,6705.85281176635,53.1592,254.6247,277.5405
STARLINK-37499,6702.75638689918,53.1588,255.2275,316.2385
STARLINK-37489,6702.70254989466,53.1588,255.5335,278.3026
STARLINK-37434,6702.8023501687,53.1583,255.1941,261.5135
STARLINK-37368,6702.80112149611,53.1584,255.1489,280.0993
STARLINK-37517,6702.80076842938,53.1582,255.14,329.9163
STARLINK-37378,6702.84123300406,53.1583,255.1379,326.5583
STARLINK-37396,6702.86343426568,53.1581,254.8036,308.7809
STARLINK-37508,6705.9081316113,53.1584,254.806,314.899
STARLINK-37276,6706.13667068123,53.1583,254.2557,5.3438
STARLINK-37518,6706.09271749879,53.1583,254.2714,299.2791
STARLINK-37478,6706.07784790033,53.1585,254.2738,322.521
STARLINK-37506,6706.08479344614,53.1581,254.2676,340.8507
STARLINK-37503,6706.11402941392,53.1585,254.2644,305.3208
STARLINK-37502,6706.16722227202,53.1583,254.2576,351.3892
STARLINK-37486,6706.10100921635,53.1579,254.2431,346.8754
STARLINK-37435,6706.0970669709,53.1581,254.26,330.3102
STARLINK-37464,6702.98506711174,53.1575,254.2257,0.74
STARLINK-37501,6723.87816375885,97.2845,191.6167,191.2965
STARLINK-37496,6721.03406732947,97.2844,191.6174,169.7207
STARLINK-37519,6725.595628623,97.2846,191.6265,216.9185
STARLINK-37455,6709.47766104766,97.2829,189.1634,323.544
STARLINK-37456,6722.65600671441,97.2848,191.629,195.9205
STARLINK-37630,6773.94373985279,97.2833,191.553,31.1161
STARLINK-37804,6775.93021619122,97.2842,191.5553,49.613
STARLINK-37730,6706.21600995016,97.2823,191.5824,272.3202
STARLINK-37731,6779.13474941003,97.2846,191.5547,45.5755
STARLINK-37734,6727.94243014001,97.2839,191.634,220.4442
STARLINK-37701,6708.32086739604,97.2822,191.5165,304.0589
STARLINK-37732,6706.08306836997,97.2821,191.6528,259.4299
STARLINK-37689,6777.91086255083,97.2841,191.5611,56.2612
STARLINK-37619,6706.15072329511,97.2823,191.5875,273.2845
STARLINK-37794,6733.26697720621,97.2847,191.6426,250.1732
STARLINK-37795,6774.28693962496,97.2838,191.5685,79.9742
STARLINK-37790,6710.00963607394,97.2821,191.525,342.7017
STARLINK-37676,6706.23006863598,97.2819,191.5949,281.8599
STARLINK-37617,6713.54177800617,97.2819,191.6617,173.4645
STARLINK-37627,6707.92414921425,97.2817,191.529,287.7173
STARLINK-37738,6712.69592515064,97.2818,191.6595,285.0138
STARLINK-37799,6706.23985970149,97.2817,191.5951,276.6204
STARLINK-37802,6706.08400160776,97.2818,191.5986,263.6174
STARLINK-37803,6738.24737178505,97.2846,191.652,225.1042
STARLINK-37733,6706.33692384394,97.2842,195.2267,129.7123
STARLINK-37772,6706.33356104437,97.284,195.2397,125.2942
STARLINK-37768,6706.19580867244,97.2839,195.2439,129.6374
STARLINK-37833,6706.3640865948,97.2836,195.2454,135.5247
STARLINK-37818,6706.37577028245,97.2838,195.2407,115.4402
STARLINK-37868,6706.32954209433,97.2843,195.2582,170.9411
STARLINK-37877,6706.29186154872,97.2842,195.2575,169.1988
STARLINK-37791,6706.44831436606,97.2828,195.2619,222.2244
STARLINK-37765,6706.34316299374,97.2834,195.2642,188.4201
STARLINK-37788,6706.35352578414,97.2834,195.265,181.9451
STARLINK-37743,6706.4115117654,97.2835,195.2594,159.8369
STARLINK-37780,6706.33264186104,97.2835,195.2623,174.8991
STARLINK-37781,6706.29627356453,97.2831,195.2565,163.1034
STARLINK-37782,6704.33498272113,97.283,195.2817,232.2807
STARLINK-37776,6703.89016943784,97.283,195.2838,235.7107
STARLINK-37786,6702.58949033773,97.2832,195.2903,240.7141
STARLINK-37785,6702.15423437268,97.2821,195.29,254.3417
STARLINK-37773,6705.90018265371,97.2835,195.2878,245.3048
STARLINK-37744,6704.89024306377,97.2837,195.2912,271.2965
STARLINK-37775,6706.63737546306,97.2836,195.2885,199.4482
STARLINK-37777,6706.90460163445,97.283,195.2894,217.1366
STARLINK-37779,6706.44038077781,97.2831,195.2913,225.5641
STARLINK-37549,6706.38272791293,97.2835,195.284,233.8584
STARLINK-37778,6706.39190296217,97.2834,195.295,247.5779
STARLINK-37651,6706.15512376651,53.1587,253.186,41.544
STARLINK-37652,6706.09644763732,53.1587,253.1996,30.0097
STARLINK-37593,6706.11060467729,53.1585,253.189,19.9441
STARLINK-37597,6706.08610846396,53.1587,253.1702,43.2434
STARLINK-37598,6706.1650474782,53.1587,253.1449,57.4287
STARLINK-37602,6708.91277355939,53.159,253.1366,54.4252
STARLINK-37600,6705.150329467,53.1589,253.1009,88.0954
STARLINK-37599,6706.15992865967,53.1611,253.0231,119.8696
STARLINK-37039,6706.17659737867,53.159,253.0797,102.0512
STARLINK-37040,6693.98776287394,53.157,252.8683,183.2908
STARLINK-37582,6706.14258696693,53.1586,253.0245,146.0323
STARLINK-37309,6685.91208961559,53.1563,252.7762,240.8229
STARLINK-37436,6685.28200912885,53.1566,252.741,267.057
STARLINK-37581,6690.43143673151,53.1568,252.7648,244.5236
STARLINK-37683,6686.92212716429,53.1566,252.73,268.7047
STARLINK-37687,6685.70634687235,53.1565,252.6853,289.5628
STARLINK-37631,6688.61770411324,53.1565,252.6834,287.8867
STARLINK-37673,6690.28759476219,53.1565,252.673,280.6019
STARLINK-37645,6693.18807865379,53.157,252.687,286.893
STARLINK-37688,6695.13952160718,53.1569,252.6506,308.0691
STARLINK-37685,6695.63709717124,53.157,252.6436,306.868
STARLINK-37632,6695.07200886687,53.1567,252.6359,310.7335
STARLINK-37454,6695.52483954143,53.1566,252.6216,323.0617
STARLINK-37485,6695.53291271674,53.1566,252.6126,324.1301
STARLINK-37439,6690.68775285837,53.1555,252.5404,0.7547
STARLINK-37376,6693.00811394926,53.156,252.5644,353.9779
STARLINK-37383,6691.03214056223,53.155,252.4967,42.266
STARLINK-37411,6693.10681639084,53.1559,252.5492,355.5153
STARLINK-37427,6690.36979766089,53.1553,252.5091,10.3506
